Longitude,Latitude,Heading,Speed,xAcc,yAcc,zAcc,AngularVelocityX,AngularVelocityY,AngularVelocityZ,FailSafeLocStatus,GeoFenceJudgeStatus,GeoFenceJudgeType,PathId,LinkId,LaneId,PathOffset,PositionTimeStamp,PositionAge
1,0,0,0,0,0,0,0,0,0,0,2,0,0,0,0,0,0,0,0
2,0,0,0,0,0,0,0,0,0,0,2,0,0,0,0,0,0,0,0
3,0,0,0,0,0,0,0,0,0,0,2,0,0,0,0,0,0,0,0
4,0,0,0,0,0,0,0,0,0,0,2,0,0,0,0,0,0,0,0
5,0,0,0,0,0,0,0,0,0,0,2,0,0,0,0,0,0,0,0
6,0,0,0,0,0,0,0,0,0,0,2,0,0,0,0,0,0,0,0
7,0,0,0,0,0,0,0,0,0,0,2,0,0,0,0,0,0,0,0
8,0,0,0,0,0,0,0,0,0,0,2,0,0,0,0,0,0,0,0
9,0,0,0,0,0,0,0,0,0,0,2,0,0,0,0,0,0,0,0
10,0,0,0,0,0,0,0,0,0,0,2,0,0,0,0,0,0,0,0
11,0,0,0,0,0,0,0,0,0,0,2,0,0,0,0,0,0,0,0
12,0,0,0,0,0,0,0,0,0,0,2,0,0,0,0,0,0,0,0
13,0,0,0,0,0,0,0,0,0,0,2,0,0,0,0,0,0,0,0
14,0,0,0,0,0,0,0,0,0,0,2,0,0,0,0,0,0,0,0
15,0,0,0,0,0,0,0,0,0,0,2,0,0,0,0,0,0,0,0
16,0,0,0,0,0,0,0,0,0,0,2,0,0,0,0,0,0,0,0
17,0,0,0,0,0,0,0,0,0,0,2,0,0,0,0,0,0,0,0
18,0,0,0,0,0,0,0,0,0,0,2,0,0,0,0,0,0,0,0
19,0,0,0,0,0,0,0,0,0,0,2,0,0,0,0,0,0,0,0
20,0,0,0,0,0,0,0,0,0,0,2,0,0,0,0,0,0,0,0
21,0,0,0,0,0,0,0,0,0,0,2,0,0,0,0,0,0,0,0
22,0,0,0,0,0,0,0,0,0,0,2,0,0,0,0,0,0,0,0
23,0,0,0,0,0,0,0,0,0,0,2,0,0,0,0,0,0,0,0
24,0,0,0,0,0,0,0,0,0,0,2,0,0,0,0,0,0,0,0
25,0,0,0,0,0,0,0,0,0,0,2,0,0,0,0,0,0,0,0
26,0,0,0,0,0,0,0,0,0,0,2,0,0,0,0,0,0,0,0
27,0,0,0,0,0,0,0,0,0,0,2,0,0,0,0,0,0,0,0
28,0,0,0,0,0,0,0,0,0,0,2,0,0,0,0,0,0,0,0
29,0,0,0,0,0,0,0,0,0,0,2,0,0,0,0,0,0,0,0
30,0,0,0,0,0,0,0,0,0,0,2,0,0,0,0,0,0,0,0
31,0,0,0,0,0,0,0,0,0,0,2,0,0,0,0,0,0,0,0
32,0,0,0,0,0,0,0,0,0,0,2,0,0,0,0,0,0,0,0
33,0,0,0,0,0,0,0,0,0,0,2,0,0,0,0,0,0,0,0
34,0,0,0,0,0,0,0,0,0,0,2,0,0,0,0,0,0,0,0
35,0,0,0,0,0,0,0,0,0,0,2,0,0,0,0,0,0,0,0
36,0,0,0,0,0,0,0,0,0,0,2,0,0,0,0,0,0,0,0
37,0,0,0,0,0,0,0,0,0,0,2,0,0,0,0,0,0,0,0
38,0,0,0,0,0,0,0,0,0,0,2,0,0,0,0,0,0,0,0
39,0,0,0,0,0,0,0,0,0,0,2,0,0,0,0,0,0,0,0
40,0,0,0,0,0,0,0,0,0,0,2,0,0,0,0,0,0,0,0
41,0,0,0,0,0,0,0,0,0,0,2,0,0,0,0,0,0,0,0
42,0,0,0,0,0,0,0,0,0,0,2,0,0,0,0,0,0,0,0
43,0,0,0,0,0,0,0,0,0,0,2,0,0,0,0,0,0,0,0
44,0,0,0,0,0,0,0,0,0,0,2,0,0,0,0,0,0,0,0
45,0,0,0,0,0,0,0,0,0,0,2,0,0,0,0,0,0,0,0
46,0,0,0,0,0,0,0,0,0,0,2,0,0,0,0,0,0,0,0
47,0,0,0,0,0,0,0,0,0,0,2,0,0,0,0,0,0,0,0
48,0,0,0,0,0,0,0,0,0,0,2,0,0,0,0,0,0,0,0
49,0,0,0,0,0,0,0,0,0,0,2,0,0,0,0,0,0,0,0
50,0,0,0,0,0,0,0,0,0,0,2,0,0,0,0,0,0,0,0
51,0,0,0,0,0,0,0,0,0,0,2,0,0,0,0,0,0,0,0
52,0,0,0,0,0,0,0,0,0,0,2,0,0,0,0,0,0,0,0
53,0,0,0,0,0,0,0,0,0,0,2,0,0,0,0,0,0,0,0
54,0,0,0,0,0,0,0,0,0,0,2,0,0,0,0,0,0,0,0
55,0,0,0,0,0,0,0,0,0,0,2,0,0,0,0,0,0,0,0
56,0,0,0,0,0,0,0,0,0,0,2,0,0,0,0,0,0,0,0
57,0,0,0,0,0,0,0,0,0,0,2,0,0,0,0,0,0,0,0
58,0,0,0,0,0,0,0,0,0,0,2,0,0,0,0,0,0,0,0
59,0,0,0,0,0,0,0,0,0,0,2,0,0,0,0,0,0,0,0
60,120.6464198,31.41821581,-57.63232422,0,0,0,0,0,0,0,2,0,0,0,106643679,3,0,5427012777,0
61,120.6464198,31.41821581,-57.63232422,0,0,0,0,0,0,0,2,0,0,0,106643679,3,0,5427062785,0
62,120.6464198,31.41821581,-57.63232422,0,0,0,0,0,0,0,2,0,0,0,106643679,3,0,5427152803,0
63,120.6464198,31.41821581,-57.63232422,0,0,0,0,0,0,0,2,0,0,0,106643679,3,0,5427152803,0
64,120.6464198,31.41821581,-57.63232422,0,0,0,0,0,0,0,2,0,0,0,106643679,3,0,5427252804,0
65,120.6464198,31.41821581,-57.63232422,0,0,0,0,0,0,0,2,0,0,0,106643679,3,0,5427252804,0
66,120.6464198,31.41821581,-57.63232422,0,0,0,0,0,0,0,2,0,0,0,106643679,3,0,5427352661,0
67,120.6464198,31.41821581,-57.63232422,0,0,0,0,0,0,0,2,0,0,0,106643679,3,0,5427352661,0
68,120.6464198,31.41821581,-57.63232422,0,0,0,0,0,0,0,2,0,0,0,106643679,3,0,5427452709,0
69,120.6464198,31.41821581,-57.63232422,0,0,0,0,0,0,0,2,0,0,0,106643679,3,0,5427452709,0
70,120.6464198,31.41821581,-57.63232422,0,0,0,0,0,0,0,2,0,0,0,106643679,3,0,5427562668,0
71,120.6464198,31.41821581,-57.63232422,0,0,0,0,0,0,0,2,0,0,0,106643679,3,0,5427562668,0
72,120.6464198,31.41821581,-57.63232422,0,0,0,0,0,0,0,2,0,0,0,106643679,3,0,5427662721,0
73,120.6464198,31.41821581,-57.63232422,0,0,0,0,0,0,0,2,0,0,0,106643679,3,0,5427662721,0
74,120.6464197,31.41821581,-57.62133789,0,0,0,0,0,0,0,2,0,0,0,106643679,3,0,5427762718,0
75,120.6464197,31.41821581,-57.62133789,0,0,0,0,0,0,0,2,0,0,0,106643679,3,0,5427812680,0
76,120.6464198,31.41821581,-57.63232422,0,0,0,0,0,0,0,2,0,0,0,106643679,3,0,5427852680,0
77,120.6464198,31.41821581,-57.62133789,0,0,0,0,0,0,0,2,0,0,0,106643679,3,0,5427912679,0
78,120.6464198,31.41821581,-57.62133789,0,0,0,0,0,0,0,2,0,0,0,106643679,3,0,5427953976,0
79,120.6464198,31.41821581,-57.62133789,0,0,0,0,0,0,0,2,0,0,0,106643679,3,0,5428012675,0
80,120.6464196,31.41821589,-57.62133789,0,0,0,0,0,0,0,2,0,0,0,106643679,3,0,5428062677,0
81,120.6464195,31.41821598,-57.62133789,0,0,0,0,0,0,0,2,0,0,0,106643679,3,0,5428112677,0
82,120.6464192,31.41821606,-57.62133789,0,0,0,0,0,0,0,2,0,0,0,106643679,3,0,5428162684,0
83,120.6464191,31.41821614,-57.62133789,0,0,0,0,0,0,0,2,0,0,0,106643679,3,0,5428212684,0
84,120.6464188,31.41821623,-57.62133789,0,0,0,0,0,0,0,2,0,0,0,106643679,3,0,5428262807,0
85,120.6464185,31.41821648,-57.62133789,0,0,0,0,0,0,0,2,0,0,0,106643679,3,0,5428312707,0
86,120.6464181,31.41821665,-57.62133789,0,0,0,0,0,0,0,2,0,0,0,106643679,3,0,5428362708,0
87,120.6464178,31.4182169,-57.62133789,0,0,0,0,0,0,0,2,0,0,0,106643679,3,0,5428412708,0
88,120.6464175,31.41821707,-57.62133789,0,0,0,0,0,0,0,2,0,0,0,106643679,3,0,5428462708,0
89,120.646417,31.41821723,-57.62133789,0,0,0,0,0,0,0,2,0,0,0,106643679,3,0,5428512732,0
90,120.6464167,31.41821749,-57.62133789,0,0,0,0,0,0,0,2,0,0,0,106643679,3,0,5428554132,0
91,120.6464161,31.41821774,-57.61035156,0,0,0,0,0,0,0,2,0,0,0,106643679,3,0,5428612695,0
92,120.6464156,31.41821799,-57.61035156,0,0,0,0,0,0,0,2,0,0,0,106643679,3,0,5428662695,0
93,120.6464151,31.41821824,-57.61035156,0,0,0,0,0,0,0,2,0,0,0,106643679,3,0,5428712707,0
94,120.6464145,31.41821858,-57.61035156,0,0,0,0,0,0,0,2,0,0,0,106643679,3,0,5428764107,0
95,120.6464139,31.41821899,-57.61035156,0,0,0,0,0,0,0,2,0,0,0,106643679,3,0,5428814045,0
96,120.6464134,31.41821925,-57.61035156,0,0,0,0,0,0,0,2,0,0,0,106643679,3,0,5428864245,0
97,120.6464126,31.41821967,-57.61035156,0,0,0,0,0,0,0,2,0,0,0,106643679,3,0,5428912698,0
98,120.6464119,31.41822008,-57.61035156,0,0,0,0,0,0,0,2,0,0,0,106643679,3,0,5428962697,0
99,120.6464111,31.41822042,-57.59936523,0,0,0,0,0,0,0,2,0,0,0,106643679,3,0,5429012698,0
100,120.6464102,31.41822092,-57.59936523,0,0,0,0,0,0,0,2,0,0,0,106643679,3,0,5429072692,0
101,120.6464097,31.41822126,-57.59936523,0,0,0,0,0,0,0,2,0,0,0,106643679,3,0,5429102691,0
102,120.6464085,31.41822184,-57.59936523,0,0,0,0,0,0,0,2,0,0,0,106643679,3,0,5429172710,0
103,120.6464077,31.41822226,-57.59936523,0,0,0,0,0,0,0,2,0,0,0,106643679,3,0,5429212710,0
104,120.6464068,31.41822277,-57.59936523,0,0,0,0,0,0,0,2,0,0,0,106643679,3,0,5429262718,0
105,120.646406,31.41822327,-57.58837891,0,0,0,0,0,0,0,2,0,0,0,106643679,3,0,5429302718,0
106,120.6464046,31.41822394,-57.58837891,0,0,0,0,0,0,0,2,0,0,0,106643679,3,0,5429372741,0
107,120.6464037,31.41822444,-57.57739258,0,0,0,0,0,0,0,2,0,0,0,106643679,3,0,5429412741,0
108,120.6464027,31.41822503,-57.57739258,0,0,0,0,0,0,0,2,0,0,0,106643679,3,0,5429462705,0
109,120.6464015,31.41822562,-57.57739258,0,0,0,0,0,0,0,2,0,0,0,106643679,3,0,5429512706,0
110,120.6464042,31.41822411,-57.08763123,2.411086798,0,0,0,0,0,0,2,0,0,0,106643679,3,0,5429583000,0
111,120.6464031,31.41822469,-57.08408737,2.49050355,0,0,0,0,0,0,2,0,0,0,106643679,3,0,5429633000,0
112,120.646402,31.41822536,-57.07951355,2.568159819,0,0,0,0,0,0,2,0,0,0,106643679,3,0,5429682000,0
113,120.6464009,31.41822595,-57.07292938,2.648633718,0,0,0,0,0,0,2,0,0,0,106643679,3,0,5429733000,0
114,120.6463988,31.41822721,-57.06754303,2.734485388,0,0,0,0,0,0,2,0,0,0,106854470,3,0,5429783000,0
115,120.646395,31.4182293,-57.06746674,3.020060539,0,0,0,0,0,0,2,0,0,0,106854470,3,0,5429833000,0
116,120.6463926,31.41823065,-57.05132675,3.10981226,0,0,0,0,0,0,2,0,0,0,106854470,3,0,5429883000,0
117,120.64639,31.41823215,-57.01515198,3.205748558,0,0,0,0,0,0,2,0,0,0,106854470,3,0,5429933000,0
118,120.6463881,31.41823316,-56.99607468,3.294691086,0,0,0,0,0,0,2,0,0,0,106854470,3,0,5429982000,0
119,120.6463858,31.41823442,-56.95542908,3.409493208,0,0,0,0,0,0,2,0,0,0,106854470,3,0,5430033000,0
120,120.6463839,31.41823542,-56.95161819,3.397520304,0,0,0,0,0,0,2,0,0,0,106854470,3,0,5430083000,0
121,120.6463825,31.41823626,-57.02829361,3.464813471,0,0,0,0,0,0,2,0,0,0,106854470,3,0,5430133000,0
122,120.6463812,31.41823693,-57.09723663,3.52844882,0,0,0,0,0,0,2,0,0,0,106854470,3,0,5430183000,0
123,120.6463803,31.41823743,-57.1910553,3.58177948,0,0,0,0,0,0,2,0,0,0,106854470,3,0,5430233000,0
124,120.6463791,31.41823811,-57.24761963,3.637721062,0,0,0,0,0,0,2,0,0,0,106854470,3,0,5430282000,0
125,120.6463781,31.41823861,-57.44161606,3.77065897,0,0,0,0,0,0,2,0,0,0,106854470,3,0,5430333000,0
126,120.646377,31.41823919,-57.58522415,3.8244102,0,0,0,0,0,0,2,0,0,0,106854470,3,0,5430383000,0
127,120.6463758,31.41823978,-57.76290131,3.889014482,0,0,0,0,0,0,2,0,0,0,106854470,3,0,5430433000,0
128,120.6463742,31.41824062,-57.86759949,3.956282139,0,0,0,0,0,0,2,0,0,0,106854470,3,0,5430483000,0
129,120.6463726,31.41824137,-58.04433823,4.022047043,0,0,0,0,0,0,2,0,0,0,106854470,3,0,5430533000,0
130,120.6463707,31.41824246,-58.15330887,4.206144333,0,0,0,0,0,0,2,0,0,0,106854470,3,0,5430582000,0
131,120.6463686,31.41824347,-58.32889938,4.289673805,0,0,0,0,0,0,2,0,0,0,106854470,3,0,5430633000,0
132,120.6463665,31.41824456,-58.37395096,4.371080875,0,0,0,0,0,0,2,0,0,0,106854470,3,0,5430683000,0
133,120.646364,31.4182459,-58.43839645,4.459894657,0,0,0,0,0,0,2,0,0,0,106854470,3,0,5430733000,0
134,120.6463616,31.41824716,-58.47974014,4.546828747,0,0,0,0,0,0,2,0,0,0,106854470,3,0,5430783000,0
135,120.646359,31.41824841,-58.51625824,4.673254967,0,0,0,0,0,0,2,0,0,0,106854470,3,0,5430833000,0
136,120.6463567,31.41824967,-58.50964737,4.757315636,0,0,0,0,0,0,2,0,0,0,106854470,3,0,5430883000,0
137,120.6463543,31.41825093,-58.48324966,4.840144634,0,0,0,0,0,0,2,0,0,0,106854470,3,0,5430933000,0
138,120.646352,31.41825219,-58.44973755,4.924298286,0,0,0,0,0,0,2,0,0,0,106854470,3,0,5430983000,0
139,120.6463497,31.41825336,-58.38992691,5.005662918,0,0,0,0,0,0,2,0,0,0,106854470,3,0,5431033000,0
140,120.6463475,31.41825462,-58.36159897,5.099610329,0,0,0,0,0,0,2,0,0,0,106854470,3,0,5431082000,0
141,120.6463453,31.41825579,-58.2784996,5.183377743,0,0,0,0,0,0,2,0,0,0,106854470,3,0,5431133000,0
142,120.6463431,31.41825705,-58.21406555,5.258247375,0,0,0,0,0,0,2,0,0,0,106854470,3,0,5431183000,0
143,120.6463411,31.41825814,-58.13156128,5.334084988,0,0,0,0,0,0,2,0,0,0,106854470,3,0,5431233000,0
144,120.646339,31.4182594,-58.08956528,5.406923771,0,0,0,0,0,0,2,0,0,0,106854470,3,0,5431283000,0
145,120.6463369,31.41826057,-57.98831558,5.479085445,0,0,0,0,0,0,2,0,0,0,106854470,3,0,5431333000,0
146,120.6463341,31.41826216,-57.93353653,5.564961433,0,0,0,0,0,0,2,0,0,0,106854470,3,0,5431393000,0
147,120.6463323,31.41826317,-57.88500595,5.631007671,0,0,0,0,0,0,2,0,0,0,106854470,3,0,5431433000,0
148,120.6463298,31.41826459,-57.87002945,5.70869112,0,0,0,0,0,0,2,0,0,0,106854470,3,0,5431483000,0
149,120.6463272,31.41826602,-57.84329605,5.789729118,0,0,0,0,0,0,2,0,0,0,106854470,3,0,5431533000,0
150,120.6463246,31.41826744,-57.84876251,5.862051487,0,0,0,0,0,0,2,0,0,0,106854470,3,0,5431583000,0
151,120.6463218,31.41826895,-57.85153198,5.941657543,0,0,0,0,0,0,2,0,0,0,106854470,3,0,5431633000,0
152,120.6463184,31.41827088,-57.86130905,6.039188862,0,0,0,0,0,0,2,0,0,0,106854470,3,0,5431693000,0
153,120.6463154,31.41827247,-57.86509705,6.11853838,0,0,0,0,0,0,2,0,0,0,106854470,3,0,5431743000,0
154,120.6463124,31.41827406,-57.88645554,6.200618744,0,0,0,0,0,0,2,0,0,0,106924917,2,0,5431793000,0
155,120.6463093,31.41827566,-57.91191864,6.317950249,0,0,0,0,0,0,2,0,0,0,106924917,2,0,5431843000,0
156,120.6463064,31.41827725,-57.92794418,6.399174213,0,0,0,0,0,0,2,0,0,0,106924917,2,0,5431893000,0
157,120.6463041,31.41827851,-57.94073868,6.459927082,0,0,0,0,0,0,2,0,0,0,106924917,2,0,5431933000,0
158,120.6463006,31.41828035,-57.96825027,6.550081253,0,0,0,0,0,0,2,0,0,0,106924917,2,0,5431993000,0
159,120.6462983,31.41828161,-57.9910965,6.616449833,0,0,0,0,0,0,2,0,0,0,106924917,2,0,5432033000,0
160,120.6462948,31.41828337,-58.00660706,6.681749344,0,0,0,0,0,0,2,0,0,0,106924917,2,0,5432093000,0
161,120.646292,31.41828496,-58.01374054,6.756619453,0,0,0,0,0,0,2,0,0,0,106924917,2,0,5432144000,0
162,120.6462892,31.41828647,-58.01757431,6.828684807,0,0,0,0,0,0,2,0,0,0,106924917,2,0,5432193000,0
163,120.646287,31.41828773,-58.0178566,6.885334015,0,0,0,0,0,0,2,0,0,0,106924917,2,0,5432233000,0
164,120.6462834,31.41828965,-58.03115082,6.973836422,0,0,0,0,0,0,2,0,0,0,106924917,2,0,5432293000,0
165,120.6462804,31.41829125,-58.03293991,7.032308578,0,0,0,0,0,0,2,0,0,0,106924917,2,0,5432344000,0
166,120.6462774,31.41829292,-58.05337143,7.102458,0,0,0,0,0,0,2,0,0,0,106924917,2,0,5432393000,0
167,120.6462742,31.4182946,-58.07067108,7.173301697,0,0,0,0,0,0,2,0,0,0,106924917,2,0,5432443000,0
168,120.6462709,31.41829644,-58.07400131,7.247385502,0,0,0,0,0,0,2,0,0,0,106924917,2,0,5432493000,0
169,120.6462673,31.41829837,-58.07264709,7.32487011,0,0,0,0,0,0,2,0,0,0,106924917,2,0,5432544000,0
170,120.6462638,31.41830022,-58.08096695,7.38630867,0,0,0,0,0,0,2,0,0,0,106924917,2,0,5432593000,0
171,120.6462601,31.41830223,-58.08808517,7.459923267,0,0,0,0,0,0,2,0,0,0,106924917,2,0,5432643000,0
172,120.6462566,31.41830407,-58.10654449,7.53100729,0,0,0,0,0,0,2,0,0,0,106924917,2,0,5432693000,0
173,120.6462529,31.418306,-58.12569427,7.605200768,0,0,0,0,0,0,2,0,0,0,106924917,2,0,5432744000,0
174,120.6462493,31.41830793,-58.1336937,7.677744865,0,0,0,0,0,0,2,0,0,0,106924917,2,0,5432793000,0
175,120.6462455,31.41830994,-58.13895798,7.74322319,0,0,0,0,0,0,2,0,0,0,106924917,2,0,5432843000,0
176,120.6462421,31.41831178,-58.15144348,7.813136101,0,0,0,0,0,0,2,0,0,0,106924917,2,0,5432893000,0
177,120.6462386,31.41831363,-58.16061783,7.881288528,0,0,0,0,0,0,2,0,0,0,106924917,2,0,5432943000,0
178,120.6462351,31.41831555,-58.17573166,7.949620724,0,0,0,0,0,0,2,0,0,0,106924917,2,0,5432994000,0
179,120.6462316,31.4183174,-58.18620682,8.016388893,0,0,0,0,0,0,2,0,0,0,106924917,2,0,5433043000,0
180,120.6462281,31.41831924,-58.19768524,8.076073647,0,0,0,0,0,0,2,0,0,0,106924917,2,0,5433093000,0
181,120.6462247,31.41832109,-58.21446228,8.144283295,0,0,0,0,0,0,2,0,0,0,106924917,2,0,5433143000,0
182,120.6462212,31.41832285,-58.23181152,8.212226868,0,0,0,0,0,0,2,0,0,0,106924917,2,0,5433194000,0
183,120.6462181,31.41832452,-58.24983978,8.272703171,0,0,0,0,0,0,2,0,0,0,106924917,2,0,5433243000,0
184,120.6462144,31.41832645,-58.26044846,8.338163376,0,0,0,0,0,0,2,0,0,0,106924917,2,0,5433293000,0
185,120.6462108,31.41832838,-58.26622009,8.397173882,0,0,0,0,0,0,2,0,0,0,106924917,2,0,5433343000,0
186,120.646207,31.41833039,-58.27728271,8.46476078,0,0,0,0,0,0,2,0,0,0,106924917,2,0,5433393000,0
187,120.646203,31.41833249,-58.29060745,8.532272339,0,0,0,0,0,0,2,0,0,0,106924917,2,0,5433443000,0
188,120.646199,31.41833466,-58.30365372,8.600940704,0,0,0,0,0,0,2,0,0,0,106924917,2,0,5433493000,0
189,120.6461949,31.41833684,-58.31433868,8.670942307,0,0,0,0,0,0,2,0,0,0,106924917,2,0,5433543000,0
190,120.6461908,31.41833902,-58.32795334,8.735092163,0,0,0,0,0,0,2,0,0,0,106924917,2,0,5433594000,0
191,120.6461866,31.4183412,-58.3428154,8.805499077,0,0,0,0,0,0,2,0,0,0,106924917,2,0,5433643000,0
192,120.6461826,31.41834338,-58.3559494,8.87599659,0,0,0,0,0,0,2,0,0,0,106924917,2,0,5433693000,0
193,120.6461784,31.41834556,-58.36896133,8.945640564,0,0,0,0,0,0,2,0,0,0,106924917,2,0,5433743000,0
194,120.6461744,31.41834766,-58.38745117,9.01360321,0,0,0,0,0,0,2,0,0,0,106924917,2,0,5433793000,0
195,120.6461703,31.41834984,-58.40555573,9.077241898,0,0,0,0,0,0,2,0,0,0,106924917,2,0,5433844000,0
196,120.6461663,31.41835193,-58.42139435,9.14394474,0,0,0,0,0,0,2,0,0,0,106924917,2,0,5433893000,0
197,120.6461623,31.41835403,-58.43879318,9.212096214,0,0,0,0,0,0,2,0,0,0,106924917,2,0,5433943000,0
198,120.6461581,31.41835621,-58.45425415,9.280321121,0,0,0,0,0,0,2,0,0,0,106924917,2,0,5433993000,0
199,120.6461538,31.41835847,-58.46498871,9.347709656,0,0,0,0,0,0,2,0,0,0,106924917,2,0,5434043000,0
200,120.6461497,31.41836065,-58.47673798,9.408870697,0,0,0,0,0,0,2,0,0,0,106924917,2,0,5434093000,0
201,120.6461454,31.41836291,-58.48566437,9.476649284,0,0,0,0,0,0,2,0,0,0,106924917,2,0,5434143000,0
202,120.6461411,31.41836517,-58.49473572,9.545082092,0,0,0,0,0,0,2,0,0,0,106924917,2,0,5434193000,0
203,120.6461367,31.41836752,-58.50638199,9.613827705,0,0,0,0,0,0,2,0,0,0,106924917,2,0,5434243000,0
204,120.6461323,31.41836978,-58.5230484,9.683386803,0,0,0,0,0,0,2,0,0,0,106924917,2,0,5434294000,0
205,120.646128,31.41837205,-58.53549576,9.743003845,0,0,0,0,0,0,2,0,0,0,106924917,2,0,5434343000,0
206,120.6461235,31.41837439,-58.54954529,9.809142113,0,0,0,0,0,0,2,0,0,0,106924917,2,0,5434393000,0
207,120.646119,31.41837683,-58.56721497,9.877820015,0,0,0,0,0,0,2,0,0,0,106924917,2,0,5434443000,0
208,120.6461146,31.41837909,-58.58172989,9.943800926,0,0,0,0,0,0,2,0,0,0,106924917,2,0,5434493000,0
209,120.6461095,31.41838177,-58.59762955,10.02073574,0,0,0,0,0,0,2,0,0,0,106924917,2,0,5434553000,0
210,120.6461059,31.41838362,-58.61036301,10.0704937,0,0,0,0,0,0,2,0,0,0,106924917,2,0,5434593000,0
211,120.6461014,31.41838605,-58.62573624,10.13516617,0,0,0,0,0,0,2,0,0,0,106924917,2,0,5434643000,0
212,120.6460968,31.41838839,-58.64146042,10.19851875,0,0,0,0,0,0,2,0,0,0,106924917,2,0,5434693000,0
213,120.6460913,31.41839133,-58.65623856,10.27593708,0,0,0,0,0,0,2,0,0,0,106924917,2,0,5434753000,0
214,120.6460876,31.41839325,-58.66963196,10.32878113,0,0,0,0,0,0,2,0,0,0,106924917,2,0,5434793000,0
215,120.6460821,31.4183961,-58.69380951,10.40524769,0,0,0,0,0,0,2,0,0,0,106924917,2,0,5434853000,0
216,120.6460783,31.41839812,-58.70839691,10.45754147,0,0,0,0,0,0,2,0,0,0,106924917,2,0,5434893000,0
217,120.6460727,31.41840105,-58.72826385,10.53708935,0,0,0,0,0,0,2,0,0,0,106924917,2,0,5434953000,0
218,120.6460678,31.41840365,-58.74210358,10.60595608,0,0,0,0,0,0,2,0,0,0,106924917,2,0,5435003000,0
219,120.6460627,31.41840625,-58.75675583,10.67677689,0,0,0,0,0,0,2,0,0,0,106924917,2,0,5435053000,0
220,120.6460577,31.41840884,-58.77032089,10.74304771,0,0,0,0,0,0,2,0,0,0,106924917,2,0,5435103000,0
221,120.6460528,31.41841144,-58.78504944,10.81132126,0,0,0,0,0,0,2,0,0,0,106924917,2,0,5435153000,0
222,120.6460477,31.41841404,-58.80038452,10.88089561,0,0,0,0,0,0,2,0,0,0,106924917,2,0,5435203000,0
223,120.6460427,31.41841664,-58.81806564,10.95057964,0,0,0,0,0,0,2,0,0,0,106924917,2,0,5435253000,0
224,120.6460378,31.41841924,-58.83283615,11.01936245,0,0,0,0,0,0,2,0,0,0,106924917,2,0,5435303000,0
225,120.646033,31.41842175,-58.84711838,11.07808495,0,0,0,0,0,0,2,0,0,0,106924917,2,0,5435353000,0
226,120.6460279,31.41842435,-58.86184692,11.14392567,0,0,0,0,0,0,2,0,0,0,106924917,2,0,5435403000,0
227,120.6460227,31.41842712,-58.87913513,11.21418571,0,0,0,0,0,0,2,0,0,0,106924917,2,0,5435454000,0
228,120.6460176,31.41842972,-58.89911652,11.28014946,0,0,0,0,0,0,2,0,0,0,106924917,2,0,5435504000,0
229,120.6460126,31.41843223,-58.92140961,11.3438673,0,0,0,0,0,0,2,0,0,0,106924917,2,0,5435553000,0
230,120.6460075,31.41843491,-58.94032669,11.40677834,0,0,0,0,0,0,2,0,0,0,106924917,2,0,5435603000,0
231,120.6460024,31.41843751,-58.95636368,11.47393036,0,0,0,0,0,0,2,0,0,0,106924917,2,0,5435653000,0
232,120.6459972,31.41844019,-58.97089005,11.53927231,0,0,0,0,0,0,2,0,0,0,106924917,2,0,5435703000,0
233,120.6459919,31.41844296,-58.98573685,11.60300541,0,0,0,0,0,0,2,0,0,0,106924917,2,0,5435754000,0
234,120.6459868,31.41844556,-59.00209808,11.66323662,0,0,0,0,0,0,2,0,0,0,106924917,2,0,5435803000,0
235,120.6459817,31.41844824,-59.01824188,11.72375679,0,0,0,0,0,0,2,0,0,0,106924917,2,0,5435853000,0
236,120.6459763,31.41845101,-59.0390358,11.78751945,0,0,0,0,0,0,2,0,0,0,106924917,2,0,5435904000,0
237,120.6459712,31.4184536,-59.06084824,11.84707451,0,0,0,0,0,0,2,0,0,0,106924917,2,0,5435953000,0
238,120.6459657,31.41845645,-59.07818985,11.90783024,0,0,0,0,0,0,2,0,0,0,106924917,2,0,5436003000,0
239,120.6459601,31.41845939,-59.09224319,11.97018814,0,0,0,0,0,0,2,0,0,0,106924917,2,0,5436053000,0
240,120.6459545,31.41846224,-59.11585999,12.02316952,0,0,0,0,0,0,2,0,0,0,106924917,2,0,5436103000,0
241,120.6459489,31.41846517,-59.13659286,12.08131313,0,0,0,0,0,0,2,0,0,0,106924917,2,0,5436153000,0
242,120.6459434,31.41846802,-59.15424347,12.13603687,0,0,0,0,0,0,2,0,0,0,106924917,2,0,5436203000,0
243,120.6459377,31.41847087,-59.17243576,12.1923008,0,0,0,0,0,0,2,0,0,0,106924917,2,0,5436253000,0
244,120.6459321,31.4184738,-59.19897461,12.24624062,0,0,0,0,0,0,2,0,0,0,106924917,2,0,5436303000,0
245,120.6459264,31.41847665,-59.22353745,12.29298401,0,0,0,0,0,0,2,0,0,0,106924917,2,0,5436353000,0
246,120.6459207,31.41847959,-59.24180222,12.34359455,0,0,0,0,0,0,2,0,0,0,106924917,2,0,5436403000,0
247,120.6459147,31.41848261,-59.26498032,12.39236641,0,0,0,0,0,0,2,0,0,0,106924917,2,0,5436454000,0
248,120.6459093,31.41848537,-59.28857422,12.43545532,0,0,0,0,0,0,2,0,0,0,106924917,2,0,5436503000,0
249,120.6459037,31.41848814,-59.31167603,12.47762775,0,0,0,0,0,0,2,0,0,0,106924917,2,0,5436553000,0
250,120.6458981,31.41849099,-59.33068085,12.51984787,0,0,0,0,0,0,2,0,0,0,106924917,2,0,5436603000,0
251,120.6458925,31.41849384,-59.36004257,12.562397,0,0,0,0,0,0,2,0,0,0,106924917,2,0,5436653000,0
252,120.6458869,31.41849669,-59.383461,12.60417461,0,0,0,0,0,0,2,0,0,0,106924917,2,0,5436703000,0
253,120.6458813,31.41849954,-59.406147,12.64671612,0,0,0,0,0,0,2,0,0,0,106924917,2,0,5436753000,0
254,120.6458754,31.41850247,-59.4261055,12.69210243,0,0,0,0,0,0,2,0,0,0,106924917,2,0,5436804000,0
255,120.6458698,31.4185054,-59.4471817,12.73520374,0,0,0,0,0,0,2,0,0,0,106924917,2,0,5436853000,0
256,120.645864,31.41850825,-59.46158218,12.77023506,0,0,0,0,0,0,2,0,0,0,106924917,2,0,5436903000,0
257,120.6458584,31.41851119,-59.47439575,12.80737209,0,0,0,0,0,0,2,0,0,0,106924917,2,0,5436953000,0
258,120.6458524,31.41851421,-59.48907089,12.84554863,0,0,0,0,0,0,2,0,0,0,106924917,2,0,5437003000,0
259,120.6458462,31.41851739,-59.49754715,12.88007545,0,0,0,0,0,0,2,0,0,0,106924917,2,0,5437053000,0
260,120.6458403,31.41852049,-59.50530243,12.91482162,0,0,0,0,0,0,2,0,0,0,106924917,2,0,5437103000,0
261,120.6458342,31.41852359,-59.50074387,12.95333099,0,0,0,0,0,0,2,0,0,0,106924917,2,0,5437153000,0
262,120.6458283,31.41852669,-59.5067215,12.98754692,0,0,0,0,0,0,2,0,0,0,106924917,2,0,5437203000,0
263,120.6458221,31.41852988,-59.51105499,13.02111816,0,0,0,0,0,0,2,0,0,0,106924917,2,0,5437253000,0
264,120.6458161,31.41853298,-59.51776505,13.05666161,0,0,0,0,0,0,2,0,0,0,106924917,2,0,5437303000,0
265,120.64581,31.41853608,-59.52819061,13.08979797,0,0,0,0,0,0,2,0,0,0,106924917,2,0,5437353000,0
266,120.6458039,31.4185391,-59.53699875,13.12564278,0,0,0,0,0,0,2,0,0,0,106924917,2,0,5437403000,0
267,120.6457977,31.41854228,-59.54090881,13.16446877,0,0,0,0,0,0,2,0,0,0,106924917,2,0,5437453000,0
268,120.6457918,31.41854522,-59.54740906,13.20147991,0,0,0,0,0,0,2,0,0,0,106924917,2,0,5437503000,0
269,120.645786,31.41854807,-59.55731964,13.237813,0,0,0,0,0,0,2,0,0,0,106924917,2,0,5437553000,0
270,120.6457801,31.41855109,-59.56568527,13.26673698,0,0,0,0,0,0,2,0,0,0,106924917,2,0,5437603000,0
271,120.645774,31.4185541,-59.57695389,13.30046558,0,0,0,0,0,0,2,0,0,0,106924917,2,0,5437653000,0
272,120.6457679,31.41855712,-59.58758545,13.33915615,0,0,0,0,0,0,2,0,0,0,106924917,2,0,5437703000,0
273,120.6457621,31.41856005,-59.59547806,13.36902618,0,0,0,0,0,0,2,0,0,0,106924917,2,0,5437753000,0
274,120.645756,31.41856307,-59.60474396,13.40001106,0,0,0,0,0,0,2,0,0,0,106924917,2,0,5437803000,0
275,120.64575,31.41856609,-59.60735703,13.42625713,0,0,0,0,0,0,2,0,0,0,106924917,2,0,5437853000,0
276,120.645744,31.41856911,-59.60681534,13.44747066,0,0,0,0,0,0,2,0,0,0,106924917,2,0,5437903000,0
277,120.6457381,31.41857212,-59.60420227,13.47545147,0,0,0,0,0,0,2,0,0,0,106924917,2,0,5437953000,0
278,120.6457319,31.41857523,-59.60137558,13.50425529,0,0,0,0,0,0,2,0,0,0,106924917,2,0,5438003000,0
279,120.6457254,31.41857849,-59.60206604,13.52931595,0,0,0,0,0,0,2,0,0,0,106924917,2,0,5438053000,0
280,120.6457192,31.41858168,-59.60351944,13.54962921,0,0,0,0,0,0,2,0,0,0,106924917,2,0,5438103000,0
281,120.645713,31.41858478,-59.59951019,13.57732201,0,0,0,0,0,0,2,0,0,0,106924917,3,0,5438153000,0
282,120.6457052,31.41858872,-59.60126495,13.60564899,0,0,0,0,0,0,2,0,0,0,106924917,3,0,5438214000,0
283,120.6457002,31.41859123,-59.60017395,13.62546062,0,0,0,0,0,0,2,0,0,0,106924917,3,0,5438253000,0
284,120.6456926,31.41859501,-59.59466934,13.65004921,0,0,0,0,0,0,2,0,0,0,106924917,3,0,5438313000,0
285,120.6456875,31.41859761,-59.59407043,13.66830063,0,0,0,0,0,0,2,0,0,0,106924917,3,0,5438353000,0
286,120.6456799,31.41860146,-59.59892273,13.68345165,0,0,0,0,0,0,2,0,0,0,106924917,3,0,5438413000,0
287,120.6456747,31.41860406,-59.60149765,13.69057655,0,0,0,0,0,0,2,0,0,0,106924917,3,0,5438453000,0
288,120.6456671,31.41860783,-59.60713959,13.69869614,0,0,0,0,0,0,2,0,0,0,106924917,3,0,5438514000,0
289,120.6456624,31.41861018,-59.61590958,13.70131207,0,0,0,0,0,0,2,0,0,0,106924917,3,0,5438553000,0
290,120.645655,31.41861387,-59.6220932,13.70724201,0,0,0,0,0,0,2,0,0,0,106924917,3,0,5438613000,0
291,120.64565,31.41861638,-59.6275177,13.7099247,0,0,0,0,0,0,2,0,0,0,106924917,3,0,5438653000,0
292,120.6456426,31.41862007,-59.63022232,13.71421719,0,0,0,0,0,0,2,0,0,0,106924917,3,0,5438713000,0
293,120.6456378,31.41862258,-59.63134003,13.7150631,0,0,0,0,0,0,2,0,0,0,106924917,3,0,5438753000,0
294,120.6456303,31.41862627,-59.63154221,13.71903419,0,0,0,0,0,0,2,0,0,0,106924917,3,0,5438813000,0
295,120.6456253,31.41862879,-59.63203049,13.72448921,0,0,0,0,0,0,2,0,0,0,106924917,3,0,5438853000,0
296,120.6456179,31.41863256,-59.63510895,13.72739506,0,0,0,0,0,0,2,0,0,0,106924917,3,0,5438913000,0
297,120.6456118,31.41863566,-59.63775635,13.73017979,0,0,0,0,0,0,2,0,0,0,106924917,3,0,5438963000,0
298,120.6456053,31.41863884,-59.63727951,13.73725319,0,0,0,0,0,0,2,0,0,0,106924917,3,0,5439013000,0
299,120.6456001,31.41864153,-59.6372261,13.74050808,0,0,0,0,0,0,2,0,0,0,106924917,3,0,5439053000,0
300,120.6455923,31.41864547,-59.63611984,13.74244022,0,0,0,0,0,0,2,0,0,0,106924917,3,0,5439113000,0
301,120.6455872,31.41864806,-59.63386917,13.74549389,0,0,0,0,0,0,2,0,0,0,106924917,3,0,5439153000,0
302,120.6455794,31.418652,-59.63716125,13.74856853,0,0,0,0,0,0,2,0,0,0,106924917,3,0,5439213000,0
303,120.6455729,31.41865527,-59.63822556,13.74949837,0,0,0,0,0,0,2,0,0,0,106924917,3,0,5439263000,0
304,120.6455664,31.41865854,-59.64043045,13.74403,0,0,0,0,0,0,2,0,0,0,106643673,3,0,5439314000,0
305,120.6455602,31.41866173,-59.64427948,13.74446774,0,0,0,0,0,0,2,0,0,0,106643673,3,0,5439363000,0
306,120.6455538,31.41866491,-59.64888,13.73654652,0,0,0,0,0,0,2,0,0,0,106643673,3,0,5439413000,0
307,120.6455472,31.41866826,-59.65177536,13.72681236,0,0,0,0,0,0,2,0,0,0,106643673,3,0,5439464000,0
308,120.645541,31.41867128,-59.65343857,13.71871281,0,0,0,0,0,0,2,0,0,0,106643673,3,0,5439514000,0
309,120.6455352,31.41867422,-59.66094589,13.70317745,0,0,0,0,0,0,2,0,0,0,106643673,3,0,5439563000,0
310,120.6455291,31.41867723,-59.66798019,13.68930626,0,0,0,0,0,0,2,0,0,0,106643673,3,0,5439613000,0
311,120.6455228,31.41868042,-59.67573547,13.67609119,0,0,0,0,0,0,2,0,0,0,106643673,3,0,5439664000,0
312,120.6455168,31.41868335,-59.68379593,13.65693283,0,0,0,0,0,0,2,0,0,0,106643673,3,0,5439713000,0
313,120.6455108,31.41868637,-59.6894455,13.62689686,0,0,0,0,0,0,2,0,0,0,106643673,3,0,5439763000,0
314,120.6455047,31.41868947,-59.692173,13.5979557,0,0,0,0,0,0,2,0,0,0,106643673,3,0,5439813000,0
315,120.6454986,31.41869249,-59.69530487,13.57021523,0,0,0,0,0,0,2,0,0,0,106643673,3,0,5439863000,0
316,120.6454923,31.41869576,-59.69661713,13.54320717,0,0,0,0,0,0,2,0,0,0,106643673,3,0,5439913000,0
317,120.6454858,31.41869911,-59.69302368,13.51401234,0,0,0,0,0,0,2,0,0,0,106643673,3,0,5439963000,0
318,120.6454796,31.41870221,-59.69412613,13.48478794,0,0,0,0,0,0,2,0,0,0,106643673,3,0,5440013000,0
319,120.6454732,31.41870548,-59.69695663,13.45652103,0,0,0,0,0,0,2,0,0,0,106643673,3,0,5440063000,0
320,120.6454669,31.41870867,-59.69924164,13.42416763,0,0,0,0,0,0,2,0,0,0,106643673,3,0,5440113000,0
321,120.6454607,31.41871177,-59.70119858,13.39490795,0,0,0,0,0,0,2,0,0,0,106643673,3,0,5440163000,0
322,120.6454545,31.41871478,-59.7075882,13.36432076,0,0,0,0,0,0,2,0,0,0,106643673,3,0,5440213000,0
323,120.6454484,31.41871789,-59.71635818,13.33379269,0,0,0,0,0,0,2,0,0,0,106643673,3,0,5440263000,0
324,120.6454424,31.4187209,-59.72323608,13.30427837,0,0,0,0,0,0,2,0,0,0,106643673,3,0,5440313000,0
325,120.6454364,31.41872384,-59.72993088,13.27270889,0,0,0,0,0,0,2,0,0,0,106643673,3,0,5440364000,0
326,120.6454306,31.41872677,-59.7341423,13.24226856,0,0,0,0,0,0,2,0,0,0,106643673,3,0,5440413000,0
327,120.6454246,31.4187297,-59.73577499,13.21010208,0,0,0,0,0,0,2,0,0,0,106643673,3,0,5440464000,0
328,120.6454186,31.41873272,-59.73904037,13.18353271,0,0,0,0,0,0,2,0,0,0,106643673,3,0,5440513000,0
329,120.6454123,31.41873591,-59.74404144,13.15417862,0,0,0,0,0,0,2,0,0,0,106643673,3,0,5440563000,0
330,120.6454061,31.41873901,-59.75045776,13.12403202,0,0,0,0,0,0,2,0,0,0,106643673,3,0,5440613000,0
331,120.6453999,31.41874211,-59.75432968,13.09723377,0,0,0,0,0,0,2,0,0,0,106643673,3,0,5440663000,0
332,120.6453939,31.41874504,-59.76038361,13.06875992,0,0,0,0,0,0,2,0,0,0,106643673,3,0,5440713000,0
333,120.6453882,31.41874806,-59.76468658,13.04525471,0,0,0,0,0,0,2,0,0,0,106643673,3,0,5440763000,0
334,120.6453822,31.41875099,-59.76236343,13.02637196,0,0,0,0,0,0,2,0,0,0,106643673,3,0,5440813000,0
335,120.6453763,31.41875401,-59.75471115,13.01101112,0,0,0,0,0,0,2,0,0,0,106643673,3,0,5440863000,0
336,120.6453702,31.41875703,-59.74977493,12.99640751,0,0,0,0,0,0,2,0,0,0,106643673,3,0,5440914000,0
337,120.6453644,31.41876005,-59.73711777,12.97785473,0,0,0,0,0,0,2,0,0,0,106643673,3,0,5440963000,0
338,120.6453584,31.41876298,-59.72528076,12.96374798,0,0,0,0,0,0,2,0,0,0,106643673,3,0,5441013000,0
339,120.6453525,31.418766,-59.71636963,12.94346523,0,0,0,0,0,0,2,0,0,0,106643673,3,0,5441063000,0
340,120.6453464,31.41876901,-59.71060562,12.92882061,0,0,0,0,0,0,2,0,0,0,106643673,3,0,5441113000,0
341,120.6453403,31.41877212,-59.70287323,12.91973591,0,0,0,0,0,0,2,0,0,0,106643673,3,0,5441163000,0
342,120.6453343,31.41877505,-59.69400787,12.90899754,0,0,0,0,0,0,2,0,0,0,106643673,3,0,5441213000,0
343,120.6453285,31.41877798,-59.6916275,12.89918137,0,0,0,0,0,0,2,0,0,0,106643673,3,0,5441263000,0
344,120.6453227,31.41878092,-59.68582153,12.88823128,0,0,0,0,0,0,2,0,0,0,106643673,3,0,5441313000,0
345,120.6453169,31.41878377,-59.67717361,12.87809277,0,0,0,0,0,0,2,0,0,0,106643673,3,0,5441363000,0
346,120.6453112,31.41878662,-59.66729736,12.87003994,0,0,0,0,0,0,2,0,0,0,106643673,3,0,5441413000,0
347,120.6453055,31.41878947,-59.65937805,12.85587692,0,0,0,0,0,0,2,0,0,0,106643673,3,0,5441464000,0
348,120.6452997,31.41879232,-59.64829254,12.84389496,0,0,0,0,0,0,2,0,0,0,106643673,3,0,5441513000,0
349,120.6452937,31.41879542,-59.64009476,12.83872128,0,0,0,0,0,0,2,0,0,0,106643673,3,0,5441564000,0
350,120.6452878,31.41879835,-59.63088608,12.82944107,0,0,0,0,0,0,2,0,0,0,106643673,3,0,5441613000,0
351,120.6452819,31.41880137,-59.61910248,12.82057953,0,0,0,0,0,0,2,0,0,0,106643673,3,0,5441663000,0
352,120.6452762,31.4188043,-59.60565948,12.81112957,0,0,0,0,0,0,2,0,0,0,106643673,3,0,5441713000,0
353,120.6452704,31.41880724,-59.59418869,12.80171108,0,0,0,0,0,0,2,0,0,0,106643673,3,0,5441764000,0
354,120.6452648,31.41881009,-59.58580399,12.79247284,0,0,0,0,0,0,2,0,0,0,106643673,3,0,5441813000,0
355,120.6452592,31.41881294,-59.5721817,12.77015495,0,0,0,0,0,0,2,0,0,0,106643673,3,0,5441863000,0
356,120.6452533,31.41881587,-59.56276703,12.76049519,0,0,0,0,0,0,2,0,0,0,106643673,3,0,5441913000,0
357,120.6452463,31.41881947,-59.55550003,12.74992466,0,0,0,0,0,0,2,0,0,0,106643673,3,0,5441973000,0
358,120.6452416,31.41882182,-59.54796982,12.74084377,0,0,0,0,0,0,2,0,0,0,106643673,3,0,5442013000,0
359,120.6452344,31.41882551,-59.53303909,12.72921276,0,0,0,0,0,0,2,0,0,0,106643673,3,0,5442073000,0
360,120.6452297,31.41882786,-59.52708435,12.72626495,0,0,0,0,0,0,2,0,0,0,106643673,3,0,5442113000,0
361,120.6452227,31.41883138,-59.51745224,12.72159863,0,0,0,0,0,0,2,0,0,0,106643673,3,0,5442173000,0
362,120.645217,31.41883423,-59.50688171,12.71736622,0,0,0,0,0,0,2,0,0,0,106643673,3,0,5442223000,0
363,120.6452112,31.41883716,-59.49554825,12.71316147,0,0,0,0,0,0,2,0,0,0,106643673,3,0,5442273000,0
364,120.6452053,31.41884009,-59.48452377,12.71140099,0,0,0,0,0,0,2,0,0,0,106643673,3,0,5442323000,0
365,120.6451992,31.41884319,-59.47173691,12.71754265,0,0,0,0,0,0,2,0,0,0,106643673,3,0,5442373000,0
366,120.6451933,31.41884621,-59.45781708,12.71916199,0,0,0,0,0,0,2,0,0,0,106643673,3,0,5442423000,0
367,120.6451873,31.41884923,-59.44327927,12.72313404,0,0,0,0,0,0,2,0,0,0,106643673,3,0,5442473000,0
368,120.6451815,31.41885216,-59.43093872,12.72435188,0,0,0,0,0,0,2,0,0,0,106643673,3,0,5442523000,0
369,120.6451756,31.41885518,-59.42203522,12.72279072,0,0,0,0,0,0,2,0,0,0,106643673,3,0,5442574000,0
370,120.64517,31.41885803,-59.41426086,12.72836876,0,0,0,0,0,0,2,0,0,0,106643673,3,0,5442623000,0
371,120.6451642,31.41886096,-59.40818787,12.73619652,0,0,0,0,0,0,2,0,0,0,106643673,3,0,5442673000,0
372,120.6451582,31.41886398,-59.39792633,12.74764156,0,0,0,0,0,0,2,0,0,0,106643673,3,0,5442723000,0
373,120.6451524,31.418867,-59.38601685,12.75914097,0,0,0,0,0,0,2,0,0,0,106643673,3,0,5442773000,0
374,120.6451467,31.41886985,-59.37189484,12.77301121,0,0,0,0,0,0,2,0,0,0,106643673,3,0,5442823000,0
375,120.6451411,31.4188727,-59.35909653,12.78555489,0,0,0,0,0,0,2,0,0,0,106643673,3,0,5442873000,0
376,120.6451353,31.41887563,-59.34544373,12.79841995,0,0,0,0,0,0,2,0,0,0,106643673,3,0,5442923000,0
377,120.6451296,31.41887857,-59.33177567,12.81182957,0,0,0,0,0,0,2,0,0,0,106643673,3,0,5442973000,0
378,120.6451237,31.4188815,-59.32357407,12.82648373,0,0,0,0,0,0,2,0,0,0,106643673,3,0,5443023000,0
379,120.6451179,31.41888452,-59.31645584,12.82834339,0,0,0,0,0,0,2,0,0,0,106643673,3,0,5443073000,0
380,120.6451121,31.41888754,-59.30929565,12.84368706,0,0,0,0,0,0,2,0,0,0,106643673,3,0,5443123000,0
381,120.6451061,31.41889055,-59.30178833,12.86350918,0,0,0,0,0,0,2,0,0,0,106643673,3,0,5443173000,0
382,120.6451003,31.41889349,-59.29166031,12.88405323,0,0,0,0,0,0,2,0,0,0,106643673,3,0,5443223000,0
383,120.6450945,31.41889634,-59.27777481,12.90209007,0,0,0,0,0,0,2,0,0,0,106643673,3,0,5443273000,0
384,120.6450886,31.41889944,-59.26243973,12.91544247,0,0,0,0,0,0,2,0,0,0,106643673,3,0,5443323000,0
385,120.6450825,31.41890245,-59.25163269,12.93831253,0,0,0,0,0,0,2,0,0,0,106643673,3,0,5443373000,0
386,120.6450766,31.41890556,-59.24123383,12.96098232,0,0,0,0,0,0,2,0,0,0,106643673,3,0,5443423000,0
387,120.6450706,31.41890866,-59.22756958,12.98519802,0,0,0,0,0,0,2,0,0,0,106643673,3,0,5443473000,0
388,120.6450647,31.41891167,-59.21282196,13.0084095,0,0,0,0,0,0,2,0,0,0,106643673,3,0,5443523000,0
389,120.6450588,31.41891469,-59.19779587,13.02898788,0,0,0,0,0,0,2,0,0,0,106643673,3,0,5443573000,0
390,120.6450529,31.41891771,-59.1848526,13.05025291,0,0,0,0,0,0,2,0,0,0,106643673,3,0,5443623000,0
391,120.6450469,31.41892073,-59.16839218,13.07329082,0,0,0,0,0,0,2,0,0,0,106643673,3,0,5443673000,0
392,120.6450409,31.41892383,-59.15472031,13.09641266,0,0,0,0,0,0,2,0,0,0,106643673,3,0,5443723000,0
393,120.6450348,31.41892693,-59.14234543,13.11889648,0,0,0,0,0,0,2,0,0,0,106643673,3,0,5443773000,0
394,120.645029,31.41892995,-59.1291275,13.14155674,0,0,0,0,0,0,2,0,0,0,106643673,3,0,5443823000,0
395,120.6450231,31.41893297,-59.11491394,13.16580677,0,0,0,0,0,0,2,0,0,0,106643673,3,0,5443874000,0
396,120.6450173,31.41893598,-59.10361862,13.18800545,0,0,0,0,0,0,2,0,0,0,106643673,3,0,5443923000,0
397,120.6450114,31.418939,-59.09067535,13.20949459,0,0,0,0,0,0,2,0,0,0,106643673,3,0,5443973000,0
398,120.6450054,31.4189421,-59.07649231,13.23106766,0,0,0,0,0,0,2,0,0,0,106643673,3,0,5444023000,0
399,120.6449993,31.4189452,-59.06300735,13.25757217,0,0,0,0,0,0,2,0,0,0,106643673,3,0,5444073000,0
400,120.6449933,31.41894839,-59.05019379,13.28033447,0,0,0,0,0,0,2,0,0,0,106643673,3,0,5444123000,0
401,120.6449872,31.41895149,-59.03622055,13.30090809,0,0,0,0,0,0,2,0,0,0,106643673,3,0,5444173000,0
402,120.6449812,31.41895459,-59.0209198,13.3222599,0,0,0,0,0,0,2,0,0,0,106643673,3,0,5444223000,0
403,120.6449753,31.41895769,-59.00506973,13.34399986,0,0,0,0,0,0,2,0,0,0,106643673,3,0,5444273000,0
404,120.6449691,31.41896088,-58.98913193,13.3687191,0,0,0,0,0,0,2,0,0,0,106643673,3,0,5444323000,0
405,120.6449628,31.41896406,-58.97370529,13.39156818,0,0,0,0,0,0,2,0,0,0,106643673,3,0,5444373000,0
406,120.6449567,31.41896725,-58.96340942,13.41243458,0,0,0,0,0,0,2,0,0,0,106643673,3,0,5444423000,0
407,120.6449505,31.41897043,-58.95345688,13.42957687,0,0,0,0,0,0,2,0,0,0,106643673,3,0,5444473000,0
408,120.6449443,31.41897353,-58.9385376,13.44777012,0,0,0,0,0,0,2,0,0,0,106643673,3,0,5444523000,0
409,120.6449382,31.41897672,-58.92642212,13.46140575,0,0,0,0,0,0,2,0,0,0,106643673,3,0,5444573000,0
410,120.6449322,31.41897982,-58.91106796,13.48039436,0,0,0,0,0,0,2,0,0,0,106643673,3,0,5444623000,0
411,120.6449261,31.418983,-58.89558029,13.49908733,0,0,0,0,0,0,2,0,0,0,106643673,3,0,5444673000,0
412,120.6449199,31.41898619,-58.87624359,13.51877308,0,0,0,0,0,0,2,0,0,0,106643673,3,0,5444723000,0
413,120.6449136,31.41898946,-58.86435318,13.53854084,0,0,0,0,0,0,2,0,0,0,106643673,3,0,5444773000,0
414,120.6449076,31.41899264,-58.84870911,13.5526247,0,0,0,0,0,0,2,0,0,0,106643673,3,0,5444823000,0
415,120.6449017,31.41899575,-58.82978058,13.56889725,0,0,0,0,0,0,2,0,0,0,106643673,3,0,5444873000,0
416,120.6448956,31.41899893,-58.81827164,13.58826828,0,0,0,0,0,0,2,0,0,0,106643673,3,0,5444923000,0
417,120.6448895,31.41900212,-58.80220032,13.60550785,0,0,0,0,0,0,2,0,0,0,106643673,3,0,5444973000,0
418,120.6448832,31.41900547,-58.7854805,13.62099457,0,0,0,0,0,0,2,0,0,0,106643673,3,0,5445024000,0
419,120.6448771,31.41900865,-58.77009583,13.6369772,0,0,0,0,0,0,2,0,0,0,106643673,3,0,5445073000,0
420,120.6448708,31.41901184,-58.75764465,13.65279961,0,0,0,0,0,0,2,0,0,0,106643673,3,0,5445123000,0
421,120.6448645,31.41901511,-58.75028992,13.66611671,0,0,0,0,0,0,2,0,0,0,106643673,3,0,5445173000,0
422,120.6448585,31.41901829,-58.73990631,13.68067455,0,0,0,0,0,0,2,0,0,0,106643673,3,0,5445223000,0
423,120.6448524,31.41902148,-58.73236847,13.69428158,0,0,0,0,0,0,2,0,0,0,106643673,3,0,5445273000,0
424,120.644846,31.41902475,-58.72550201,13.70715427,0,0,0,0,0,0,2,0,0,0,106643673,3,0,5445323000,0
425,120.6448396,31.41902818,-58.73705673,13.71952915,0,0,0,0,0,0,2,0,0,0,106643673,3,0,5445373000,0
426,120.6448334,31.41903145,-58.78831863,13.72823811,0,0,0,0,0,0,2,0,0,0,106643673,3,0,5445423000,0
427,120.6448271,31.41903472,-58.8760376,13.73448563,0,0,0,0,0,0,2,0,0,0,106643673,3,0,5445473000,0
428,120.6448208,31.41903799,-58.99821091,13.72928619,0,0,0,0,0,0,2,0,0,0,106643673,4,0,5445523000,0
429,120.6448146,31.41904126,-59.13324356,13.73152542,0,0,0,0,0,0,2,0,0,0,106643673,4,0,5445573000,0
430,120.6448071,31.41904511,-59.30573654,13.72200108,0,0,0,0,0,0,2,0,0,0,106643673,4,0,5445633000,0
431,120.6448022,31.41904763,-59.41243362,13.71430302,0,0,0,0,0,0,2,0,0,0,106643673,4,0,5445673000,0
432,120.6447946,31.41905149,-59.56582642,13.70303154,0,0,0,0,0,0,2,0,0,0,106643673,4,0,5445733000,0
433,120.6447895,31.419054,-59.66682434,13.68762589,0,0,0,0,0,0,2,0,0,0,106643673,4,0,5445773000,0
434,120.6447822,31.41905769,-59.81461334,13.66306877,0,0,0,0,0,0,2,0,0,0,106643673,4,0,5445833000,0
435,120.644776,31.41906087,-59.94322205,13.64348507,0,0,0,0,0,0,2,0,0,0,106643673,4,0,5445884000,0
436,120.6447701,31.41906397,-60.0680809,13.62081528,0,0,0,0,0,0,2,0,0,0,106643673,4,0,5445933000,0
437,120.644764,31.41906699,-60.1908226,13.59433651,0,0,0,0,0,0,2,0,0,0,106643673,4,0,5445982000,0
438,120.6447577,31.41907026,-60.31362152,13.5666666,0,0,0,0,0,0,2,0,0,0,106643673,4,0,5446033000,0
439,120.6447515,31.41907336,-60.43345642,13.53910732,0,0,0,0,0,0,2,0,0,0,106643673,4,0,5446083000,0
440,120.6447452,31.41907655,-60.55052185,13.51381493,0,0,0,0,0,0,2,0,0,0,106643673,4,0,5446133000,0
441,120.6447389,31.41907973,-60.66644287,13.48759365,0,0,0,0,0,0,2,0,0,0,106643673,4,0,5446183000,0
442,120.6447328,31.41908275,-60.78313065,13.4582901,0,0,0,0,0,0,2,0,0,0,106643673,4,0,5446233000,0
443,120.6447267,31.41908577,-60.9031601,13.43333817,0,0,0,0,0,0,2,0,0,0,106643673,4,0,5446283000,0
444,120.6447202,31.41908887,-61.0243721,13.40200806,0,0,0,0,0,0,2,0,0,0,106643673,4,0,5446333000,0
445,120.6447138,31.41909197,-61.14852524,13.37864208,0,0,0,0,0,0,2,0,0,0,106643673,4,0,5446383000,0
446,120.6447077,31.4190949,-61.27031326,13.35408497,0,0,0,0,0,0,2,0,0,0,106643673,4,0,5446433000,0
447,120.6447017,31.41909775,-61.38843155,13.32807255,0,0,0,0,0,0,2,0,0,0,106643673,4,0,5446482000,0
448,120.6446951,31.41910077,-61.51189804,13.30451107,0,0,0,0,0,0,2,0,0,0,106643673,4,0,5446533000,0
449,120.6446889,31.41910379,-61.63269806,13.28323364,0,0,0,0,0,0,2,0,0,0,106643673,4,0,5446583000,0
450,120.6446826,31.41910664,-61.75322342,13.25945091,0,0,0,0,0,0,2,0,0,0,106643673,4,0,5446633000,0
451,120.6446764,31.41910957,-61.86535645,13.23236084,0,0,0,0,0,0,2,0,0,0,106643673,4,0,5446683000,0
452,120.6446702,31.41911242,-61.9753418,13.21111584,0,0,0,0,0,0,2,0,0,0,106643673,4,0,5446733000,0
453,120.644664,31.41911519,-62.08528519,13.18639946,0,0,0,0,0,0,2,0,0,0,106643674,3,0,5446783000,0
454,120.6446579,31.41911804,-62.19371033,13.15785789,0,0,0,0,0,0,2,0,0,0,106643674,3,0,5446833000,0
455,120.644652,31.41912072,-62.29293823,13.14021683,0,0,0,0,0,0,2,0,0,0,106643674,3,0,5446882000,0
456,120.6446457,31.41912357,-62.3840065,13.1238203,0,0,0,0,0,0,2,0,0,0,106643676,3,0,5446933000,0
457,120.6446396,31.41912625,-62.46492767,13.11812401,0,0,0,0,0,0,2,0,0,0,106643676,3,0,5446983000,0
458,120.6446335,31.41912902,-62.54106903,13.10937405,0,0,0,0,0,0,2,0,0,0,106643676,3,0,5447033000,0
459,120.6446273,31.4191317,-62.60729218,13.09794617,0,0,0,0,0,0,2,0,0,0,106643676,3,0,5447083000,0
460,120.6446211,31.41913447,-62.66617584,13.09170341,0,0,0,0,0,0,2,0,0,0,106643676,3,0,5447133000,0
461,120.644615,31.41913723,-62.7121315,13.08326149,0,0,0,0,0,0,2,0,0,0,106643676,3,0,5447183000,0
462,120.644609,31.41913983,-62.74481964,13.07717037,0,0,0,0,0,0,2,0,0,0,106643676,3,0,5447233000,0
463,120.644603,31.41914251,-62.76722336,13.08377457,0,0,0,0,0,0,2,0,0,0,106643676,3,0,5447283000,0
464,120.6445967,31.41914528,-62.78109741,13.0770731,0,0,0,0,0,0,2,0,0,0,106643676,3,0,5447333000,0
465,120.6445904,31.41914804,-62.78774261,13.07637024,0,0,0,0,0,0,2,0,0,0,106643676,3,0,5447383000,0
466,120.6445842,31.41915073,-62.79439163,13.07884502,0,0,0,0,0,0,2,0,0,0,106643676,3,0,5447433000,0
467,120.644578,31.41915341,-62.80107117,13.07813072,0,0,0,0,0,0,2,0,0,0,106643676,3,0,5447482000,0
468,120.6445718,31.41915618,-62.80187988,13.07843971,0,0,0,0,0,0,2,0,0,0,106643676,3,0,5447533000,0
469,120.6445656,31.41915877,-62.79577255,13.07245445,0,0,0,0,0,0,2,0,0,0,106643676,3,0,5447583000,0
470,120.6445596,31.41916146,-62.78327179,13.07241917,0,0,0,0,0,0,2,0,0,0,106643676,3,0,5447633000,0
471,120.6445535,31.41916414,-62.76498032,13.07322598,0,0,0,0,0,0,2,0,0,0,106643676,3,0,5447683000,0
472,120.6445475,31.41916674,-62.73707199,13.07003689,0,0,0,0,0,0,2,0,0,0,106643676,4,0,5447733000,0
473,120.6445416,31.41916933,-62.70106125,13.065938,0,0,0,0,0,0,2,0,0,0,106643676,4,0,5447783000,0
474,120.6445356,31.41917202,-62.65768814,13.0567255,0,0,0,0,0,0,2,0,0,0,106643676,4,0,5447833000,0
475,120.6445298,31.41917462,-62.60471725,13.04860306,0,0,0,0,0,0,2,0,0,0,106643676,4,0,5447882000,0
476,120.6445231,31.41917747,-62.54598236,13.0410099,0,0,0,0,0,0,2,0,0,0,106643676,4,0,5447933000,0
477,120.644517,31.41918023,-62.48535919,13.02901363,0,0,0,0,0,0,2,0,0,0,106643676,4,0,5447982000,0
478,120.6445106,31.41918308,-62.41410828,13.0189867,0,0,0,0,0,0,2,0,0,0,106643676,4,0,5448033000,0
479,120.6445045,31.41918585,-62.34458542,13.0130949,0,0,0,0,0,0,2,0,0,0,106643676,4,0,5448082000,0
480,120.6444981,31.41918861,-62.28044891,13.00003624,0,0,0,0,0,0,2,0,0,0,106643676,4,0,5448133000,0
481,120.644492,31.41919138,-62.21827316,12.98556232,0,0,0,0,0,0,2,0,0,0,106643676,4,0,5448183000,0
482,120.6444858,31.41919415,-62.15460587,12.96722412,0,0,0,0,0,0,2,0,0,0,106643676,4,0,5448233000,0
483,120.6444798,31.41919691,-62.09067154,12.94975281,0,0,0,0,0,0,2,0,0,0,106639410,4,0,5448283000,0
484,120.6444736,31.41919968,-62.03064346,12.9275322,0,0,0,0,0,0,2,0,0,0,106639410,4,0,5448333000,0
485,120.6444674,31.41920253,-61.96675491,12.91180992,0,0,0,0,0,0,2,0,0,0,106639410,4,0,5448383000,0
486,120.6444615,31.41920513,-61.9036293,12.89242649,0,0,0,0,0,0,2,0,0,0,106639410,4,0,5448433000,0
487,120.6444556,31.41920781,-61.83983994,12.8773241,0,0,0,0,0,0,2,0,0,0,106639410,4,0,5448483000,0
488,120.6444496,31.41921057,-61.77470398,12.86126614,0,0,0,0,0,0,2,0,0,0,106639410,4,0,5448533000,0
489,120.6444439,31.41921326,-61.7074585,12.83644485,0,0,0,0,0,0,2,0,0,0,106639410,4,0,5448582000,0
490,120.6444377,31.41921611,-61.63176727,12.81488037,0,0,0,0,0,0,2,0,0,0,106639410,4,0,5448633000,0
491,120.6444317,31.41921896,-61.55802917,12.7938118,0,0,0,0,0,0,2,0,0,0,106639410,4,0,5448683000,0
492,120.6444257,31.41922172,-61.47493744,12.77210045,0,0,0,0,0,0,2,0,0,0,106639410,4,0,5448733000,0
493,120.6444198,31.41922457,-61.39308929,12.74866676,0,0,0,0,0,0,2,0,0,0,106639410,4,0,5448782000,0
494,120.6444138,31.41922734,-61.30099106,12.73065281,0,0,0,0,0,0,2,0,0,0,106639410,4,0,5448833000,0
495,120.644408,31.4192301,-61.20087814,12.71524906,0,0,0,0,0,0,2,0,0,0,106639410,4,0,5448883000,0
496,120.6444019,31.41923304,-61.09548187,12.70381165,0,0,0,0,0,0,2,0,0,0,106639410,4,0,5448933000,0
497,120.6443958,31.41923589,-60.98265076,12.69404793,0,0,0,0,0,0,2,0,0,0,106639410,4,0,5448983000,0
498,120.6443899,31.41923874,-60.86528015,12.68590069,0,0,0,0,0,0,2,0,0,0,106639410,4,0,5449033000,0
499,120.6443838,31.41924159,-60.75374985,12.67365646,0,0,0,0,0,0,2,0,0,0,106639410,4,0,5449083000,0
500,120.6443781,31.41924444,-60.6445694,12.66439915,0,0,0,0,0,0,2,0,0,0,106639410,4,0,5449133000,0
501,120.6443723,31.4192472,-60.53928757,12.66364384,0,0,0,0,0,0,2,0,0,0,106639410,4,0,5449182000,0
502,120.6443664,31.41925005,-60.42676926,12.66575623,0,0,0,0,0,0,2,0,0,0,106639410,4,0,5449233000,0
503,120.6443606,31.4192529,-60.31697845,12.66936302,0,0,0,0,0,0,2,0,0,0,106639410,4,0,5449283000,0
504,120.6443548,31.41925567,-60.20735168,12.67567158,0,0,0,0,0,0,2,0,0,0,106639410,4,0,5449333000,0
505,120.6443491,31.41925852,-60.0999527,12.68873024,0,0,0,0,0,0,2,0,0,0,106639410,4,0,5449383000,0
506,120.6443434,31.41926128,-60.00140762,12.70179844,0,0,0,0,0,0,2,0,0,0,106639410,4,0,5449433000,0
507,120.6443379,31.41926405,-59.90872192,12.71792984,0,0,0,0,0,0,2,0,0,0,106639410,4,0,5449482000,0
508,120.6443317,31.41926707,-59.8183136,12.74181175,0,0,0,0,0,0,2,0,0,0,106639410,4,0,5449533000,0
509,120.6443258,31.41927,-59.74210358,12.76140881,0,0,0,0,0,0,2,0,0,0,106639410,4,0,5449583000,0
510,120.6443199,31.41927294,-59.68545151,12.79064369,0,0,0,0,0,0,2,0,0,0,106639410,4,0,5449633000,0
511,120.644314,31.41927587,-59.63441849,12.82143593,0,0,0,0,0,0,2,0,0,0,106639410,4,0,5449683000,0
512,120.644307,31.41927939,-59.58294296,12.85591602,0,0,0,0,0,0,2,0,0,0,106639410,4,0,5449743000,0
513,120.6443023,31.41928174,-59.55316925,12.88169003,0,0,0,0,0,0,2,0,0,0,106639410,4,0,5449783000,0
514,120.6442965,31.41928467,-59.5165863,12.89431667,0,0,0,0,0,0,2,0,0,0,106639410,4,0,5449833000,0
515,120.6442893,31.41928827,-59.4726181,12.92924881,0,0,0,0,0,0,2,0,0,0,106639410,4,0,5449895000,0
516,120.6442847,31.41929054,-59.45286179,12.9522419,0,0,0,0,0,0,2,0,0,0,106639410,4,0,5449933000,0
517,120.6442775,31.41929423,-59.42470551,12.98592949,0,0,0,0,0,0,2,0,0,0,106639410,4,0,5449994000,0
518,120.6442719,31.41929707,-59.40145111,13.01287651,0,0,0,0,0,0,2,0,0,0,106639410,4,0,5450043000,0
519,120.6442662,31.41930001,-59.37759399,13.04081535,0,0,0,0,0,0,2,0,0,0,106639410,4,0,5450093000,0
520,120.6442604,31.41930303,-59.35240173,13.07109928,0,0,0,0,0,0,2,0,0,0,106639410,4,0,5450143000,0
521,120.6442545,31.41930596,-59.32141876,13.10051346,0,0,0,0,0,0,2,0,0,0,106639410,4,0,5450193000,0
522,120.6442498,31.41930847,-59.29405975,13.12263489,0,0,0,0,0,0,2,0,0,0,106639410,4,0,5450233000,0
523,120.6442426,31.41931208,-59.25654984,13.15974808,0,0,0,0,0,0,2,0,0,0,106639410,4,0,5450293000,0
524,120.6442365,31.41931526,-59.22708893,13.18555641,0,0,0,0,0,0,2,0,0,0,106639410,4,0,5450344000,0
525,120.6442305,31.41931836,-59.19524002,13.20788288,0,0,0,0,0,0,2,0,0,0,106639410,4,0,5450394000,0
526,120.6442248,31.41932138,-59.16648865,13.23328018,0,0,0,0,0,0,2,0,0,0,106639410,4,0,5450443000,0
527,120.6442188,31.4193244,-59.14224243,13.25719833,0,0,0,0,0,0,2,0,0,0,106639410,4,0,5450493000,0
528,120.6442138,31.419327,-59.12017441,13.27848721,0,0,0,0,0,0,2,0,0,0,106639410,4,0,5450533000,0
529,120.6442063,31.41933085,-59.08876038,13.31087494,0,0,0,0,0,0,2,0,0,0,106639410,4,0,5450593000,0
530,120.6442002,31.41933404,-59.06837082,13.34107685,0,0,0,0,0,0,2,0,0,0,106639410,4,0,5450643000,0
531,120.644194,31.41933722,-59.05381775,13.36603642,0,0,0,0,0,0,2,0,0,0,106639410,4,0,5450693000,0
532,120.644188,31.41934033,-59.03958893,13.388484,0,0,0,0,0,0,2,0,0,0,106639410,4,0,5450743000,0
533,120.6441818,31.41934351,-59.02825165,13.41512585,0,0,0,0,0,0,2,0,0,0,106639410,4,0,5450793000,0
534,120.6441758,31.41934661,-59.01682281,13.43757915,0,0,0,0,0,0,2,0,0,0,106639410,4,0,5450843000,0
535,120.6441697,31.4193498,-59.00691986,13.4586277,0,0,0,0,0,0,2,0,0,0,106639410,4,0,5450893000,0
536,120.6441633,31.41935298,-59.00159454,13.47974873,0,0,0,0,0,0,2,0,0,0,106639410,4,0,5450943000,0
537,120.6441572,31.41935617,-59.0008049,13.49921417,0,0,0,0,0,0,2,0,0,0,106639410,4,0,5450993000,0
538,120.6441512,31.41935927,-59.00320435,13.51518154,0,0,0,0,0,0,2,0,0,0,106639410,4,0,5451043000,0
539,120.6441452,31.41936237,-59.00443649,13.52655983,0,0,0,0,0,0,2,0,0,0,106639410,4,0,5451093000,0
540,120.6441391,31.41936547,-59.00701141,13.54959774,0,0,0,0,0,0,2,0,0,0,106639410,4,0,5451143000,0
541,120.644133,31.41936866,-59.00935364,13.57155895,0,0,0,0,0,0,2,0,0,0,106639410,4,0,5451193000,0
542,120.6441266,31.41937193,-59.00859451,13.59439945,0,0,0,0,0,0,2,0,0,0,106639410,4,0,5451244000,0
543,120.6441206,31.41937503,-59.00927734,13.61891651,0,0,0,0,0,0,2,0,0,0,106639410,4,0,5451293000,0
544,120.6441143,31.4193783,-59.00968552,13.64073563,0,0,0,0,0,0,2,0,0,0,106639410,4,0,5451343000,0
545,120.6441081,31.41938148,-59.0126152,13.66023159,0,0,0,0,0,0,2,0,0,0,106639410,4,0,5451393000,0
546,120.644102,31.41938467,-59.02394867,13.678298,0,0,0,0,0,0,2,0,0,0,106639410,4,0,5451443000,0
547,120.6440958,31.41938785,-59.04027939,13.69782257,0,0,0,0,0,0,2,0,0,0,106639410,4,0,5451493000,0
548,120.6440894,31.4193912,-59.05423355,13.71909237,0,0,0,0,0,0,2,0,0,0,106639410,4,0,5451543000,0
549,120.6440831,31.41939447,-59.06649399,13.74061584,0,0,0,0,0,0,2,0,0,0,106639410,4,0,5451593000,0
550,120.6440767,31.41939774,-59.07369232,13.7723875,0,0,0,0,0,0,2,0,0,0,106639410,4,0,5451643000,0
551,120.6440703,31.41940109,-59.07815933,13.79913235,0,0,0,0,0,0,2,0,0,0,106639410,4,0,5451694000,0
552,120.6440642,31.4194042,-59.08105469,13.8239069,0,0,0,0,0,0,2,0,0,0,106639410,4,0,5451743000,0
553,120.644058,31.41940746,-59.07998657,13.85034657,0,0,0,0,0,0,2,0,0,0,106639410,4,0,5451793000,0
554,120.6440517,31.41941065,-59.07581329,13.8633461,0,0,0,0,0,0,2,0,0,0,106639410,4,0,5451843000,0
555,120.6440454,31.41941392,-59.06933975,13.89239502,0,0,0,0,0,0,2,0,0,0,106639410,4,0,5451893000,0
556,120.6440388,31.41941727,-59.06061554,13.93043232,0,0,0,0,0,0,2,0,0,0,106639410,4,0,5451943000,0
557,120.6440324,31.41942054,-59.04766464,13.97545242,0,0,0,0,0,0,2,0,0,0,106639410,4,0,5451994000,0
558,120.6440261,31.41942381,-59.03057098,14.02025127,0,0,0,0,0,0,2,0,0,0,106639410,4,0,5452043000,0
559,120.6440197,31.41942708,-59.00795746,14.06471729,0,0,0,0,0,0,2,0,0,0,106639410,4,0,5452093000,0
560,120.6440134,31.41943035,-58.98054123,14.10639954,0,0,0,0,0,0,2,0,0,0,106639410,4,0,5452143000,0
561,120.6440071,31.41943362,-58.94440079,14.14601707,0,0,0,0,0,0,2,0,0,0,106639410,4,0,5452193000,0
562,120.6440007,31.4194368,-58.90773773,14.18587112,0,0,0,0,0,0,2,0,0,0,106639410,4,0,5452243000,0
563,120.6439941,31.41944024,-58.86724091,14.2299614,0,0,0,0,0,0,2,0,0,0,106639410,4,0,5452295000,0
564,120.6439877,31.41944351,-58.83016205,14.26728249,0,0,0,0,0,0,2,0,0,0,106639410,4,0,5452343000,0
565,120.6439812,31.41944694,-58.79335022,14.30915546,0,0,0,0,0,0,2,0,0,0,106639410,4,0,5452393000,0
566,120.6439749,31.41945013,-58.75723267,14.34912682,0,0,0,0,0,0,2,0,0,0,106639410,4,0,5452443000,0
567,120.6439685,31.41945348,-58.72359085,14.38807964,0,0,0,0,0,0,2,0,0,0,106639410,4,0,5452493000,0
568,120.6439621,31.41945683,-58.69046021,14.42803669,0,0,0,0,0,0,2,0,0,0,106639410,4,0,5452543000,0
569,120.6439555,31.41946027,-58.65573502,14.46584129,0,0,0,0,0,0,2,0,0,0,106639410,4,0,5452594000,0
570,120.6439491,31.41946362,-58.6236496,14.50411129,0,0,0,0,0,0,2,0,0,0,106639410,4,0,5452643000,0
571,120.6439425,31.41946706,-58.59131622,14.54223537,0,0,0,0,0,0,2,0,0,0,106639410,4,0,5452693000,0
572,120.6439358,31.41947058,-58.55622864,14.58187199,0,0,0,0,0,0,2,0,0,0,106639410,4,0,5452743000,0
573,120.6439292,31.41947402,-58.52423096,14.6178875,0,0,0,0,0,0,2,0,0,0,106639410,4,0,5452793000,0
574,120.6439214,31.41947812,-58.49065018,14.65586662,0,0,0,0,0,0,2,0,0,0,106639410,4,0,5452853000,0
575,120.6439161,31.41948089,-58.47118378,14.68657017,0,0,0,0,0,0,2,0,0,0,106639410,4,0,5452893000,0
576,120.6439078,31.41948525,-58.44897461,14.73300076,0,0,0,0,0,0,2,0,0,0,0,0,0,5452953000,0
577,120.6439025,31.41948801,-58.43064499,14.7658453,0,0,0,0,0,0,2,0,0,0,106631848,4,0,5452993000,0
578,120.6438943,31.41949229,-58.39939117,14.81733704,0,0,0,0,0,0,2,0,0,0,106631848,4,0,5453053000,0
579,120.643889,31.41949514,-58.37873077,14.84913254,0,0,0,0,0,0,2,0,0,0,106631848,4,0,5453093000,0
580,120.6438809,31.41949941,-58.34745407,14.9002943,0,0,0,0,0,0,2,0,0,0,106631848,4,0,5453153000,0
581,120.6438742,31.41950293,-58.31497574,14.93761635,0,0,0,0,0,0,2,0,0,0,106631848,4,0,5453203000,0
582,120.6438675,31.41950645,-58.2810936,14.97046185,0,0,0,0,0,0,2,0,0,0,106631848,4,0,5453253000,0
583,120.6438608,31.41951006,-58.25127792,15.00469875,0,0,0,0,0,0,2,0,0,0,106631848,4,0,5453303000,0
584,120.6438539,31.41951375,-58.21806335,15.03897858,0,0,0,0,0,0,2,0,0,0,106631848,4,0,5453354000,0
585,120.6438474,31.41951727,-58.19459152,15.0746088,0,0,0,0,0,0,2,0,0,0,106631848,4,0,5453403000,0
586,120.6438409,31.41952079,-58.17720413,15.1101284,0,0,0,0,0,0,2,0,0,0,106631848,4,0,5453453000,0
587,120.6438355,31.41952364,-58.16139984,15.1377697,0,0,0,0,0,0,2,0,0,0,106631848,4,0,5453493000,0
588,120.6438269,31.41952816,-58.13566208,15.18650246,0,0,0,0,0,0,2,0,0,0,106631848,4,0,5453553000,0
589,120.6438201,31.41953194,-58.116436,15.22606468,0,0,0,0,0,0,2,0,0,0,106631848,4,0,5453603000,0
590,120.643813,31.41953571,-58.09483719,15.26025677,0,0,0,0,0,0,2,0,0,0,106631848,4,0,5453653000,0
591,120.6438062,31.4195394,-58.07863617,15.29249573,0,0,0,0,0,0,2,0,0,0,106631848,4,0,5453703000,0
592,120.6437992,31.41954308,-58.06232834,15.32651615,0,0,0,0,0,0,2,0,0,0,106631848,4,0,5453753000,0
593,120.6437923,31.41954677,-58.0439415,15.36194134,0,0,0,0,0,0,2,0,0,0,106631848,4,0,5453803000,0
594,120.6437854,31.41955046,-58.03076553,15.39679623,0,0,0,0,0,0,2,0,0,0,106631848,4,0,5453853000,0
595,120.6437786,31.41955415,-58.01773453,15.43206882,0,0,0,0,0,0,2,0,0,0,106631848,4,0,5453903000,0
596,120.6437719,31.41955775,-58.0014801,15.46819592,0,0,0,0,0,0,2,0,0,0,106631848,4,0,5453953000,0
597,120.6437651,31.41956136,-57.98465347,15.50244904,0,0,0,0,0,0,2,0,0,0,106631848,4,0,5454003000,0
598,120.6437584,31.41956504,-57.96466064,15.53602791,0,0,0,0,0,0,2,0,0,0,106631848,4,0,5454053000,0
599,120.6437515,31.41956873,-57.9431572,15.568717,0,0,0,0,0,0,2,0,0,0,106631848,4,0,5454103000,0
600,120.6437446,31.4195725,-57.92482376,15.60186863,0,0,0,0,0,0,2,0,0,0,106631848,4,0,5454153000,0
601,120.6437376,31.41957628,-57.90996933,15.63460922,0,0,0,0,0,0,2,0,0,0,106631848,4,0,5454203000,0
602,120.6437303,31.41958022,-57.90198135,15.67311287,0,0,0,0,0,0,2,0,0,0,106631848,4,0,5454253000,0
603,120.6437232,31.41958407,-57.90345001,15.70470428,0,0,0,0,0,0,2,0,0,0,106631848,4,0,5454303000,0
604,120.6437158,31.41958801,-57.91100311,15.73715496,0,0,0,0,0,0,2,0,0,0,106631848,4,0,5454353000,0
605,120.6437087,31.41959187,-57.92595291,15.77670288,0,0,0,0,0,0,2,0,0,0,106631848,4,0,5454403000,0
606,120.6437016,31.41959572,-57.93986511,15.81097794,0,0,0,0,0,0,2,0,0,0,106631848,4,0,5454453000,0
607,120.6436945,31.41959958,-57.95320511,15.84476185,0,0,0,0,0,0,2,0,0,0,106631848,4,0,5454503000,0
608,120.6436871,31.41960352,-57.96777725,15.87738132,0,0,0,0,0,0,2,0,0,0,106631848,4,0,5454553000,0
609,120.6436799,31.41960737,-57.98106766,15.90495396,0,0,0,0,0,0,2,0,0,0,106631848,4,0,5454603000,0
610,120.6436729,31.41961114,-57.99066544,15.93143559,0,0,0,0,0,0,2,0,0,0,106631848,4,0,5454653000,0
611,120.6436658,31.41961492,-58.00044632,15.96054554,0,0,0,0,0,0,2,0,0,0,106631848,4,0,5454703000,0
612,120.6436587,31.41961877,-58.0129509,15.98541164,0,0,0,0,0,0,2,0,0,0,106631848,4,0,5454753000,0
613,120.6436515,31.41962263,-58.02486038,16.00873756,0,0,0,0,0,0,2,0,0,0,106631848,4,0,5454803000,0
614,120.6436443,31.41962648,-58.03820801,16.03228188,0,0,0,0,0,0,2,0,0,0,106631848,4,0,5454853000,0
615,120.6436372,31.41963034,-58.05316544,16.05188179,0,0,0,0,0,0,2,0,0,0,106631848,4,0,5454903000,0
616,120.6436301,31.41963411,-58.06943893,16.07120895,0,0,0,0,0,0,2,0,0,0,106631848,4,0,5454953000,0
617,120.6436231,31.41963797,-58.08454895,16.09065628,0,0,0,0,0,0,2,0,0,0,106631848,4,0,5455003000,0
618,120.6436161,31.41964174,-58.09292984,16.11322784,0,0,0,0,0,0,2,0,0,0,106631848,4,0,5455053000,0
619,120.6436088,31.41964559,-58.09140778,16.14717293,0,0,0,0,0,0,2,0,0,0,106631848,4,0,5455103000,0
620,120.6436011,31.4196497,-58.08491516,16.17161751,0,0,0,0,0,0,2,0,0,0,106631848,4,0,5455153000,0
621,120.6435936,31.41965372,-58.07198715,16.19651604,0,0,0,0,0,0,2,0,0,0,106631848,4,0,5455203000,0
622,120.643586,31.41965783,-58.05669022,16.22421646,0,0,0,0,0,0,2,0,0,0,106631848,4,0,5455254000,0
623,120.6435787,31.41966177,-58.04286575,16.24409485,0,0,0,0,0,0,2,0,0,0,106631848,4,0,5455303000,0
624,120.6435713,31.41966571,-58.0268898,16.271101,0,0,0,0,0,0,2,0,0,0,106631848,4,0,5455353000,0
625,120.643564,31.41966965,-58.01678467,16.28893089,0,0,0,0,0,0,2,0,0,0,106631848,4,0,5455403000,0
626,120.6435567,31.41967359,-58.00864792,16.30406761,0,0,0,0,0,0,2,0,0,0,106631848,4,0,5455453000,0
627,120.6435494,31.41967753,-58.00309753,16.32221031,0,0,0,0,0,0,2,0,0,0,106631848,4,0,5455503000,0
628,120.6435419,31.41968147,-57.99872589,16.34105682,0,0,0,0,0,0,2,0,0,0,106631848,4,0,5455553000,0
629,120.6435346,31.41968541,-57.99231339,16.36144066,0,0,0,0,0,0,2,0,0,0,106631848,4,0,5455603000,0
630,120.6435275,31.41968918,-57.98500824,16.38404846,0,0,0,0,0,0,2,0,0,0,106631848,4,0,5455653000,0
631,120.6435202,31.41969304,-57.97768021,16.40572548,0,0,0,0,0,0,2,0,0,0,106631848,4,0,5455703000,0
632,120.643513,31.41969698,-57.96599197,16.41956902,0,0,0,0,0,0,2,0,0,0,106631848,4,0,5455753000,0
633,120.6435056,31.41970091,-57.95668793,16.43815613,0,0,0,0,0,0,2,0,0,0,106631848,4,0,5455803000,0
634,120.6434982,31.41970485,-57.94303513,16.45631599,0,0,0,0,0,0,2,0,0,0,106631848,4,0,5455853000,0
635,120.6434892,31.41970963,-57.920681,16.47831535,0,0,0,0,0,0,2,0,0,0,106631848,4,0,5455913000,0
636,120.6434833,31.4197129,-57.90581512,16.49122429,0,0,0,0,0,0,2,0,0,0,106631848,4,0,5455953000,0
637,120.6434744,31.41971768,-57.88866043,16.50317192,0,0,0,0,0,0,2,0,0,0,106631848,4,0,5456013000,0
638,120.6434686,31.41972078,-57.87628174,16.51167297,0,0,0,0,0,0,2,0,0,0,106631848,4,0,5456053000,0
639,120.6434599,31.41972556,-57.86184692,16.51735687,0,0,0,0,0,0,2,0,0,0,106631848,4,0,5456113000,0
640,120.6434541,31.41972866,-57.85471344,16.51851845,0,0,0,0,0,0,2,0,0,0,106631848,4,0,5456153000,0
641,120.6434452,31.41973352,-57.84755707,16.52868652,0,0,0,0,0,0,2,0,0,0,106631848,4,0,5456214000,0
642,120.6434392,31.41973671,-57.84295654,16.53917313,0,0,0,0,0,0,2,0,0,0,106631848,4,0,5456253000,0
643,120.6434317,31.41974073,-57.83765411,16.54996872,0,0,0,0,0,0,2,0,0,0,106631848,4,0,5456303000,0
644,120.643424,31.41974484,-57.82925415,16.57074738,0,0,0,0,0,0,2,0,0,0,106631848,4,0,5456353000,0
645,120.6434164,31.41974894,-57.81778336,16.58019829,0,0,0,0,0,0,2,0,0,0,106631848,4,0,5456403000,0
646,120.6434073,31.41975389,-57.80853653,16.59214783,0,0,0,0,0,0,2,0,0,0,106631848,4,0,5456463000,0
647,120.6433997,31.419758,-57.79827118,16.60472298,0,0,0,0,0,0,2,0,0,0,106631848,4,0,5456513000,0
648,120.6433936,31.41976135,-57.78791046,16.6120224,0,0,0,0,0,0,2,0,0,0,106631848,4,0,5456553000,0
649,120.6433848,31.41976613,-57.77036285,16.6176815,0,0,0,0,0,0,2,0,0,0,106631848,4,0,5456613000,0
650,120.6433777,31.41977007,-57.75538635,16.62362289,0,0,0,0,0,0,2,0,0,0,106631848,4,0,5456663000,0
651,120.6433703,31.41977401,-57.74226379,16.6260128,0,0,0,0,0,0,2,0,0,0,106631848,4,0,5456713000,0
652,120.643363,31.41977803,-57.72674179,16.63053703,0,0,0,0,0,0,2,0,0,0,106631848,4,0,5456763000,0
653,120.6433555,31.41978205,-57.71326065,16.63309097,0,0,0,0,0,0,2,0,0,0,106631848,4,0,5456813000,0
654,120.6433481,31.41978616,-57.7000351,16.63316917,0,0,0,0,0,0,2,0,0,0,106631848,4,0,5456863000,0
655,120.6433406,31.41979018,-57.68512726,16.63821793,0,0,0,0,0,0,2,0,0,0,106631848,4,0,5456913000,0
656,120.6433331,31.41979429,-57.67467117,16.63973618,0,0,0,0,0,0,2,0,0,0,106631848,4,0,5456963000,0
657,120.6433257,31.41979831,-57.66453171,16.6398201,0,0,0,0,0,0,2,0,0,0,106631848,4,0,5457013000,0
658,120.6433184,31.41980225,-57.65720367,16.64562607,0,0,0,0,0,0,2,0,0,0,106631848,4,0,5457063000,0
659,120.6433108,31.41980636,-57.6496582,16.64416313,0,0,0,0,0,0,2,0,0,0,106631848,4,0,5457113000,0
660,120.6433031,31.41981063,-57.63751602,16.64620018,0,0,0,0,0,0,2,0,0,0,106631848,4,0,5457163000,0
661,120.6432956,31.41981466,-57.62605667,16.64663315,0,0,0,0,0,0,2,0,0,0,106631848,4,0,5457213000,0
662,120.643288,31.41981876,-57.61089325,16.64434433,0,0,0,0,0,0,2,0,0,0,106631848,4,0,5457263000,0
663,120.6432806,31.41982279,-57.58734131,16.64506531,0,0,0,0,0,0,2,0,0,0,106631848,4,0,5457313000,0
664,120.6432732,31.41982689,-57.56900024,16.64553261,0,0,0,0,0,0,2,0,0,0,106631848,4,0,5457363000,0
665,120.6432658,31.41983092,-57.549366,16.64028931,0,0,0,0,0,0,2,0,0,0,106631848,4,0,5457413000,0
666,120.6432584,31.41983494,-57.52875137,16.64245033,0,0,0,0,0,0,2,0,0,0,106631848,4,0,5457463000,0
667,120.6432509,31.41983905,-57.50788498,16.6413269,0,0,0,0,0,0,2,0,0,0,106631848,4,0,5457513000,0
668,120.6432433,31.41984324,-57.48278046,16.6337986,0,0,0,0,0,0,2,0,0,0,106631848,4,0,5457563000,0
669,120.6432359,31.41984726,-57.46010971,16.63519669,0,0,0,0,0,0,2,0,0,0,106631848,4,0,5457613000,0
670,120.6432285,31.41985137,-57.43308258,16.63169289,0,0,0,0,0,0,2,0,0,0,106631848,4,0,5457665000,0
671,120.6432214,31.41985523,-57.41516113,16.63272285,0,0,0,0,0,0,2,0,0,0,106631848,4,0,5457713000,0
672,120.6432141,31.41985933,-57.39622498,16.63196945,0,0,0,0,0,0,2,0,0,0,106631848,4,0,5457763000,0
673,120.6432067,31.41986336,-57.37356186,16.63128662,0,0,0,0,0,0,2,0,0,0,106631848,4,0,5457813000,0
674,120.6431992,31.41986746,-57.35069656,16.63398361,0,0,0,0,0,0,2,0,0,0,106631848,4,0,5457863000,0
675,120.6431918,31.41987157,-57.32901001,16.63068008,0,0,0,0,0,0,2,0,0,0,106631848,4,0,5457913000,0
676,120.6431842,31.41987568,-57.30687714,16.62969398,0,0,0,0,0,0,2,0,0,0,106631848,4,0,5457963000,0
677,120.6431768,31.4198797,-57.283638,16.63150406,0,0,0,0,0,0,2,0,0,0,106631848,4,0,5458013000,0
678,120.6431696,31.41988364,-57.2663002,16.62678528,0,0,0,0,0,0,2,0,0,0,106631848,4,0,5458063000,0
679,120.6431623,31.41988766,-57.24364471,16.62382507,0,0,0,0,0,0,2,0,0,0,106631848,4,0,5458113000,0
680,120.6431551,31.41989169,-57.22299576,16.62463951,0,0,0,0,0,0,2,0,0,0,106631848,4,0,5458163000,0
681,120.6431478,31.41989571,-57.20460129,16.62071609,0,0,0,0,0,0,2,0,0,0,106631848,4,0,5458213000,0
682,120.6431407,31.41989965,-57.18159866,16.61506271,0,0,0,0,0,0,2,0,0,0,106631848,4,0,5458263000,0
683,120.6431333,31.41990367,-57.16226959,16.61437416,0,0,0,0,0,0,2,0,0,0,106631848,4,0,5458313000,0
684,120.643126,31.41990786,-57.1386261,16.60824776,0,0,0,0,0,0,2,0,0,0,106631848,4,0,5458363000,0
685,120.6431185,31.41991206,-57.11656189,16.60222244,0,0,0,0,0,0,2,0,0,0,106631848,4,0,5458413000,0
686,120.6431107,31.41991633,-57.09348297,16.59417534,0,0,0,0,0,0,2,0,0,0,106631848,4,0,5458463000,0
687,120.6431031,31.4199206,-57.07459259,16.58294868,0,0,0,0,0,0,2,0,0,0,106631848,4,0,5458513000,0
688,120.6430954,31.41992496,-57.0563736,16.58302116,0,0,0,0,0,0,2,0,0,0,106631848,4,0,5458563000,0
689,120.6430878,31.41992915,-57.03900909,16.57365227,0,0,0,0,0,0,2,0,0,0,106631848,4,0,5458613000,0
690,120.6430802,31.41993335,-57.01888657,16.56438446,0,0,0,0,0,0,2,0,0,0,106631848,4,0,5458663000,0
691,120.6430729,31.41993745,-56.9999733,16.55924988,0,0,0,0,0,0,2,0,0,0,106631848,4,0,5458713000,0
692,120.6430655,31.41994156,-56.97705078,16.54583168,0,0,0,0,0,0,2,0,0,0,106631848,4,0,5458763000,0
693,120.6430585,31.4199455,-56.95148849,16.53485107,0,0,0,0,0,0,2,0,0,0,106631848,4,0,5458813000,0
694,120.643052,31.41994919,-56.92652893,16.51600075,0,0,0,0,0,0,2,0,0,0,106631848,4,0,5458863000,0
695,120.6430447,31.41995321,-56.90380859,16.49782372,0,0,0,0,0,0,2,0,0,0,106631848,4,0,5458913000,0
696,120.6430372,31.4199574,-56.88129044,16.48304176,0,0,0,0,0,0,2,0,0,0,106631848,4,0,5458963000,0
697,120.6430298,31.41996159,-56.8611412,16.46241188,0,0,0,0,0,0,2,0,0,0,106631848,4,0,5459013000,0
698,120.6430224,31.4199657,-56.84670258,16.43788528,0,0,0,0,0,0,2,0,0,0,0,0,0,5459063000,0
699,120.6430152,31.41996972,-56.83277512,16.42504311,0,0,0,0,0,0,2,0,0,0,106632289,4,0,5459113000,0
700,120.643008,31.41997375,-56.82792664,16.40670776,0,0,0,0,0,0,2,0,0,0,106632289,4,0,5459163000,0
701,120.6430008,31.41997777,-56.82222366,16.39254951,0,0,0,0,0,0,2,0,0,0,106632289,4,0,5459213000,0
702,120.6429936,31.41998188,-56.8195076,16.37962723,0,0,0,0,0,0,2,0,0,0,106632556,4,0,5459263000,0
703,120.6429863,31.41998598,-56.81385422,16.35527229,0,0,0,0,0,0,2,0,0,0,106632556,4,0,5459313000,0
704,120.6429789,31.41999009,-56.8069458,16.34122467,0,0,0,0,0,0,2,0,0,0,106632556,4,0,5459363000,0
705,120.6429717,31.4199942,-56.80655289,16.32936096,0,0,0,0,0,0,2,0,0,0,106632556,4,0,5459413000,0
706,120.6429627,31.41999923,-56.80781174,16.3166008,0,0,0,0,0,0,2,0,0,0,106632556,4,0,5459475000,0
707,120.642957,31.42000241,-56.80584335,16.31543541,0,0,0,0,0,0,2,0,0,0,106632556,4,0,5459513000,0
708,120.6429493,31.42000677,-56.8041153,16.30238342,0,0,0,0,0,0,2,0,0,0,106632556,4,0,5459563000,0
709,120.6429421,31.42001088,-56.79678726,16.29229355,0,0,0,0,0,0,2,0,0,0,106632556,4,0,5459613000,0
710,120.642935,31.42001482,-56.79297256,16.28594589,0,0,0,0,0,0,2,0,0,0,106632556,4,0,5459663000,0
711,120.6429281,31.42001876,-56.78882599,16.27433968,0,0,0,0,0,0,2,0,0,0,106632556,4,0,5459713000,0
712,120.6429199,31.42002345,-56.783535,16.26232338,0,0,0,0,0,0,2,0,0,0,106632556,4,0,5459773000,0
713,120.6429126,31.42002756,-56.7769928,16.25688171,0,0,0,0,0,0,2,0,0,0,106631875,4,0,5459823000,0
714,120.6429053,31.42003175,-56.77480316,16.25841904,0,0,0,0,0,0,2,0,0,0,106631875,4,0,5459873000,0
715,120.6428993,31.4200351,-56.7750473,16.26037407,0,0,0,0,0,0,2,0,0,0,106631875,4,0,5459913000,0
716,120.6428918,31.42003929,-56.77968597,16.26182556,0,0,0,0,0,0,2,0,0,0,106631875,4,0,5459963000,0
717,120.6428845,31.4200434,-56.78207016,16.26286697,0,0,0,0,0,0,2,0,0,0,106631875,4,0,5460013000,0
718,120.642877,31.42004767,-56.78340912,16.26204681,0,0,0,0,0,0,2,0,0,0,106631875,4,0,5460063000,0
719,120.6428686,31.42005245,-56.78615189,16.26363373,0,0,0,0,0,0,2,0,0,0,106631875,4,0,5460123000,0
720,120.6428614,31.42005639,-56.78330612,16.26694489,0,0,0,0,0,0,2,0,0,0,106631875,4,0,5460173000,0
721,120.6428545,31.42006033,-56.78427505,16.26738548,0,0,0,0,0,0,2,0,0,0,106631875,4,0,5460223000,0
722,120.6428474,31.42006427,-56.7891655,16.26580048,0,0,0,0,0,0,2,0,0,0,106631875,4,0,5460273000,0
723,120.6428401,31.42006838,-56.79374695,16.26948738,0,0,0,0,0,0,2,0,0,0,106631875,4,0,5460323000,0
724,120.6428326,31.42007257,-56.7975769,16.27335739,0,0,0,0,0,0,2,0,0,0,106631875,4,0,5460373000,0
725,120.6428254,31.42007659,-56.80768204,16.27027512,0,0,0,0,0,0,2,0,0,0,106631875,4,0,5460423000,0
726,120.6428183,31.42008062,-56.81534195,16.27013588,0,0,0,0,0,0,2,0,0,0,106631875,4,0,5460473000,0
727,120.6428108,31.42008481,-56.82095718,16.27508354,0,0,0,0,0,0,2,0,0,0,106631875,4,0,5460523000,0
728,120.6428033,31.420089,-56.82484055,16.27759361,0,0,0,0,0,0,2,0,0,0,106631875,4,0,5460573000,0
729,120.6427963,31.42009302,-56.82900238,16.27596474,0,0,0,0,0,0,2,0,0,0,106631875,4,0,5460623000,0
730,120.6427892,31.42009696,-56.83633041,16.27348137,0,0,0,0,0,0,2,0,0,0,106631875,4,0,5460673000,0
731,120.6427821,31.42010098,-56.85139084,16.27098846,0,0,0,0,0,0,2,0,0,0,106631875,4,0,5460723000,0
732,120.6427749,31.42010501,-56.87334824,16.27109146,0,0,0,0,0,0,2,0,0,0,106631875,4,0,5460773000,0
733,120.6427676,31.42010903,-56.9019165,16.2678833,0,0,0,0,0,0,2,0,0,0,106631875,4,0,5460823000,0
734,120.6427604,31.42011314,-56.93185806,16.26751137,0,0,0,0,0,0,2,0,0,0,106631875,4,0,5460873000,0
735,120.6427532,31.42011724,-56.96456909,16.27179909,0,0,0,0,0,0,2,0,0,0,106631875,4,0,5460923000,0
736,120.6427459,31.42012127,-56.99346924,16.27136421,0,0,0,0,0,0,2,0,0,0,106631875,4,0,5460973000,0
737,120.6427386,31.42012537,-57.01803207,16.2734623,0,0,0,0,0,0,2,0,0,0,106631875,4,0,5461023000,0
738,120.6427313,31.4201294,-57.04263306,16.27528763,0,0,0,0,0,0,2,0,0,0,106631875,4,0,5461073000,0
739,120.642724,31.42013359,-57.06847382,16.27108192,0,0,0,0,0,0,2,0,0,0,106631875,4,0,5461123000,0
740,120.6427163,31.42013778,-57.0921669,16.2714901,0,0,0,0,0,0,2,0,0,0,106631875,4,0,5461174000,0
741,120.6427095,31.42014164,-57.11106873,16.2719593,0,0,0,0,0,0,2,0,0,0,106631875,4,0,5461223000,0
742,120.6427024,31.42014557,-57.12025452,16.26771545,0,0,0,0,0,0,2,0,0,0,106631875,4,0,5461273000,0
743,120.6426953,31.4201496,-57.12350845,16.25728607,0,0,0,0,0,0,2,0,0,0,106631875,4,0,5461323000,0
744,120.6426882,31.42015354,-57.13076401,16.25814629,0,0,0,0,0,0,2,0,0,0,106631875,3,0,5461373000,0
745,120.642681,31.42015756,-57.13886261,16.25642586,0,0,0,0,0,0,2,0,0,0,106631875,3,0,5461423000,0
746,120.6426737,31.42016167,-57.14704514,16.25716209,0,0,0,0,0,0,2,0,0,0,106631875,3,0,5461473000,0
747,120.6426665,31.42016569,-57.15780258,16.25696373,0,0,0,0,0,0,2,0,0,0,106631875,3,0,5461523000,0
748,120.6426591,31.4201698,-57.16676331,16.25981903,0,0,0,0,0,0,2,0,0,0,106631875,3,0,5461573000,0
749,120.642652,31.42017374,-57.18106079,16.25981522,0,0,0,0,0,0,2,0,0,0,106631875,3,0,5461623000,0
750,120.6426449,31.42017768,-57.20653915,16.25444221,0,0,0,0,0,0,2,0,0,0,106631875,3,0,5461673000,0
751,120.6426378,31.42018162,-57.23558807,16.25284576,0,0,0,0,0,0,2,0,0,0,106631875,3,0,5461723000,0
752,120.6426307,31.42018547,-57.27064514,16.2533226,0,0,0,0,0,0,2,0,0,0,106631875,4,0,5461773000,0
753,120.6426233,31.42018958,-57.31116104,16.24399567,0,0,0,0,0,0,2,0,0,0,106631875,4,0,5461823000,0
754,120.642616,31.4201936,-57.34709167,16.24295998,0,0,0,0,0,0,2,0,0,0,106631875,4,0,5461873000,0
755,120.6426086,31.42019771,-57.38624954,16.24301338,0,0,0,0,0,0,2,0,0,0,106631875,4,0,5461923000,0
756,120.6426012,31.42020182,-57.42602921,16.23999214,0,0,0,0,0,0,2,0,0,0,106631875,4,0,5461973000,0
757,120.6425938,31.42020584,-57.46981049,16.23822403,0,0,0,0,0,0,2,0,0,0,106631875,4,0,5462023000,0
758,120.6425864,31.42020986,-57.51529694,16.24017906,0,0,0,0,0,0,2,0,0,0,106631875,4,0,5462073000,0
759,120.6425792,31.4202138,-57.5642128,16.23524857,0,0,0,0,0,0,2,0,0,0,106631875,4,0,5462123000,0
760,120.6425721,31.42021774,-57.61365509,16.23335838,0,0,0,0,0,0,2,0,0,0,106631875,4,0,5462173000,0
761,120.6425651,31.4202216,-57.6609726,16.22790718,0,0,0,0,0,0,2,0,0,0,106631875,4,0,5462223000,0
762,120.6425578,31.42022554,-57.70558548,16.22743988,0,0,0,0,0,0,2,0,0,0,106631875,4,0,5462274000,0
763,120.6425509,31.42022939,-57.75492477,16.23291016,0,0,0,0,0,0,2,0,0,0,106631875,4,0,5462323000,0
764,120.6425438,31.42023325,-57.81093979,16.2225647,0,0,0,0,0,0,2,0,0,0,106631875,4,0,5462373000,0
765,120.6425365,31.42023719,-57.87483978,16.21777725,0,0,0,0,0,0,2,0,0,0,106631875,4,0,5462423000,0
766,120.6425289,31.4202413,-57.94397354,16.21561813,0,0,0,0,0,0,2,0,0,0,106631875,4,0,5462475000,0
767,120.6425217,31.42024515,-58.00877762,16.20944214,0,0,0,0,0,0,2,0,0,0,106631875,4,0,5462523000,0
768,120.6425143,31.42024918,-58.07696152,16.19750023,0,0,0,0,0,0,2,0,0,0,106631875,4,0,5462573000,0
769,120.6425068,31.4202532,-58.14451218,16.19813538,0,0,0,0,0,0,2,0,0,0,106631875,4,0,5462623000,0
770,120.6424993,31.42025731,-58.2122345,16.19230461,0,0,0,0,0,0,2,0,0,0,106631875,4,0,5462673000,0
771,120.6424919,31.42026125,-58.27903748,16.18954086,0,0,0,0,0,0,2,0,0,0,106631875,4,0,5462723000,0
772,120.6424845,31.42026518,-58.3477211,16.18853569,0,0,0,0,0,0,2,0,0,0,106631875,4,0,5462773000,0
773,120.6424774,31.42026896,-58.41485977,16.18608665,0,0,0,0,0,0,2,0,0,0,106631875,4,0,5462823000,0
774,120.6424703,31.42027273,-58.48049927,16.1893158,0,0,0,0,0,0,2,0,0,0,106631875,4,0,5462873000,0
775,120.6424628,31.42027667,-58.5459404,16.18616867,0,0,0,0,0,0,2,0,0,0,106631875,4,0,5462923000,0
776,120.642455,31.42028078,-58.60946274,16.18390846,0,0,0,0,0,0,2,0,0,0,106631875,4,0,5462975000,0
777,120.6424481,31.42028438,-58.6697731,16.18107796,0,0,0,0,0,0,2,0,0,0,106631875,4,0,5463023000,0
778,120.642441,31.42028815,-58.73954391,16.16898346,0,0,0,0,0,0,2,0,0,0,106631875,4,0,5463073000,0
779,120.642434,31.42029184,-58.80611801,16.16319847,0,0,0,0,0,0,2,0,0,0,106631875,4,0,5463123000,0
780,120.6424271,31.42029544,-58.87067795,16.16017723,0,0,0,0,0,0,2,0,0,0,106631875,4,0,5463173000,0
781,120.6424183,31.42029997,-58.9479866,16.15468597,0,0,0,0,0,0,2,0,0,0,106631875,4,0,5463233000,0
782,120.6424106,31.42030399,-59.01210785,16.15104675,0,0,0,0,0,0,2,0,0,0,0,0,0,5463285000,0
783,120.6424052,31.42030676,-59.05916595,16.1510849,0,0,0,0,0,0,2,0,0,0,106630850,3,0,5463323000,0
784,120.6423983,31.42031036,-59.12443542,16.14464378,0,0,0,0,0,0,2,0,0,0,106630850,3,0,5463373000,0
785,120.6423893,31.42031497,-59.20110703,16.14178085,0,0,0,0,0,0,2,0,0,0,106630850,3,0,5463433000,0
786,120.6423814,31.420319,-59.27105331,16.13762474,0,0,0,0,0,0,2,0,0,0,106630850,3,0,5463485000,0
787,120.6423738,31.42032294,-59.33363724,16.13285828,0,0,0,0,0,0,2,0,0,0,106630850,3,0,5463533000,0
788,120.6423659,31.42032704,-59.39741135,16.13209534,0,0,0,0,0,0,2,0,0,0,106630850,3,0,5463583000,0
789,120.6423582,31.42033098,-59.46686554,16.12787437,0,0,0,0,0,0,2,0,0,0,106630850,3,0,5463635000,0
790,120.6423525,31.42033383,-59.51401138,16.12517738,0,0,0,0,0,0,2,0,0,0,106630850,3,0,5463673000,0
791,120.642344,31.42033811,-59.58903122,16.11883163,0,0,0,0,0,0,2,0,0,0,106630850,3,0,5463733000,0
792,120.6423371,31.42034163,-59.65353394,16.10683823,0,0,0,0,0,0,2,0,0,0,106630850,3,0,5463783000,0
793,120.6423302,31.42034515,-59.71453094,16.0992775,0,0,0,0,0,0,2,0,0,0,106630850,3,0,5463833000,0
794,120.6423231,31.42034867,-59.77300644,16.08893585,0,0,0,0,0,0,2,0,0,0,106630850,3,0,5463883000,0
795,120.6423153,31.42035261,-59.83241272,16.07276917,0,0,0,0,0,0,2,0,0,0,106630850,3,0,5463935000,0
796,120.6423081,31.42035621,-59.88226318,16.0581646,0,0,0,0,0,0,2,0,0,0,106630850,3,0,5463983000,0
797,120.6423006,31.4203599,-59.92968369,16.04686546,0,0,0,0,0,0,2,0,0,0,106630850,3,0,5464033000,0
798,120.6422931,31.42036367,-59.96395874,16.02249908,0,0,0,0,0,0,2,0,0,0,106630850,3,0,5464083000,0
799,120.6422859,31.42036719,-59.98714066,16.00635529,0,0,0,0,0,0,2,0,0,0,106630850,3,0,5464133000,0
800,120.6422789,31.42037063,-60.00082016,15.9892931,0,0,0,0,0,0,2,0,0,0,106630850,3,0,5464183000,0
801,120.6422716,31.42037423,-60.00782776,15.96564102,0,0,0,0,0,0,2,0,0,0,106630850,4,0,5464235000,0
802,120.6422649,31.42037759,-60.00953674,15.94582844,0,0,0,0,0,0,2,0,0,0,106630850,4,0,5464283000,0
803,120.6422575,31.42038127,-60.01038742,15.92912865,0,0,0,0,0,0,2,0,0,0,106630850,4,0,5464333000,0
804,120.64225,31.42038505,-60.0089035,15.90589428,0,0,0,0,0,0,2,0,0,0,106630850,4,0,5464385000,0
805,120.6422428,31.42038857,-60.00899124,15.89378166,0,0,0,0,0,0,2,0,0,0,106630850,4,0,5464433000,0
806,120.6422353,31.42039225,-60.00964737,15.88181686,0,0,0,0,0,0,2,0,0,0,106630850,4,0,5464483000,0
807,120.6422284,31.42039569,-60.00766754,15.86653519,0,0,0,0,0,0,2,0,0,0,106630850,4,0,5464533000,0
808,120.6422216,31.42039913,-60.00418091,15.86027718,0,0,0,0,0,0,2,0,0,0,106630850,4,0,5464583000,0
809,120.6422139,31.42040282,-60.00381088,15.84861183,0,0,0,0,0,0,2,0,0,0,106630850,4,0,5464633000,0
810,120.6422064,31.42040659,-59.99724579,15.83914185,0,0,0,0,0,0,2,0,0,0,106630850,4,0,5464683000,0
811,120.642199,31.42041019,-59.98298645,15.84047222,0,0,0,0,0,0,2,0,0,0,106630850,4,0,5464733000,0
812,120.6421916,31.42041388,-59.96763992,15.84052658,0,0,0,0,0,0,2,0,0,0,106630850,4,0,5464783000,0
813,120.6421836,31.42041782,-59.94353104,15.84523487,0,0,0,0,0,0,2,0,0,0,106630850,4,0,5464835000,0
814,120.642176,31.42042159,-59.91749191,15.85561657,0,0,0,0,0,0,2,0,0,0,106630850,4,0,5464885000,0
815,120.6421689,31.42042511,-59.89300537,15.86394882,0,0,0,0,0,0,2,0,0,0,106630850,4,0,5464933000,0
816,120.6421616,31.42042872,-59.86347198,15.87600613,0,0,0,0,0,0,2,0,0,0,106630850,4,0,5464983000,0
817,120.6421544,31.42043224,-59.83769989,15.88668156,0,0,0,0,0,0,2,0,0,0,106630851,4,0,5465033000,0
818,120.6421472,31.42043584,-59.81363297,15.87322235,0,0,0,0,0,0,2,0,0,0,106630851,4,0,5465083000,0
819,120.6421403,31.42043928,-59.79456711,15.87745094,0,0,0,0,0,0,2,0,0,0,106630851,4,0,5465133000,0
820,120.6421333,31.42044271,-59.77453995,15.87981033,0,0,0,0,0,0,2,0,0,0,106630851,4,0,5465183000,0
821,120.6421259,31.4204464,-59.75468445,15.88516808,0,0,0,0,0,0,2,0,0,0,106630851,4,0,5465233000,0
822,120.6421185,31.42045009,-59.73073959,15.89463425,0,0,0,0,0,0,2,0,0,0,106630851,4,0,5465283000,0
823,120.6421114,31.42045361,-59.70186615,15.90017891,0,0,0,0,0,0,2,0,0,0,106630851,4,0,5465333000,0
824,120.6421043,31.42045713,-59.66375351,15.90806389,0,0,0,0,0,0,2,0,0,0,106630851,4,0,5465383000,0
825,120.642097,31.42046082,-59.6228981,15.9173851,0,0,0,0,0,0,2,0,0,0,106630851,4,0,5465433000,0
826,120.6420897,31.42046442,-59.57865143,15.91778278,0,0,0,0,0,0,2,0,0,0,106630851,4,0,5465483000,0
827,120.6420821,31.42046828,-59.53217316,15.91605377,0,0,0,0,0,0,2,0,0,0,106630851,4,0,5465535000,0
828,120.642075,31.42047188,-59.49106598,15.91018963,0,0,0,0,0,0,2,0,0,0,106630851,4,0,5465583000,0
829,120.6420678,31.42047557,-59.45688248,15.90694237,0,0,0,0,0,0,2,0,0,0,106630851,4,0,5465633000,0
830,120.6420605,31.42047926,-59.41810989,15.90469456,0,0,0,0,0,0,2,0,0,0,106630851,4,0,5465683000,0
831,120.6420533,31.42048286,-59.38003922,15.90345478,0,0,0,0,0,0,2,0,0,0,106630851,4,0,5465733000,0
832,120.6420462,31.42048647,-59.33957291,15.89923954,0,0,0,0,0,0,2,0,0,0,106630851,4,0,5465783000,0
833,120.6420388,31.42049024,-59.29558563,15.90264988,0,0,0,0,0,0,2,0,0,0,106630851,4,0,5465833000,0
834,120.6420313,31.42049401,-59.25101852,15.90041256,0,0,0,0,0,0,2,0,0,0,106630851,4,0,5465883000,0
835,120.6420237,31.42049787,-59.21156693,15.89742374,0,0,0,0,0,0,2,0,0,0,106630851,4,0,5465933000,0
836,120.6420162,31.42050172,-59.17326355,15.89475536,0,0,0,0,0,0,2,0,0,0,106630851,4,0,5465983000,0
837,120.6420087,31.42050558,-59.12997818,15.88925457,0,0,0,0,0,0,2,0,0,0,106630851,4,0,5466035000,0
838,120.6420017,31.4205091,-59.0856514,15.87650585,0,0,0,0,0,0,2,0,0,0,106630851,4,0,5466083000,0
839,120.6419948,31.42051262,-59.03856659,15.86933231,0,0,0,0,0,0,2,0,0,0,106630851,4,0,5466133000,0
840,120.6419879,31.42051622,-58.99134827,15.86760616,0,0,0,0,0,0,2,0,0,0,106630851,4,0,5466183000,0
841,120.6419806,31.42051999,-58.94683838,15.85786247,0,0,0,0,0,0,2,0,0,0,106630851,4,0,5466233000,0
842,120.6419733,31.42052377,-58.90179062,15.84219456,0,0,0,0,0,0,2,0,0,0,106630851,4,0,5466283000,0
843,120.6419662,31.42052745,-58.86325836,15.83011818,0,0,0,0,0,0,2,0,0,0,106630851,4,0,5466333000,0
844,120.6419592,31.42053106,-58.82359314,15.81081581,0,0,0,0,0,0,2,0,0,0,106630851,4,0,5466383000,0
845,120.641952,31.42053483,-58.78347015,15.79904842,0,0,0,0,0,0,2,0,0,0,106630851,4,0,5466433000,0
846,120.6419445,31.42053869,-58.7436409,15.78594589,0,0,0,0,0,0,2,0,0,0,106630851,4,0,5466485000,0
847,120.6419379,31.42054212,-58.70273209,15.77441025,0,0,0,0,0,0,2,0,0,0,106630851,4,0,5466533000,0
848,120.641931,31.42054564,-58.66059494,15.77119064,0,0,0,0,0,0,2,0,0,0,106630851,4,0,5466583000,0
849,120.6419238,31.42054942,-58.62176514,15.76194572,0,0,0,0,0,0,2,0,0,0,106630851,4,0,5466633000,0
850,120.6419165,31.42055327,-58.58171082,15.74669361,0,0,0,0,0,0,2,0,0,0,106630851,4,0,5466683000,0
851,120.6419094,31.42055704,-58.54010773,15.73630905,0,0,0,0,0,0,2,0,0,0,106630851,4,0,5466733000,0
852,120.6419022,31.42056081,-58.500103,15.72177029,0,0,0,0,0,0,2,0,0,0,106630851,4,0,5466783000,0
853,120.6418945,31.42056484,-58.4548111,15.70293045,0,0,0,0,0,0,2,0,0,0,106630851,4,0,5466835000,0
854,120.6418873,31.42056861,-58.41761398,15.69135857,0,0,0,0,0,0,2,0,0,0,106630851,4,0,5466883000,0
855,120.6418797,31.42057263,-58.3866272,15.67816734,0,0,0,0,0,0,2,0,0,0,106630851,4,0,5466933000,0
856,120.6418724,31.42057649,-58.35983276,15.66471863,0,0,0,0,0,0,2,0,0,0,106630851,4,0,5466983000,0
857,120.6418654,31.42058018,-58.33266068,15.65118885,0,0,0,0,0,0,2,0,0,0,106630851,4,0,5467033000,0
858,120.6418584,31.42058386,-58.30775452,15.63297939,0,0,0,0,0,0,2,0,0,0,106630851,4,0,5467083000,0
859,120.6418516,31.42058747,-58.27755356,15.61542606,0,0,0,0,0,0,2,0,0,0,106630851,4,0,5467133000,0
860,120.6418447,31.42059116,-58.24320221,15.59828663,0,0,0,0,0,0,2,0,0,0,106630851,4,0,5467183000,0
861,120.6418378,31.42059476,-58.20563507,15.57769108,0,0,0,0,0,0,2,0,0,0,106630851,4,0,5467233000,0
862,120.641831,31.42059837,-58.16666031,15.55996037,0,0,0,0,0,0,2,0,0,0,106630851,4,0,5467283000,0
863,120.6418242,31.42060197,-58.12961578,15.5389185,0,0,0,0,0,0,2,0,0,0,106630851,4,0,5467333000,0
864,120.6418175,31.42060557,-58.0995636,15.51754189,0,0,0,0,0,0,2,0,0,0,106630851,4,0,5467383000,0
865,120.64181,31.4206096,-58.07029343,15.50203705,0,0,0,0,0,0,2,0,0,0,106630851,4,0,5467433000,0
866,120.6418027,31.42061345,-58.04375458,15.48539162,0,0,0,0,0,0,2,0,0,0,106630851,4,0,5467483000,0
867,120.6417955,31.42061739,-58.01467133,15.46562672,0,0,0,0,0,0,2,0,0,0,106630851,4,0,5467533000,0
868,120.6417882,31.42062125,-57.98280334,15.44833565,0,0,0,0,0,0,2,0,0,0,106630851,4,0,5467583000,0
869,120.6417813,31.42062494,-57.95151901,15.42995167,0,0,0,0,0,0,2,0,0,0,106630851,4,0,5467633000,0
870,120.6417728,31.42062946,-57.91340637,15.40577126,0,0,0,0,0,0,2,0,0,0,106630851,4,0,5467695000,0
871,120.6417677,31.42063223,-57.88912201,15.39487648,0,0,0,0,0,0,2,0,0,0,106630851,4,0,5467733000,0
872,120.6417596,31.42063659,-57.85829163,15.37276173,0,0,0,0,0,0,2,0,0,0,106630851,4,0,5467793000,0
873,120.6417524,31.42064044,-57.82876205,15.34587097,0,0,0,0,0,0,2,0,0,0,106630851,4,0,5467843000,0
874,120.6417468,31.42064346,-57.80423737,15.33342361,0,0,0,0,0,0,2,0,0,0,106630851,4,0,5467883000,0
875,120.6417395,31.4206474,-57.77447891,15.31776333,0,0,0,0,0,0,2,0,0,0,106630851,4,0,5467933000,0
876,120.6417311,31.42065193,-57.7347641,15.29342747,0,0,0,0,0,0,2,0,0,0,106630851,4,0,5467993000,0
877,120.641724,31.42065578,-57.70199966,15.27735138,0,0,0,0,0,0,2,0,0,0,106630851,4,0,5468045000,0
878,120.6417176,31.42065922,-57.67581177,15.26142693,0,0,0,0,0,0,2,0,0,0,106630851,4,0,5468093000,0
879,120.6417125,31.42066198,-57.65389633,15.24419308,0,0,0,0,0,0,2,0,0,0,106630851,4,0,5468133000,0
880,120.6417047,31.42066617,-57.62365723,15.22113323,0,0,0,0,0,0,2,0,0,0,106630851,4,0,5468193000,0
881,120.6416995,31.42066902,-57.60559082,15.20537663,0,0,0,0,0,0,2,0,0,0,106630851,4,0,5468233000,0
882,120.6416913,31.42067347,-57.57989502,15.17630482,0,0,0,0,0,0,2,0,0,0,106630851,4,0,5468294000,0
883,120.6416839,31.42067749,-57.55831528,15.15936852,0,0,0,0,0,0,2,0,0,0,106630851,4,0,5468344000,0
884,120.641677,31.42068135,-57.54128647,15.14420223,0,0,0,0,0,0,2,0,0,0,106630851,4,0,5468394000,0
885,120.6416697,31.42068529,-57.52089691,15.12904835,0,0,0,0,0,0,2,0,0,0,106630851,4,0,5468444000,0
886,120.6416626,31.42068923,-57.49727249,15.11657429,0,0,0,0,0,0,2,0,0,0,106630851,4,0,5468495000,0
887,120.6416575,31.42069199,-57.47927856,15.10411167,0,0,0,0,0,0,2,0,0,0,106630851,4,0,5468534000,0
888,120.6416497,31.42069627,-57.44827652,15.08417702,0,0,0,0,0,0,2,0,0,0,106630851,4,0,5468594000,0
889,120.641643,31.42069987,-57.42455673,15.06841183,0,0,0,0,0,0,2,0,0,0,106630851,4,0,5468643000,0
890,120.6416363,31.42070356,-57.40512466,15.05113888,0,0,0,0,0,0,2,0,0,0,106630851,4,0,5468693000,0
891,120.6416299,31.42070708,-57.39346695,15.02880955,0,0,0,0,0,0,2,0,0,0,106630851,4,0,5468745000,0
892,120.6416237,31.42071052,-57.38225937,15.00473118,0,0,0,0,0,0,2,0,0,0,106630851,4,0,5468794000,0
893,120.6416183,31.42071345,-57.37543488,14.98790359,0,0,0,0,0,0,2,0,0,0,106630851,4,0,5468834000,0
894,120.6416104,31.42071781,-57.36497498,14.95488358,0,0,0,0,0,0,2,0,0,0,106630851,4,0,5468894000,0
895,120.6416031,31.42072183,-57.35229111,14.93478489,0,0,0,0,0,0,2,0,0,0,106630851,4,0,5468944000,0
896,120.6415961,31.42072569,-57.34377289,14.91054535,0,0,0,0,0,0,2,0,0,0,106630851,4,0,5468993000,0
897,120.6415891,31.42072954,-57.34011459,14.88240051,0,0,0,0,0,0,2,0,0,0,106630851,4,0,5469043000,0
898,120.6415823,31.42073323,-57.34035492,14.85546875,0,0,0,0,0,0,2,0,0,0,106630851,4,0,5469093000,0
899,120.6415755,31.420737,-57.34132385,14.82395077,0,0,0,0,0,0,2,0,0,0,106630851,4,0,5469143000,0
900,120.6415686,31.42074069,-57.34594345,14.78846264,0,0,0,0,0,0,2,0,0,0,106630851,4,0,5469194000,0
901,120.6415621,31.42074438,-57.34728241,14.75673962,0,0,0,0,0,0,2,0,0,0,106630851,4,0,5469244000,0
902,120.6415557,31.42074781,-57.35211945,14.72035027,0,0,0,0,0,0,2,0,0,0,106630851,4,0,5469293000,0
903,120.6415495,31.42075125,-57.3651619,14.67177486,0,0,0,0,0,0,2,0,0,0,106630851,4,0,5469343000,0
904,120.6415431,31.42075477,-57.37870789,14.62667847,0,0,0,0,0,0,2,0,0,0,106630851,4,0,5469393000,0
905,120.6415369,31.42075829,-57.39323807,14.58165741,0,0,0,0,0,0,2,0,0,0,106630851,4,0,5469443000,0
906,120.6415306,31.42076181,-57.41316223,14.53638458,0,0,0,0,0,0,2,0,0,0,106630851,4,0,5469493000,0
907,120.6415236,31.42076567,-57.43194962,14.4948101,0,0,0,0,0,0,2,0,0,0,106630851,4,0,5469544000,0
908,120.641517,31.42076936,-57.451931,14.46050453,0,0,0,0,0,0,2,0,0,0,106630851,4,0,5469594000,0
909,120.6415104,31.42077296,-57.47908783,14.41175556,0,0,0,0,0,0,2,0,0,0,106630851,4,0,5469644000,0
910,120.641504,31.42077648,-57.50666809,14.36167908,0,0,0,0,0,0,2,0,0,0,106630851,4,0,5469694000,0
911,120.6414974,31.42078009,-57.53382874,14.31726742,0,0,0,0,0,0,2,0,0,0,106630851,4,0,5469744000,0
912,120.641491,31.42078361,-57.56262589,14.2707243,0,0,0,0,0,0,2,0,0,0,106630851,4,0,5469794000,0
913,120.6414845,31.42078713,-57.58336258,14.22332859,0,0,0,0,0,0,2,0,0,0,106630851,4,0,5469844000,0
914,120.6414783,31.42079056,-57.59874344,14.17835903,0,0,0,0,0,0,2,0,0,0,106630851,4,0,5469894000,0
915,120.6414721,31.42079392,-57.61479187,14.13092804,0,0,0,0,0,0,2,0,0,0,106630851,4,0,5469944000,0
916,120.6414657,31.42079735,-57.63172913,14.07695961,0,0,0,0,0,0,2,0,0,0,106630851,4,0,5469995000,0
917,120.6414597,31.42080062,-57.64431763,14.02091122,0,0,0,0,0,0,2,0,0,0,106630851,4,0,5470044000,0
918,120.6414535,31.42080406,-57.66278076,13.96016502,0,0,0,0,0,0,2,0,0,0,106630851,4,0,5470094000,0
919,120.6414469,31.42080758,-57.68341064,13.89766693,0,0,0,0,0,0,2,0,0,0,106630851,4,0,5470144000,0
920,120.6414406,31.42081101,-57.7024765,13.8386507,0,0,0,0,0,0,2,0,0,0,106630851,4,0,5470194000,0
921,120.6414342,31.42081445,-57.72554779,13.78290939,0,0,0,0,0,0,2,0,0,0,106630851,4,0,5470244000,0
922,120.641428,31.4208178,-57.74777603,13.72520351,0,0,0,0,0,0,2,0,0,0,106630851,4,0,5470293000,0
923,120.6414218,31.42082116,-57.76994705,13.6729641,0,0,0,0,0,0,2,0,0,0,106630851,4,0,5470343000,0
924,120.6414155,31.42082459,-57.79443741,13.6105566,0,0,0,0,0,0,2,0,0,0,106630851,4,0,5470394000,0
925,120.6414094,31.42082786,-57.81940079,13.54706764,0,0,0,0,0,0,2,0,0,0,106630851,4,0,5470444000,0
926,120.6414033,31.42083113,-57.84435654,13.48678303,0,0,0,0,0,0,2,0,0,0,106630851,4,0,5470494000,0
927,120.6413973,31.42083432,-57.8578949,13.43107986,0,0,0,0,0,0,2,0,0,0,106630851,4,0,5470544000,0
928,120.6413913,31.4208375,-57.87136459,13.37667751,0,0,0,0,0,0,2,0,0,0,106630851,4,0,5470594000,0
929,120.6413856,31.42084069,-57.88801575,13.30673695,0,0,0,0,0,0,2,0,0,0,106630851,4,0,5470644000,0
930,120.6413798,31.42084379,-57.90860367,13.23665619,0,0,0,0,0,0,2,0,0,0,106630851,4,0,5470694000,0
931,120.6413737,31.42084714,-57.93009949,13.16423893,0,0,0,0,0,0,2,0,0,0,106630851,4,0,5470744000,0
932,120.6413677,31.42085041,-57.95437241,13.08806801,0,0,0,0,0,0,2,0,0,0,106630851,4,0,5470794000,0
933,120.6413607,31.42085418,-57.97953415,13.00538826,0,0,0,0,0,0,2,0,0,0,106630851,4,0,5470854000,0
934,120.641356,31.4208567,-57.99464417,12.94813061,0,0,0,0,0,0,2,0,0,0,106630851,4,0,5470895000,0
935,120.6413501,31.42085988,-58.01805878,12.88167572,0,0,0,0,0,0,2,0,0,0,106630851,4,0,5470944000,0
936,120.6413442,31.42086307,-58.04872894,12.80273628,0,0,0,0,0,0,2,0,0,0,106630851,4,0,5470994000,0
937,120.6413374,31.42086667,-58.09476471,12.70881271,0,0,0,0,0,0,2,0,0,0,106630851,4,0,5471054000,0
938,120.6413329,31.4208691,-58.14141846,12.64158249,0,0,0,0,0,0,2,0,0,0,106630851,4,0,5471094000,0
939,120.6413273,31.42087203,-58.21656036,12.55918694,0,0,0,0,0,0,2,0,0,0,106630851,4,0,5471144000,0
940,120.6413205,31.42087564,-58.32566071,12.46084785,0,0,0,0,0,0,2,0,0,0,106630851,4,0,5471204000,0
941,120.6413148,31.42087866,-58.42023849,12.38498688,0,0,0,0,0,0,2,0,0,0,106630851,4,0,5471254000,0
942,120.6413103,31.42088109,-58.49723816,12.33048058,0,0,0,0,0,0,2,0,0,0,106630851,4,0,5471294000,0
943,120.6413036,31.42088461,-58.60871887,12.25734425,0,0,0,0,0,0,2,0,0,0,106630851,4,0,5471354000,0
944,120.641298,31.42088754,-58.69654846,12.204072,0,0,0,0,0,0,2,0,0,0,106630851,4,0,5471404000,0
945,120.6412927,31.42089039,-58.77603149,12.1488924,0,0,0,0,0,0,2,0,0,0,106630851,4,0,5471454000,0
946,120.6412883,31.42089265,-58.84461212,12.10743618,0,0,0,0,0,0,2,0,0,0,106630851,4,0,5471494000,0
947,120.6412815,31.42089617,-58.94329071,12.04305935,0,0,0,0,0,0,2,0,0,0,106630851,4,0,5471554000,0
948,120.641276,31.42089911,-59.02200317,11.98686123,0,0,0,0,0,0,2,0,0,0,106630851,4,0,5471604000,0
949,120.6412705,31.42090196,-59.10535812,11.92890549,0,0,0,0,0,0,2,0,0,0,106630851,4,0,5471654000,0
950,120.6412651,31.42090472,-59.19931793,11.86881828,0,0,0,0,0,0,2,0,0,0,106630851,4,0,5471704000,0
951,120.6412597,31.42090749,-59.29615402,11.80576134,0,0,0,0,0,0,2,0,0,0,106630851,4,0,5471754000,0
952,120.6412543,31.42091026,-59.39095306,11.74603176,0,0,0,0,0,0,2,0,0,0,106630851,4,0,5471804000,0
953,120.641249,31.42091302,-59.49193954,11.68960667,0,0,0,0,0,0,2,0,0,0,106630851,4,0,5471854000,0
954,120.6412448,31.4209152,-59.57825089,11.63824081,0,0,0,0,0,0,2,0,0,0,106630851,4,0,5471894000,0
955,120.6412384,31.42091839,-59.70603561,11.56101894,0,0,0,0,0,0,2,0,0,0,106630851,4,0,5471954000,0
956,120.6412333,31.42092098,-59.80874252,11.49669933,0,0,0,0,0,0,2,0,0,0,106630851,4,0,5472004000,0
957,120.6412281,31.42092358,-59.91888809,11.43104553,0,0,0,0,0,0,2,0,0,0,0,0,0,5472055000,0
958,120.641223,31.4209261,-60.02603912,11.36708546,0,0,0,0,0,0,2,0,0,0,106673889,4,0,5472104000,0
959,120.6412177,31.42092878,-60.13788986,11.29898262,0,0,0,0,0,0,2,0,0,0,106673889,4,0,5472154000,0
960,120.6412125,31.42093129,-60.24346924,11.23078823,0,0,0,0,0,0,2,0,0,0,106673889,4,0,5472204000,0
961,120.6412073,31.42093389,-60.35234451,11.1619091,0,0,0,0,0,0,2,0,0,0,106673889,4,0,5472254000,0
962,120.6412021,31.42093641,-60.4655571,11.09022713,0,0,0,0,0,0,2,0,0,0,106673889,4,0,5472304000,0
963,120.641197,31.42093892,-60.58084869,11.01834965,0,0,0,0,0,0,2,0,0,0,106673889,4,0,5472354000,0
964,120.6411918,31.42094135,-60.69127655,10.94811821,0,0,0,0,0,0,2,0,0,0,106673889,4,0,5472404000,0
965,120.6411868,31.42094378,-60.81218719,10.87727547,0,0,0,0,0,0,2,0,0,0,106673889,4,0,5472454000,0
966,120.6411818,31.4209463,-60.94007111,10.80433846,0,0,0,0,0,0,2,0,0,0,106673889,4,0,5472504000,0
967,120.6411766,31.42094873,-61.06969833,10.7321434,0,0,0,0,0,0,2,0,0,0,106673889,4,0,5472554000,0
968,120.6411716,31.42095108,-61.20159531,10.65728092,0,0,0,0,0,0,2,0,0,0,106673889,4,0,5472604000,0
969,120.6411669,31.42095342,-61.34110641,10.58259869,0,0,0,0,0,0,2,0,0,0,106673889,4,0,5472654000,0
970,120.641162,31.42095569,-61.49710846,10.50638771,0,0,0,0,0,0,2,0,0,0,106673889,4,0,5472704000,0
971,120.6411571,31.42095803,-61.66470718,10.43087482,0,0,0,0,0,0,2,0,0,0,106673889,4,0,5472755000,0
972,120.6411524,31.4209603,-61.82218552,10.3603344,0,0,0,0,0,0,2,0,0,0,106673889,4,0,5472804000,0
973,120.6411475,31.42096256,-61.97795105,10.29161167,0,0,0,0,0,0,2,0,0,0,106673889,4,0,5472854000,0
974,120.6411427,31.42096474,-62.13594055,10.21922588,0,0,0,0,0,0,2,0,0,0,106673889,4,0,5472904000,0
975,120.641138,31.42096692,-62.30218887,10.14657211,0,0,0,0,0,0,2,0,0,0,106673889,4,0,5472954000,0
976,120.6411333,31.42096901,-62.45726013,10.07454491,0,0,0,0,0,0,2,0,0,0,106642585,4,0,5473004000,0
977,120.6411286,31.42097111,-62.6003685,10.00201797,0,0,0,0,0,0,2,0,0,0,106642585,4,0,5473054000,0
978,120.641124,31.4209732,-62.74461365,9.927739143,0,0,0,0,0,0,2,0,0,0,106642585,4,0,5473104000,0
979,120.6411189,31.42097538,-62.89501953,9.859786034,0,0,0,0,0,0,2,0,0,0,106642585,4,0,5473154000,0
980,120.6411141,31.42097756,-63.0590744,9.792225838,0,0,0,0,0,0,2,0,0,0,106642585,4,0,5473205000,0
981,120.6411098,31.42097949,-63.2219162,9.728175163,0,0,0,0,0,0,2,0,0,0,106642585,4,0,5473254000,0
982,120.6411052,31.4209815,-63.39248657,9.665862083,0,0,0,0,0,0,2,0,0,0,106642585,4,0,5473304000,0
983,120.6411006,31.42098351,-63.56895065,9.611154556,0,0,0,0,0,0,2,0,0,0,106642585,4,0,5473354000,0
984,120.641096,31.42098553,-63.75238419,9.553207397,0,0,0,0,0,0,2,0,0,0,106642585,4,0,5473404000,0
985,120.6410913,31.42098754,-63.93106842,9.4945364,0,0,0,0,0,0,2,0,0,0,106642585,4,0,5473454000,0
986,120.6410867,31.42098955,-64.09856415,9.440340996,0,0,0,0,0,0,2,0,0,0,106642585,4,0,5473504000,0
987,120.641082,31.42099156,-64.26306152,9.383205414,0,0,0,0,0,0,2,0,0,0,106642585,4,0,5473554000,0
988,120.6410775,31.4209934,-64.42823792,9.324263573,0,0,0,0,0,0,2,0,0,0,106642585,4,0,5473604000,0
989,120.6410732,31.42099516,-64.59109497,9.26941967,0,0,0,0,0,0,2,0,0,0,106642585,4,0,5473654000,0
990,120.6410687,31.42099692,-64.73625183,9.212913513,0,0,0,0,0,0,2,0,0,0,106642585,4,0,5473705000,0
991,120.6410645,31.4209986,-64.8480835,9.159537315,0,0,0,0,0,0,2,0,0,0,106642585,5,0,5473754000,0
992,120.6410602,31.42100036,-64.94137573,9.11036396,0,0,0,0,0,0,2,0,0,0,106642585,5,0,5473804000,0
993,120.6410558,31.42100212,-65.01822662,9.060631752,0,0,0,0,0,0,2,0,0,0,106642585,5,0,5473854000,0
994,120.6410515,31.4210038,-65.07647705,9.011119843,0,0,0,0,0,0,2,0,0,0,106642585,5,0,5473904000,0
995,120.6410474,31.42100547,-65.10832214,8.959412575,0,0,0,0,0,0,2,0,0,0,106642585,5,0,5473954000,0
996,120.6410431,31.42100715,-65.11801147,8.909589767,0,0,0,0,0,0,2,0,0,0,106642585,5,0,5474004000,0
997,120.641039,31.42100883,-65.11819458,8.858813286,0,0,0,0,0,0,2,0,0,0,106642585,5,0,5474054000,0
998,120.6410348,31.4210105,-65.11615753,8.807894707,0,0,0,0,0,0,2,0,0,0,106642585,5,0,5474104000,0
999,120.6410303,31.42101226,-65.10990906,8.75895977,0,0,0,0,0,0,2,0,0,0,106642585,5,0,5474154000,0
1000,120.641026,31.42101402,-65.09198761,8.706366539,0,0,0,0,0,0,2,0,0,0,106642585,5,0,5474204000,0
1001,120.6410216,31.4210157,-65.06423187,8.658543587,0,0,0,0,0,0,2,0,0,0,106642585,5,0,5474254000,0
1002,120.6410174,31.42101738,-65.03027344,8.609417915,0,0,0,0,0,0,2,0,0,0,106642585,5,0,5474304000,0
1003,120.6410132,31.42101905,-64.99009705,8.557409286,0,0,0,0,0,0,2,0,0,0,106642585,5,0,5474354000,0
1004,120.6410091,31.42102065,-64.94496155,8.508711815,0,0,0,0,0,0,2,0,0,0,106642585,5,0,5474404000,0
1005,120.641005,31.42102224,-64.87419891,8.458398819,0,0,0,0,0,0,2,0,0,0,106642585,5,0,5474454000,0
1006,120.6410009,31.42102383,-64.78120422,8.40941906,0,0,0,0,0,0,2,0,0,0,106642585,5,0,5474504000,0
1007,120.6409967,31.42102542,-64.67034149,8.361787796,0,0,0,0,0,0,2,0,0,0,106642585,5,0,5474554000,0
1008,120.6409928,31.42102702,-64.53593445,8.308301926,0,0,0,0,0,0,2,0,0,0,106642585,5,0,5474604000,0
1009,120.640989,31.42102852,-64.39328003,8.256680489,0,0,0,0,0,0,2,0,0,0,106642561,5,0,5474654000,0
1010,120.6409851,31.42103012,-64.23266602,8.205750465,0,0,0,0,0,0,2,0,0,0,106642561,5,0,5474704000,0
1011,120.6409813,31.42103163,-64.06314087,8.153801918,0,0,0,0,0,0,2,0,0,0,106642561,5,0,5474754000,0
1012,120.6409766,31.42103355,-63.84634781,8.090330124,0,0,0,0,0,0,2,0,0,0,106642561,5,0,5474814000,0
1013,120.6409735,31.42103481,-63.70325851,8.043780327,0,0,0,0,0,0,2,0,0,0,106642561,5,0,5474854000,0
1014,120.6409697,31.4210364,-63.52281952,7.989247799,0,0,0,0,0,0,2,0,0,0,106642561,5,0,5474904000,0
1015,120.640966,31.421038,-63.34181976,7.932326317,0,0,0,0,0,0,2,0,0,0,106642561,5,0,5474954000,0
1016,120.6409615,31.42103992,-63.11492157,7.864434719,0,0,0,0,0,0,2,0,0,0,106642601,5,0,5475014000,0
1017,120.6409586,31.42104118,-62.95161438,7.820567131,0,0,0,0,0,0,2,0,0,0,106642601,5,0,5475054000,0
1018,120.6409549,31.42104277,-62.74744797,7.75813818,0,0,0,0,0,0,2,0,0,0,106642601,5,0,5475104000,0
1019,120.6409509,31.42104453,-62.54640579,7.703372478,0,0,0,0,0,0,2,0,0,0,106642601,5,0,5475154000,0
1020,120.6409464,31.42104646,-62.31786346,7.637407303,0,0,0,0,0,0,2,0,0,0,106642601,5,0,5475214000,0
1021,120.6409435,31.4210478,-62.16893387,7.59344101,0,0,0,0,0,0,2,0,0,0,106642601,5,0,5475254000,0
1022,120.6409391,31.42104973,-61.94262695,7.524943829,0,0,0,0,0,0,2,0,0,0,106642601,5,0,5475314000,0
1023,120.6409364,31.42105107,-61.78944397,7.478172779,0,0,0,0,0,0,2,0,0,0,106642601,5,0,5475354000,0
1024,120.6409322,31.421053,-61.57229233,7.412293911,0,0,0,0,0,0,2,0,0,0,106642601,5,0,5475414000,0
1025,120.6409294,31.42105426,-61.43496704,7.370222569,0,0,0,0,0,0,2,0,0,0,106642601,5,0,5475454000,0
1026,120.6409253,31.42105618,-61.24272537,7.303373337,0,0,0,0,0,0,2,0,0,0,106642601,5,0,5475514000,0
1027,120.6409219,31.42105778,-61.08845901,7.235376835,0,0,0,0,0,0,2,0,0,0,106642601,5,0,5475564000,0
1028,120.6409186,31.42105937,-60.93650436,7.176536083,0,0,0,0,0,0,2,0,0,0,106642601,5,0,5475614000,0
1029,120.6409154,31.42106096,-60.78453445,7.117311001,0,0,0,0,0,0,2,0,0,0,106642601,5,0,5475664000,0
1030,120.6409121,31.42106247,-60.63789368,7.065190792,0,0,0,0,0,0,2,0,0,0,106642601,5,0,5475714000,0
1031,120.6409095,31.42106373,-60.53336716,7.024285316,0,0,0,0,0,0,2,0,0,0,106642601,5,0,5475754000,0
1032,120.6409057,31.42106566,-60.38745117,6.960012913,0,0,0,0,0,0,2,0,0,0,106642601,5,0,5475815000,0
1033,120.6409025,31.42106725,-60.27639008,6.911272526,0,0,0,0,0,0,2,0,0,0,106642601,5,0,5475864000,0
1034,120.6408994,31.42106876,-60.16366959,6.860480785,0,0,0,0,0,0,2,0,0,0,106642601,5,0,5475914000,0
1035,120.6408963,31.42107035,-60.04556274,6.808208942,0,0,0,0,0,0,2,0,0,0,106642601,5,0,5475964000,0
1036,120.6408933,31.42107186,-59.92619705,6.754194736,0,0,0,0,0,0,2,0,0,0,106642601,5,0,5476014000,0
1037,120.6408908,31.42107303,-59.83581161,6.713948727,0,0,0,0,0,0,2,0,0,0,106642601,5,0,5476054000,0
1038,120.6408872,31.42107496,-59.71440125,6.654795647,0,0,0,0,0,0,2,0,0,0,106642601,5,0,5476114000,0
1039,120.640884,31.42107655,-59.62085724,6.603436947,0,0,0,0,0,0,2,0,0,0,106642601,5,0,5476164000,0
1040,120.6408809,31.42107823,-59.5314827,6.54668951,0,0,0,0,0,0,2,0,0,0,106642601,5,0,5476215000,0
1041,120.6408779,31.42107982,-59.45161438,6.492987633,0,0,0,0,0,0,2,0,0,0,106642601,5,0,5476264000,0
1042,120.6408748,31.42108133,-59.38150406,6.437358379,0,0,0,0,0,0,2,0,0,0,106642601,5,0,5476314000,0
1043,120.6408719,31.42108284,-59.32513428,6.379777908,0,0,0,0,0,0,2,0,0,0,106642601,5,0,5476364000,0
1044,120.6408691,31.42108426,-59.28306198,6.322562695,0,0,0,0,0,0,2,0,0,0,106642601,5,0,5476414000,0
1045,120.6408662,31.42108577,-59.25086212,6.263545036,0,0,0,0,0,0,2,0,0,0,106642601,5,0,5476464000,0
1046,120.6408639,31.42108695,-59.23109436,6.21696043,0,0,0,0,0,0,2,0,0,0,106642601,5,0,5476504000,0
1047,120.640861,31.42108837,-59.208992,6.155804157,0,0,0,0,0,0,2,0,0,0,106642601,5,0,5476554000,0
1048,120.6408577,31.42109005,-59.18504333,6.078251362,0,0,0,0,0,0,2,0,0,0,106642601,5,0,5476614000,0
1049,120.6408551,31.42109139,-59.16096497,6.013162613,0,0,0,0,0,0,2,0,0,0,106642601,5,0,5476664000,0
1050,120.6408524,31.42109281,-59.14162827,5.950099945,0,0,0,0,0,0,2,0,0,0,106642601,5,0,5476714000,0
1051,120.6408498,31.42109415,-59.13262939,5.884711742,0,0,0,0,0,0,2,0,0,0,106642601,5,0,5476764000,0
1052,120.6408471,31.42109558,-59.13472748,5.820289135,0,0,0,0,0,0,2,0,0,0,106642601,5,0,5476814000,0
1053,120.6408445,31.42109692,-59.14672089,5.758962154,0,0,0,0,0,0,2,0,0,0,106642601,5,0,5476864000,0
1054,120.6408419,31.42109826,-59.15852737,5.691810608,0,0,0,0,0,0,2,0,0,0,106642601,5,0,5476914000,0
1055,120.6408394,31.4210996,-59.1640892,5.624136925,0,0,0,0,0,0,2,0,0,0,106642601,5,0,5476964000,0
1056,120.6408368,31.42110094,-59.15922546,5.5537467,0,0,0,0,0,0,2,0,0,0,106642601,5,0,5477014000,0
1057,120.6408343,31.4211022,-59.15161133,5.48651123,0,0,0,0,0,0,2,0,0,0,106642601,5,0,5477064000,0
1058,120.6408317,31.42110354,-59.14522171,5.415530682,0,0,0,0,0,0,2,0,0,0,106642601,5,0,5477115000,0
1059,120.6408291,31.4211048,-59.14455795,5.348732471,0,0,0,0,0,0,2,0,0,0,106642601,5,0,5477164000,0
1060,120.6408266,31.42110606,-59.14665985,5.28049469,0,0,0,0,0,0,2,0,0,0,106642601,5,0,5477214000,0
1061,120.6408241,31.42110731,-59.1505928,5.209821701,0,0,0,0,0,0,2,0,0,0,106642601,5,0,5477264000,0
1062,120.6408217,31.42110857,-59.15401459,5.138897896,0,0,0,0,0,0,2,0,0,0,106642601,5,0,5477315000,0
1063,120.6408194,31.42110975,-59.1544075,5.074082375,0,0,0,0,0,0,2,0,0,0,106642601,5,0,5477364000,0
1064,120.6408171,31.42111092,-59.15317917,5.004071236,0,0,0,0,0,0,2,0,0,0,106642601,5,0,5477414000,0
1065,120.6408148,31.42111209,-59.1474762,4.934339523,0,0,0,0,0,0,2,0,0,0,106642601,5,0,5477464000,0
1066,120.6408126,31.42111318,-59.13368607,4.866260052,0,0,0,0,0,0,2,0,0,0,106642601,5,0,5477514000,0
1067,120.6408104,31.42111427,-59.11495972,4.799662113,0,0,0,0,0,0,2,0,0,0,106642601,5,0,5477564000,0
1068,120.6408083,31.42111536,-59.08963394,4.731111526,0,0,0,0,0,0,2,0,0,0,106642601,5,0,5477614000,0
1069,120.6408062,31.42111645,-59.06827927,4.663659096,0,0,0,0,0,0,2,0,0,0,106642601,5,0,5477664000,0
1070,120.640804,31.42111754,-59.04947281,4.591971874,0,0,0,0,0,0,2,0,0,0,106642601,5,0,5477714000,0
1071,120.6408018,31.42111863,-59.0295639,4.524559975,0,0,0,0,0,0,2,0,0,0,106642601,5,0,5477764000,0
1072,120.6407998,31.42111972,-59.0149765,4.457365513,0,0,0,0,0,0,2,0,0,0,106642601,5,0,5477814000,0
1073,120.6407977,31.42112073,-59.00004196,4.388691425,0,0,0,0,0,0,2,0,0,0,106642601,5,0,5477864000,0
1074,120.6407957,31.42112173,-58.98032379,4.319351673,0,0,0,0,0,0,2,0,0,0,106642601,5,0,5477914000,0
1075,120.6407938,31.42112274,-58.95690155,4.25160265,0,0,0,0,0,0,2,0,0,0,106642601,5,0,5477964000,0
1076,120.6407919,31.42112366,-58.93360138,4.183485031,0,0,0,0,0,0,2,0,0,0,106642601,5,0,5478014000,0
1077,120.6407899,31.42112458,-58.91154099,4.11295414,0,0,0,0,0,0,2,0,0,0,106642601,5,0,5478064000,0
1078,120.6407881,31.42112559,-58.88895416,4.042131901,0,0,0,0,0,0,2,0,0,0,106642601,5,0,5478114000,0
1079,120.6407862,31.42112651,-58.86455917,3.97186327,0,0,0,0,0,0,2,0,0,0,106642601,5,0,5478164000,0
1080,120.6407844,31.42112743,-58.84501266,3.90294838,0,0,0,0,0,0,2,0,0,0,106642601,5,0,5478215000,0
1081,120.6407827,31.42112835,-58.83552933,3.83631444,0,0,0,0,0,0,2,0,0,0,106642601,5,0,5478264000,0
1082,120.640781,31.42112919,-58.82697296,3.767135859,0,0,0,0,0,0,2,0,0,0,106642601,5,0,5478315000,0
1083,120.6407794,31.42113011,-58.8156662,3.701515198,0,0,0,0,0,0,2,0,0,0,106642601,5,0,5478364000,0
1084,120.6407778,31.42113095,-58.79660797,3.632776499,0,0,0,0,0,0,2,0,0,0,106642601,5,0,5478414000,0
1085,120.6407761,31.42113179,-58.77258301,3.566156626,0,0,0,0,0,0,2,0,0,0,106642601,5,0,5478464000,0
1086,120.6407745,31.42113263,-58.7494278,3.497529745,0,0,0,0,0,0,2,0,0,0,106642601,5,0,5478514000,0
1087,120.6407729,31.42113338,-58.73337555,3.43315506,0,0,0,0,0,0,2,0,0,0,106642601,5,0,5478564000,0
1088,120.6407714,31.42113422,-58.71710587,3.368120432,0,0,0,0,0,0,2,0,0,0,106642601,5,0,5478615000,0
1089,120.6407696,31.42113514,-58.70000076,3.291692734,0,0,0,0,0,0,2,0,0,0,106642601,5,0,5478674000,0
1090,120.6407685,31.42113573,-58.68657303,3.240372181,0,0,0,0,0,0,2,0,0,0,106642601,5,0,5478714000,0
1091,120.6407666,31.42113674,-58.67097473,3.159466267,0,0,0,0,0,0,2,0,0,0,106642601,5,0,5478774000,0
1092,120.6407655,31.42113732,-58.66175079,3.102309227,0,0,0,0,0,0,2,0,0,0,106642601,5,0,5478814000,0
1093,120.640764,31.42113816,-58.65107727,3.033811331,0,0,0,0,0,0,2,0,0,0,106642601,5,0,5478864000,0
1094,120.6407627,31.42113883,-58.63977051,2.96455121,0,0,0,0,0,0,2,0,0,0,106642601,5,0,5478914000,0
1095,120.6407611,31.42113975,-58.63152695,2.879422665,0,0,0,0,0,0,2,0,0,0,106642601,5,0,5478974000,0
1096,120.6407598,31.42114042,-58.62719345,2.809152365,0,0,0,0,0,0,2,0,0,0,106642601,5,0,5479024000,0
1097,120.6407585,31.42114109,-58.62286377,2.739230156,0,0,0,0,0,0,2,0,0,0,106642601,5,0,5479074000,0
1098,120.6407573,31.42114168,-58.61675644,2.666112185,0,0,0,0,0,0,2,0,0,0,106642601,5,0,5479124000,0
1099,120.6407561,31.42114235,-58.61275482,2.596994162,0,0,0,0,0,0,2,0,0,0,106642601,5,0,5479174000,0
1100,120.640755,31.42114294,-58.60969162,2.529881239,0,0,0,0,0,0,2,0,0,0,106642601,5,0,5479224000,0
1101,120.6407538,31.42114352,-58.60845184,2.461338282,0,0,0,0,0,0,2,0,0,0,106642601,5,0,5479274000,0
1102,120.6407527,31.42114403,-58.60737991,2.400655985,0,0,0,0,0,0,2,0,0,0,106642601,5,0,5479324000,0
1103,120.6407516,31.42114461,-58.60442734,2.334076643,0,0,0,0,0,0,2,0,0,0,106642601,5,0,5479374000,0
1104,120.6407506,31.42114512,-58.60158157,2.270233154,0,0,0,0,0,0,2,0,0,0,106642601,5,0,5479424000,0
1105,120.6407496,31.4211457,-58.59299469,2.208375454,0,0,0,0,0,0,2,0,0,0,106642601,5,0,5479474000,0
1106,120.6407486,31.42114621,-58.58486938,2.147016525,0,0,0,0,0,0,2,0,0,0,106642601,5,0,5479524000,0
1107,120.6407477,31.42114679,-58.58195496,2.091123581,0,0,0,0,0,0,2,0,0,0,106642601,5,0,5479574000,0
1108,120.6407467,31.4211473,-58.58092499,2.02894783,0,0,0,0,0,0,2,0,0,0,106642601,5,0,5479625000,0
1109,120.6407454,31.42114797,-58.49025345,1.969586492,0,0,0,0,0,0,2,0,0,0,106642601,5,0,5479674000,0
1110,120.6407445,31.42114847,-58.4846611,1.909356952,0,0,0,0,0,0,2,0,0,0,106642601,5,0,5479724000,0
1111,120.6407436,31.42114889,-58.47901535,1.851301908,0,0,0,0,0,0,2,0,0,0,106642601,5,0,5479774000,0
1112,120.6407428,31.42114931,-58.47684479,1.79916203,0,0,0,0,0,0,2,0,0,0,106642601,5,0,5479824000,0
1113,120.6407422,31.42114956,-58.47978592,1.739874363,0,0,0,0,0,0,2,0,0,0,106642601,5,0,5479874000,0
1114,120.6407416,31.42114989,-58.48443222,1.680971622,0,0,0,0,0,0,2,0,0,0,106642601,5,0,5479924000,0
1115,120.6407408,31.42115031,-58.47654724,1.623960137,0,0,0,0,0,0,2,0,0,0,106642601,5,0,5479974000,0
1116,120.6407401,31.42115073,-58.47242737,1.565050006,0,0,0,0,0,0,2,0,0,0,106642601,5,0,5480025000,0
1117,120.6407396,31.42115098,-58.46740341,1.50339067,0,0,0,0,0,0,2,0,0,0,106642601,5,0,5480074000,0
1118,120.640739,31.42115132,-58.46693802,1.445945024,0,0,0,0,0,0,2,0,0,0,106642601,5,0,5480124000,0
1119,120.6407384,31.42115157,-58.47102356,1.388373852,0,0,0,0,0,0,2,0,0,0,106642601,5,0,5480174000,0
1120,120.6407378,31.42115191,-58.47399521,1.332365155,0,0,0,0,0,0,2,0,0,0,106642601,5,0,5480224000,0
1121,120.6407372,31.42115216,-58.47699738,1.277294278,0,0,0,0,0,0,2,0,0,0,106642601,5,0,5480274000,0
1122,120.6407366,31.42115249,-58.47819901,1.214844823,0,0,0,0,0,0,0,0,0,0,106642601,5,0,5480324000,0
1123,120.6407361,31.42115274,-58.47767258,1.16300714,0,0,0,0,0,0,0,0,0,0,106659556,5,0,5480374000,0
1124,120.6407356,31.42115308,-58.47652054,1.112774253,0,0,0,0,0,0,0,0,0,0,106659556,5,0,5480424000,0
1125,120.6407351,31.42115333,-58.47420502,1.063525915,0,0,0,0,0,0,0,0,0,1,106659556,5,2500,5480474000,0
1126,120.6407346,31.42115358,-58.47532272,1.016131401,0,0,0,0,0,0,0,0,0,1,106659556,5,2505,5480524000,0
1127,120.6407342,31.42115383,-58.4753418,0.9741808772,0,0,0,0,0,0,0,0,0,1,106659556,5,2510,5480574000,0
1128,120.6407338,31.42115409,-58.47578812,0.9305738807,0,0,0,0,0,0,0,0,0,1,106659556,5,2515,5480624000,0
1129,120.6407334,31.42115434,-58.47689819,0.8887108564,0,0,0,0,0,0,0,0,0,1,106659556,5,2519,5480674000,0
1130,120.640733,31.4211545,-58.4775238,0.8510951996,0,0,0,0,0,0,0,0,0,1,106659556,5,2524,5480724000,0
1131,120.6407326,31.42115467,-58.47694016,0.8135935664,0,0,0,0,0,0,0,0,0,1,106659556,5,2528,5480774000,0
1132,120.6407323,31.42115484,-58.47396088,0.7744848132,0,0,0,0,0,0,0,0,0,1,106659556,5,2532,5480825000,0
1133,120.6407319,31.42115501,-58.47064209,0.7378043532,0,0,0,0,0,0,0,0,0,1,106659556,5,2535,5480874000,0
1134,120.6407316,31.42115518,-58.47067261,0.6984628439,0,0,0,0,0,0,0,0,0,1,106659556,5,2539,5480925000,0
1135,120.6407313,31.42115526,-58.47240067,0.6615478992,0,0,0,0,0,0,0,0,0,1,106659556,5,2541,5480974000,0
1136,120.6407311,31.42115543,-58.47277451,0.6251670718,0,0,0,0,0,0,0,0,0,1,106659556,5,2545,5481025000,0
1137,120.6407308,31.42115559,-58.47383118,0.5815420151,0,0,0,0,0,0,0,0,0,1,106659556,5,2547,5481074000,0
1138,120.6407306,31.42115576,-58.47665024,0.5468463302,0,0,0,0,0,0,0,0,0,1,106659556,5,2550,5481124000,0
1139,120.6407304,31.42115593,-58.4754982,0.5127438307,0,0,0,0,0,0,0,0,0,1,106659556,5,2552,5481174000,0
1140,120.6407303,31.42115601,-58.47437668,0.4795571268,0,0,0,0,0,0,0,0,0,1,106659556,5,2554,5481224000,0
1141,120.6407301,31.4211561,-58.47439957,0.4487225115,0,0,0,0,0,0,0,0,0,1,106659556,5,2556,5481274000,0
1142,120.6407299,31.42115618,-58.47500992,0.4168545604,0,0,0,0,0,0,0,0,0,1,106659556,5,2558,5481324000,0
1143,120.6407297,31.42115626,-58.47617722,0.3888601661,0,0,0,0,0,0,0,0,0,1,106659556,5,2560,5481374000,0
1144,120.6407295,31.42115635,-58.4784584,0.3611999452,0,0,0,0,0,0,0,0,0,1,106659556,5,2562,5481424000,0
1145,120.6407293,31.42115643,-58.4784584,0.3350295126,0,0,0,0,0,0,0,0,0,1,106659556,5,2564,5481474000,0
1146,120.6407292,31.42115643,-58.47629547,0.3109483123,0,0,0,0,0,0,0,0,0,1,106659556,5,2565,5481524000,0
1147,120.6407291,31.42115652,-58.47391891,0.2875028551,0,0,0,0,0,0,0,0,0,1,106659556,5,2567,5481574000,0
1148,120.640729,31.4211566,-58.47282791,0.2674965262,0,0,0,0,0,0,0,0,0,1,106659556,5,2568,5481624000,0
1149,120.6407289,31.4211566,-58.4733963,0.2471768111,0,0,0,0,0,0,0,0,0,1,106659556,5,2569,5481674000,0
1150,120.6407288,31.4211566,-58.47519302,0.2286508679,0,0,0,0,0,0,0,0,0,1,106659556,5,2570,5481724000,0
1151,120.6407287,31.42115668,-58.47585297,0.2104470134,0,0,0,0,0,0,0,0,0,1,106659556,5,2571,5481774000,0
1152,120.6407287,31.42115668,-58.47532654,0.1892426163,0,0,0,0,0,0,0,0,0,1,106659556,5,2571,5481824000,0
1153,120.6407286,31.42115668,-58.47537231,0.172679916,0,0,0,0,0,0,0,0,0,1,106659556,5,2572,5481874000,0
1154,120.6407286,31.42115677,-58.47496414,0.1559434533,0,0,0,0,0,0,0,0,0,1,106659556,5,2573,5481925000,0
1155,120.6407286,31.42115677,-58.47386932,0.1404015273,0,0,0,0,0,0,0,0,0,1,106659556,5,2573,5481974000,0
1156,120.6407287,31.42115677,-58.47162247,0.124221161,0,0,0,0,0,0,0,0,0,1,106659556,5,2572,5482024000,0
1157,120.6407286,31.42115677,-58.47226334,0.1080868095,0,0,0,0,0,0,0,0,0,1,106659556,5,2572,5482074000,0
1158,120.6407286,31.42115677,-58.47174454,0.09332019836,0,0,0,0,0,0,0,0,0,1,106659556,5,2572,5482124000,0
1159,120.6407286,31.42115685,-58.47291565,0.07912619412,0,0,0,0,0,0,0,0,0,1,106659556,5,2572,5482174000,0
1160,120.6407286,31.42115685,-58.47187805,0.06581549346,0,0,0,0,0,0,0,0,0,1,106659556,5,2573,5482224000,0
1161,120.6407286,31.42115685,-58.47309113,0.05426361412,0,0,0,0,0,0,0,0,0,1,106659556,5,2573,5482274000,0
1162,120.6407285,31.42115685,-58.47426987,0.04958954453,0,0,0,0,0,0,0,0,0,1,106659556,5,2573,5482324000,0
1163,120.6407285,31.42115685,-58.47490311,0.05240955204,0,0,0,0,0,0,0,0,0,1,106659556,5,2574,5482375000,0
1164,120.6407285,31.42115694,-58.4768486,0.06108654663,0,0,0,0,0,0,0,0,0,1,106659556,5,2574,5482434000,0
1165,120.6407285,31.42115694,-58.47533417,0.06740152836,0,0,0,0,0,0,0,0,0,1,106659556,5,2574,5482474000,0
1166,120.6407285,31.42115694,-58.47459412,0.07333466411,0,0,0,0,0,0,0,0,0,1,106659556,5,2574,5482534000,0
1167,120.6407284,31.42115694,-58.47263718,0.07350539416,0,0,0,0,0,0,0,0,0,1,106659556,5,2574,5482574000,0
1168,120.6407284,31.42115694,-58.47068787,0.07054396719,0,0,0,0,0,0,0,0,0,1,106659556,5,2574,5482634000,0
1169,120.6407284,31.42115694,-58.47272873,0.06856208295,0,0,0,0,0,0,0,0,0,1,106659556,5,2574,5482675000,0
1170,120.6407284,31.42115694,-58.4731369,0.06805218756,0,0,0,0,0,0,0,0,0,1,106659556,5,2574,5482734000,0
1171,120.6407284,31.42115694,-58.47259903,0.06979132444,0,0,0,0,0,0,0,0,0,1,106659556,5,2574,5482784000,0
1172,120.6407284,31.42115694,-58.47262192,0.07157482207,0,0,0,0,0,0,0,0,0,1,106659556,5,2574,5482834000,0
1173,120.6407284,31.42115694,-58.47262573,0.07311750203,0,0,0,0,0,0,0,0,0,1,106659556,5,2574,5482884000,0
1174,120.6407284,31.42115694,-58.47388458,0.07427316904,0,0,0,0,0,0,0,0,0,1,106659556,5,2574,5482934000,0
1175,120.6407284,31.42115694,-58.47344589,0.07508504391,0,0,0,0,0,0,0,0,0,1,106659556,5,2574,5482984000,0
1176,120.6407284,31.42115694,-58.47409439,0.0750984326,0,0,0,0,0,0,0,0,0,1,106659556,5,2574,5483034000,0
1177,120.6407284,31.42115694,-58.47013092,0.07376108319,0,0,0,0,0,0,0,0,0,1,106659556,5,2574,5483074000,0
1178,120.6407284,31.42115694,-58.46994781,0.07335791737,0,0,0,0,0,0,0,0,0,1,106659556,5,2574,5483134000,0
1179,120.6407284,31.42115694,-58.46886826,0.07437690347,0,0,0,0,0,0,0,0,0,1,106659556,5,2574,5483184000,0
1180,120.6407284,31.42115694,-58.47064972,0.07663998753,0,0,0,0,0,0,0,0,0,1,106659556,5,2574,5483234000,0
1181,120.6407284,31.42115694,-58.47016144,0.07866790146,0,0,0,0,0,0,0,0,0,1,106659556,5,2574,5483284000,0
1182,120.6407284,31.42115694,-58.46739578,0,0,0,0,0,0,0,0,0,0,1,106659556,5,2574,5483334000,0
1183,120.6407284,31.42115694,-58.46857071,0,0,0,0,0,0,0,0,0,0,1,106659556,5,2574,5483383000,0
1184,120.6407284,31.42115694,-58.46688461,0,0,0,0,0,0,0,0,0,0,1,106659556,5,2574,5483434000,0
1185,120.6407284,31.42115694,-58.46688461,0,0,0,0,0,0,0,0,0,0,1,106659556,5,2574,5483484000,0
1186,120.6407284,31.42115694,-58.46749496,0,0,0,0,0,0,0,0,0,0,1,106659556,5,2574,5483534000,0
1187,120.6407284,31.42115694,-58.46581268,0,0,0,0,0,0,0,0,0,0,1,106659556,5,2574,5483584000,0
1188,120.6407284,31.42115694,-58.46357727,0,0,0,0,0,0,0,1,0,0,1,106659556,5,2574,5483634000,0
1189,120.6407284,31.42115694,-58.46365738,0,0,0,0,0,0,0,1,0,0,1,106659556,5,2574,5483684000,0
1190,120.6407284,31.42115694,-58.46203232,0,0,0,0,0,0,0,1,0,0,1,106659556,5,2574,5483734000,0
1191,120.6407284,31.42115694,-58.46099472,0,0,0,0,0,0,0,1,0,0,1,106659556,5,2574,5483784000,0
1192,120.6407284,31.42115694,-58.46105576,0,0,0,0,0,0,0,1,0,0,1,106659556,5,2574,5483834000,0
1193,120.6407284,31.42115694,-58.46109772,0,0,0,0,0,0,0,1,0,0,1,106659556,5,2574,5483883000,0
1194,120.6407284,31.42115694,-58.46173477,0,0,0,0,0,0,0,1,0,0,1,106659556,5,2574,5483935000,0
1195,120.6407284,31.42115694,-58.46118164,0,0,0,0,0,0,0,1,0,0,1,106659556,5,2574,5483985000,0
1196,120.6407284,31.42115694,-58.46183777,0,0,0,0,0,0,0,1,0,0,1,106659556,5,2574,5484034000,0
1197,120.6407284,31.42115694,-58.46334076,0,0,0,0,0,0,0,1,0,0,1,106659556,5,2574,5484084000,0
1198,120.6407284,31.42115694,-58.46112442,0,0,0,0,0,0,0,1,0,0,1,106659556,5,2574,5484134000,0
1199,120.6407284,31.42115694,-58.46059799,0,0,0,0,0,0,0,1,0,0,1,106659556,5,2574,5484184000,0
1200,120.6407284,31.42115694,-58.46007156,0,0,0,0,0,0,0,1,0,0,1,106659556,5,2574,5484234000,0
1201,120.6407284,31.42115694,-58.45842743,0,0,0,0,0,0,0,1,0,0,1,106659556,5,2574,5484284000,0
1202,120.6407284,31.42115694,-58.45965195,0,0,0,0,0,0,0,1,0,0,1,106659556,5,2574,5484334000,0
1203,120.6407284,31.42115694,-58.46029282,0,0,0,0,0,0,0,1,0,0,1,106659556,5,2574,5484384000,0
1204,120.6407284,31.42115694,-58.46045303,0,0,0,0,0,0,0,1,0,0,1,106659556,5,2574,5484434000,0
1205,120.6407284,31.42115694,-58.45945358,0,0,0,0,0,0,0,1,0,0,1,106659556,5,2574,5484483000,0
1206,120.6407284,31.42115694,-58.46010208,0,0,0,0,0,0,0,1,0,0,1,106659556,5,2574,5484534000,0
1207,120.6407284,31.42115694,-58.4584465,0,0,0,0,0,0,0,1,0,0,1,106659556,5,2574,5484584000,0
1208,120.6407284,31.42115694,-58.45793533,0,0,0,0,0,0,0,1,0,0,1,106659556,5,2574,5484634000,0
1209,120.6407284,31.42115694,-58.45743561,0,0,0,0,0,0,0,1,0,0,1,106659556,5,2574,5484684000,0
1210,120.6407284,31.42115694,-58.45797729,0,0,0,0,0,0,0,1,0,0,1,106659556,5,2574,5484734000,0
1211,120.6407284,31.42115694,-58.45574951,0,0,0,0,0,0,0,1,0,0,1,106659556,5,2574,5484784000,0
1212,120.6407284,31.42115694,-58.45809555,0,0,0,0,0,0,0,1,0,0,1,106659556,5,2574,5484834000,0
1213,120.6407284,31.42115694,-58.45760345,0,0,0,0,0,0,0,1,0,0,1,106659556,5,2574,5484883000,0
1214,120.6407284,31.42115694,-58.45768738,0,0,0,0,0,0,0,1,0,0,1,106659556,5,2574,5484935000,0
1215,120.6407284,31.42115694,-58.45605469,0,0,0,0,0,0,0,1,0,0,1,106659556,5,2574,5484985000,0
1216,120.6407284,31.42115694,-58.45667267,0,0,0,0,0,0,0,1,0,0,1,106659556,5,2574,5485034000,0
1217,120.6407284,31.42115694,-58.45621872,0,0,0,0,0,0,0,1,0,0,1,106659556,5,2574,5485083000,0
1218,120.6407284,31.42115694,-58.45754623,0,0,0,0,0,0,0,1,0,0,1,106659556,5,2574,5485135000,0
1219,120.6407284,31.42115694,-58.45656586,0,0,0,0,0,0,0,1,0,0,1,106659556,5,2574,5485183000,0
1220,120.6407284,31.42115694,-58.45492554,0,0,0,0,0,0,0,1,0,0,1,106659556,5,2574,5485234000,0
1221,120.6407284,31.42115694,-58.45671463,0,0,0,0,0,0,0,1,0,0,1,106659556,5,2574,5485284000,0
1222,120.6407284,31.42115694,-58.45735931,0,0,0,0,0,0,0,1,0,0,1,106659556,5,2574,5485334000,0
1223,120.6407284,31.42115694,-58.45801163,0,0,0,0,0,0,0,1,0,0,1,106659556,5,2574,5485384000,0
1224,120.6407284,31.42115694,-58.45808029,0,0,0,0,0,0,0,1,0,0,1,106659556,5,2574,5485434000,0
1225,120.6407284,31.42115694,-58.4575882,0,0,0,0,0,0,0,1,0,0,1,106659556,5,2574,5485484000,0
1226,120.6407284,31.42115694,-58.45875168,0,0,0,0,0,0,0,1,0,0,1,106659556,5,2574,5485534000,0
1227,120.6407284,31.42115694,-58.45825577,0,0,0,0,0,0,0,1,0,0,1,106659556,5,2574,5485584000,0
1228,120.6407284,31.42115694,-58.45719528,0,0,0,0,0,0,0,1,0,0,1,106659556,5,2574,5485634000,0
1229,120.6407284,31.42115694,-58.45665359,0,0,0,0,0,0,0,1,0,0,1,106659556,5,2574,5485684000,0
1230,120.6407284,31.42115694,-58.45901489,0,0,0,0,0,0,0,1,0,0,1,106659556,5,2574,5485735000,0
1231,120.6407284,31.42115694,-58.45905685,0,0,0,0,0,0,0,1,0,0,1,106659556,5,2574,5485784000,0
1232,120.6407284,31.42115694,-58.45912552,0,0,0,0,0,0,0,1,0,0,1,106659556,5,2574,5485834000,0
1233,120.6407284,31.42115694,-58.45967484,0,0,0,0,0,0,0,1,0,0,1,106659556,5,2574,5485884000,0
1234,120.6407284,31.42115694,-58.45974731,0,0,0,0,0,0,0,1,0,0,1,106659556,5,2574,5485934000,0
1235,120.6407284,31.42115694,-58.46038818,0,0,0,0,0,0,0,1,0,0,1,106659556,5,2574,5485984000,0
1236,120.6407284,31.42115694,-58.45817184,0,0,0,0,0,0,0,1,0,0,1,106659556,5,2574,5486034000,0
1237,120.6407284,31.42115694,-58.45936966,0,0,0,0,0,0,0,1,0,0,1,106659556,5,2574,5486083000,0
1238,120.6407284,31.42115694,-58.46247101,0,0,0,0,0,0,0,1,0,0,1,106659556,5,2574,5486134000,0
1239,120.6407284,31.42115694,-58.46251678,0,0,0,0,0,0,0,1,0,0,1,106659556,5,2574,5486184000,0
1240,120.6407284,31.42115694,-58.46255875,0,0,0,0,0,0,0,1,0,0,1,106659556,5,2574,5486234000,0
1241,120.6407284,31.42115694,-58.46207047,0,0,0,0,0,0,0,1,0,0,1,106659556,5,2574,5486284000,0
1242,120.6407284,31.42115694,-58.46139145,0,0,0,0,0,0,0,1,0,0,1,106659556,5,2574,5486334000,0
1243,120.6407284,31.42115694,-58.46089172,0,0,0,0,0,0,0,1,0,0,1,106659556,5,2574,5486385000,0
1244,120.6407284,31.42115694,-58.46042633,0,0,0,0,0,0,0,1,0,0,1,106659556,5,2574,5486434000,0
1245,120.6407284,31.42115694,-58.45992661,0,0,0,0,0,0,0,1,0,0,1,106659556,5,2574,5486484000,0
1246,120.6407284,31.42115694,-58.45942307,0,0,0,0,0,0,0,1,0,0,1,106659556,5,2574,5486534000,0
1247,120.6407284,31.42115694,-58.45830154,0,0,0,0,0,0,0,1,0,0,1,106659556,5,2574,5486584000,0
1248,120.6407284,31.42115694,-58.45951462,0,0,0,0,0,0,0,1,0,0,1,106659556,5,2574,5486634000,0
1249,120.6407284,31.42115694,-58.45901108,0,0,0,0,0,0,0,1,0,0,1,106659556,5,2574,5486684000,0
1250,120.6407284,31.42115694,-58.45849991,0,0,0,0,0,0,0,1,0,0,1,106659556,5,2574,5486734000,0
1251,120.6407284,31.42115694,-58.45970154,0,0,0,0,0,0,0,1,0,0,1,106659556,5,2574,5486784000,0
1252,120.6407284,31.42115694,-58.46088791,0,0,0,0,0,0,0,1,0,0,1,106659556,5,2574,5486834000,0
1253,120.6407284,31.42115694,-58.45992661,0,0,0,0,0,0,0,1,0,0,1,106659556,5,2574,5486883000,0
1254,120.6407284,31.42115694,-58.46111298,0,0,0,0,0,0,0,1,0,0,1,106659556,5,2574,5486934000,0
1255,120.6407284,31.42115694,-58.46060562,0,0,0,0,0,0,0,1,0,0,1,106659556,5,2574,5486984000,0
1256,120.6407284,31.42115694,-58.46040344,0,0,0,0,0,0,0,1,0,0,1,106659556,5,2574,5487024000,0
1257,120.6407284,31.42115694,-58.46040344,0,0,0,0,0,0,0,1,0,0,1,106659556,5,2574,5487024000,0
1258,120.6407284,31.42115694,-58.46040344,0,0,0,0,0,0,0,1,0,0,1,106659556,5,2574,5487024000,0
1259,120.6407284,31.42115694,-58.46040344,0,0,0,0,0,0,0,1,0,0,1,106659556,5,2574,5487024000,0
1260,120.6407284,31.42115694,-58.46040344,0,0,0,0,0,0,0,2,0,0,0,106659556,5,0,5487024000,0
1261,120.6407284,31.42115694,-58.46040344,0,0,0,0,0,0,0,2,0,0,0,106659556,5,0,5487024000,0
1262,120.6407284,31.42115694,-58.46040344,0,0,0,0,0,0,0,2,0,0,0,106659556,5,0,5487024000,0
1263,120.6407284,31.42115694,-58.46040344,0,0,0,0,0,0,0,2,0,0,0,106659556,5,0,5487024000,0
1264,120.6407284,31.42115694,-58.46040344,0,0,0,0,0,0,0,2,0,0,0,106659556,5,0,5487024000,0
1265,120.6407284,31.42115694,-58.46040344,0,0,0,0,0,0,0,2,0,0,0,106659556,5,0,5487024000,0
1266,120.6407284,31.42115694,-58.46040344,0,0,0,0,0,0,0,2,0,0,0,106659556,5,0,5487024000,0
1267,120.6407284,31.42115694,-58.46040344,0,0,0,0,0,0,0,2,0,0,0,106659556,5,0,5487024000,0
1268,120.6407284,31.42115694,-58.46040344,0,0,0,0,0,0,0,2,0,0,0,106659556,5,0,5487024000,0
1269,120.6407284,31.42115694,-58.46040344,0,0,0,0,0,0,0,2,0,0,0,106659556,5,0,5487024000,0
1270,120.6407284,31.42115694,-58.46040344,0,0,0,0,0,0,0,2,0,0,0,106659556,5,0,5487024000,0
1271,120.6407284,31.42115694,-58.46040344,0,0,0,0,0,0,0,2,0,0,0,106659556,5,0,5487024000,0
1272,120.6407284,31.42115694,-58.46040344,0,0,0,0,0,0,0,2,0,0,0,106659556,5,0,5487024000,0
1273,120.6407284,31.42115694,-58.46040344,0,0,0,0,0,0,0,2,0,0,0,106659556,5,0,5487024000,0
1274,120.6407284,31.42115694,-58.46040344,0,0,0,0,0,0,0,2,0,0,0,106659556,5,0,5487024000,0
1275,120.6407284,31.42115694,-58.46040344,0,0,0,0,0,0,0,2,0,0,0,106659556,5,0,5487024000,0
1276,120.6407284,31.42115694,-58.46040344,0,0,0,0,0,0,0,2,0,0,0,106659556,5,0,5487024000,0
1277,120.6407284,31.42115694,-58.46040344,0,0,0,0,0,0,0,2,0,0,0,106659556,5,0,5487024000,0
1278,120.6407284,31.42115694,-58.46040344,0,0,0,0,0,0,0,2,0,0,0,106659556,5,0,5487024000,0
1279,120.6407284,31.42115694,-58.46040344,0,0,0,0,0,0,0,2,0,0,0,106659556,5,0,5487024000,0
1280,120.6407284,31.42115694,-58.46040344,0,0,0,0,0,0,0,2,0,0,0,106659556,5,0,5487024000,0
1281,120.6407284,31.42115694,-58.46040344,0,0,0,0,0,0,0,2,0,0,0,106659556,5,0,5487024000,0
1282,120.6407284,31.42115694,-58.46040344,0,0,0,0,0,0,0,2,0,0,0,106659556,5,0,5487024000,0
1283,120.6407284,31.42115694,-58.46040344,0,0,0,0,0,0,0,2,0,0,0,106659556,5,0,5487024000,0
1284,120.6407284,31.42115694,-58.46040344,0,0,0,0,0,0,0,2,0,0,0,106659556,5,0,5487024000,0
1285,120.6407284,31.42115694,-58.46040344,0,0,0,0,0,0,0,2,0,0,0,106659556,5,0,5487024000,0
1286,120.6407284,31.42115694,-58.46040344,0,0,0,0,0,0,0,2,0,0,0,106659556,5,0,5487024000,0
1287,120.6407284,31.42115694,-58.46040344,0,0,0,0,0,0,0,2,0,0,0,106659556,5,0,5487024000,0
1288,120.6407284,31.42115694,-58.46040344,0,0,0,0,0,0,0,2,0,0,0,106659556,5,0,5487024000,0
1289,120.6407284,31.42115694,-58.46040344,0,0,0,0,0,0,0,2,0,0,0,106659556,5,0,5487024000,0
1290,120.6407284,31.42115694,-58.46040344,0,0,0,0,0,0,0,2,0,0,0,106659556,5,0,5487024000,0
1291,120.6407284,31.42115694,-58.46040344,0,0,0,0,0,0,0,2,0,0,0,106659556,5,0,5487024000,0
1292,120.6407284,31.42115694,-58.46040344,0,0,0,0,0,0,0,2,0,0,0,106659556,5,0,5487024000,0
1293,120.6407284,31.42115694,-58.46040344,0,0,0,0,0,0,0,2,0,0,0,106659556,5,0,5487024000,0
1294,120.6407284,31.42115694,-58.46040344,0,0,0,0,0,0,0,2,0,0,0,106659556,5,0,5487024000,0
1295,120.6407284,31.42115694,-58.46040344,0,0,0,0,0,0,0,2,0,0,0,106659556,5,0,5487024000,0
1296,120.6407284,31.42115694,-58.46040344,0,0,0,0,0,0,0,2,0,0,0,106659556,5,0,5487024000,0
1297,120.6407284,31.42115694,-58.46040344,0,0,0,0,0,0,0,2,0,0,0,106659556,5,0,5487024000,0
1298,120.6407284,31.42115694,-58.46040344,0,0,0,0,0,0,0,2,0,0,0,106659556,5,0,5487024000,0
1299,120.6407284,31.42115694,-58.46040344,0,0,0,0,0,0,0,2,0,0,0,106659556,5,0,5487024000,0
1300,120.6407284,31.42115694,-58.46040344,0,0,0,0,0,0,0,2,0,0,0,106659556,5,0,5487024000,0
1301,120.6407284,31.42115694,-58.46040344,0,0,0,0,0,0,0,2,0,0,0,106659556,5,0,5487024000,0
1302,120.6407284,31.42115694,-58.46040344,0,0,0,0,0,0,0,2,0,0,0,106659556,5,0,5487024000,0
1303,120.6407284,31.42115694,-58.46040344,0,0,0,0,0,0,0,2,0,0,0,106659556,5,0,5487024000,0
1304,120.6407284,31.42115694,-58.46040344,0,0,0,0,0,0,0,2,0,0,0,106659556,5,0,5487024000,0
1305,120.6407284,31.42115694,-58.46040344,0,0,0,0,0,0,0,2,0,0,0,106659556,5,0,5487024000,0
1306,120.6407284,31.42115694,-58.46040344,0,0,0,0,0,0,0,2,0,0,0,106659556,5,0,5487024000,0
1307,120.6407284,31.42115694,-58.46040344,0,0,0,0,0,0,0,2,0,0,0,106659556,5,0,5487024000,0
1308,120.6407284,31.42115694,-58.46040344,0,0,0,0,0,0,0,2,0,0,0,106659556,5,0,5487024000,0
1309,120.6407284,31.42115694,-58.46040344,0,0,0,0,0,0,0,2,0,0,0,106659556,5,0,5487024000,0
1310,120.6407284,31.42115694,-58.46040344,0,0,0,0,0,0,0,2,0,0,0,106659556,5,0,5487024000,0
1311,120.6407284,31.42115694,-58.46040344,0,0,0,0,0,0,0,2,0,0,0,106659556,5,0,5487024000,0
1312,120.6407284,31.42115694,-58.46040344,0,0,0,0,0,0,0,2,0,0,0,106659556,5,0,5487024000,0
1313,120.6407284,31.42115694,-58.46040344,0,0,0,0,0,0,0,2,0,0,0,106659556,5,0,5487024000,0
1314,120.6407284,31.42115694,-58.46040344,0,0,0,0,0,0,0,2,0,0,0,106659556,5,0,5487024000,0
1315,120.6407284,31.42115694,-58.46040344,0,0,0,0,0,0,0,2,0,0,0,106659556,5,0,5487024000,0
1316,120.6407284,31.42115694,-58.46040344,0,0,0,0,0,0,0,2,0,0,0,106659556,5,0,5487024000,0
1317,120.6407284,31.42115694,-58.46040344,0,0,0,0,0,0,0,2,0,0,0,106659556,5,0,5487024000,0
1318,120.6407284,31.42115694,-58.46040344,0,0,0,0,0,0,0,2,0,0,0,106659556,5,0,5487024000,0
1319,120.6407284,31.42115694,-58.46040344,0,0,0,0,0,0,0,2,0,0,0,106659556,5,0,5487024000,0
1320,120.6407284,31.42115694,-58.46040344,0,0,0,0,0,0,0,2,0,0,0,106659556,5,0,5487024000,0
1321,120.6407284,31.42115694,-58.46040344,0,0,0,0,0,0,0,2,0,0,0,106659556,5,0,5487024000,0
1322,120.6407284,31.42115694,-58.46040344,0,0,0,0,0,0,0,2,0,0,0,106659556,5,0,5487024000,0
1323,120.6407284,31.42115694,-58.46040344,0,0,0,0,0,0,0,2,0,0,0,106659556,5,0,5487024000,0
1324,120.6407284,31.42115694,-58.46040344,0,0,0,0,0,0,0,2,0,0,0,106659556,5,0,5487024000,0
1325,120.6407284,31.42115694,-58.46040344,0,0,0,0,0,0,0,2,0,0,0,106659556,5,0,5487024000,0
1326,120.6407284,31.42115694,-58.46040344,0,0,0,0,0,0,0,2,0,0,0,106659556,5,0,5487024000,0
1327,120.6407284,31.42115694,-58.46040344,0,0,0,0,0,0,0,2,0,0,0,106659556,5,0,5487024000,0
1328,120.6407284,31.42115694,-58.46040344,0,0,0,0,0,0,0,2,0,0,0,106659556,5,0,5487024000,0
1329,120.6407284,31.42115694,-58.46040344,0,0,0,0,0,0,0,2,0,0,0,106659556,5,0,5487024000,0
1330,120.6407284,31.42115694,-58.46040344,0,0,0,0,0,0,0,2,0,0,0,106659556,5,0,5487024000,0
1331,120.6407284,31.42115694,-58.46040344,0,0,0,0,0,0,0,2,0,0,0,106659556,5,0,5487024000,0
1332,120.6407284,31.42115694,-58.46040344,0,0,0,0,0,0,0,2,0,0,0,106659556,5,0,5487024000,0
1333,120.6407284,31.42115694,-58.46040344,0,0,0,0,0,0,0,2,0,0,0,106659556,5,0,5487024000,0
1334,120.6407284,31.42115694,-58.46040344,0,0,0,0,0,0,0,2,0,0,0,106659556,5,0,5487024000,0
1335,120.6407284,31.42115694,-58.46040344,0,0,0,0,0,0,0,2,0,0,0,106659556,5,0,5487024000,0
1336,120.6407284,31.42115694,-58.46040344,0,0,0,0,0,0,0,2,0,0,0,106659556,5,0,5487024000,0
1337,120.6407284,31.42115694,-58.46040344,0,0,0,0,0,0,0,2,0,0,0,106659556,5,0,5487024000,0
1338,120.6407284,31.42115694,-58.46040344,0,0,0,0,0,0,0,2,0,0,0,106659556,5,0,5487024000,0
1339,120.6407284,31.42115694,-58.46040344,0,0,0,0,0,0,0,2,0,0,0,106659556,5,0,5487024000,0
1340,120.6407284,31.42115694,-58.46040344,0,0,0,0,0,0,0,2,0,0,0,106659556,5,0,5487024000,0
1341,120.6407284,31.42115694,-58.46040344,0,0,0,0,0,0,0,2,0,0,0,106659556,5,0,5487024000,0
1342,120.6407284,31.42115694,-58.46040344,0,0,0,0,0,0,0,2,0,0,0,106659556,5,0,5487024000,0
1343,120.6407284,31.42115694,-58.46040344,0,0,0,0,0,0,0,2,0,0,0,106659556,5,0,5487024000,0
1344,120.6407284,31.42115694,-58.46040344,0,0,0,0,0,0,0,2,0,0,0,106659556,5,0,5487024000,0
1345,120.6407284,31.42115694,-58.46040344,0,0,0,0,0,0,0,2,0,0,0,106659556,5,0,5487024000,0
1346,120.6407284,31.42115694,-58.46040344,0,0,0,0,0,0,0,2,0,0,0,106659556,5,0,5487024000,0
1347,120.6407284,31.42115694,-58.46040344,0,0,0,0,0,0,0,2,0,0,0,106659556,5,0,5487024000,0
1348,120.6407284,31.42115694,-58.46040344,0,0,0,0,0,0,0,2,0,0,0,106659556,5,0,5487024000,0
1349,120.6407284,31.42115694,-58.46040344,0,0,0,0,0,0,0,2,0,0,0,106659556,5,0,5487024000,0
1350,120.6407284,31.42115694,-58.46040344,0,0,0,0,0,0,0,2,0,0,0,106659556,5,0,5487024000,0
1351,120.6407284,31.42115694,-58.46040344,0,0,0,0,0,0,0,2,0,0,0,106659556,5,0,5487024000,0
1352,120.6407284,31.42115694,-58.46040344,0,0,0,0,0,0,0,2,0,0,0,106659556,5,0,5487024000,0
1353,120.6407284,31.42115694,-58.46040344,0,0,0,0,0,0,0,2,0,0,0,106659556,5,0,5487024000,0
1354,120.6407284,31.42115694,-58.46040344,0,0,0,0,0,0,0,2,0,0,0,106659556,5,0,5487024000,0
1355,120.6407284,31.42115694,-58.46040344,0,0,0,0,0,0,0,2,0,0,0,106659556,5,0,5487024000,0
1356,120.6407284,31.42115694,-58.46040344,0,0,0,0,0,0,0,2,0,0,0,106659556,5,0,5487024000,0
1357,120.6407284,31.42115694,-58.46040344,0,0,0,0,0,0,0,2,0,0,0,106659556,5,0,5487024000,0
1358,120.6407284,31.42115694,-58.46040344,0,0,0,0,0,0,0,2,0,0,0,106659556,5,0,5487024000,0
1359,120.6407284,31.42115694,-58.46040344,0,0,0,0,0,0,0,2,0,0,0,106659556,5,0,5487024000,0
1360,120.6407284,31.42115694,-58.46040344,0,0,0,0,0,0,0,2,0,0,0,106659556,5,0,5487024000,0
1361,120.6407284,31.42115694,-58.46040344,0,0,0,0,0,0,0,2,0,0,0,106659556,5,0,5487024000,0
1362,120.6407284,31.42115694,-58.46040344,0,0,0,0,0,0,0,2,0,0,0,106659556,5,0,5487024000,0
1363,120.6407284,31.42115694,-58.46040344,0,0,0,0,0,0,0,2,0,0,0,106659556,5,0,5487024000,0
1364,120.6407284,31.42115694,-58.46040344,0,0,0,0,0,0,0,2,0,0,0,106659556,5,0,5487024000,0
1365,120.6407284,31.42115694,-58.46040344,0,0,0,0,0,0,0,2,0,0,0,106659556,5,0,5487024000,0
1366,120.6407284,31.42115694,-58.46040344,0,0,0,0,0,0,0,2,0,0,0,106659556,5,0,5487024000,0
1367,120.6407284,31.42115694,-58.46040344,0,0,0,0,0,0,0,2,0,0,0,106659556,5,0,5487024000,0
1368,120.6407284,31.42115694,-58.46040344,0,0,0,0,0,0,0,2,0,0,0,106659556,5,0,5487024000,0
1369,120.6407284,31.42115694,-58.46040344,0,0,0,0,0,0,0,2,0,0,0,106659556,5,0,5487024000,0
1370,120.6407284,31.42115694,-58.46040344,0,0,0,0,0,0,0,2,0,0,0,106659556,5,0,5487024000,0
1371,120.6407284,31.42115694,-58.46040344,0,0,0,0,0,0,0,2,0,0,0,106659556,5,0,5487024000,0
1372,120.6407284,31.42115694,-58.46040344,0,0,0,0,0,0,0,2,0,0,0,106659556,5,0,5487024000,0
1373,120.6407284,31.42115694,-58.46040344,0,0,0,0,0,0,0,2,0,0,0,106659556,5,0,5487024000,0
1374,120.6407284,31.42115694,-58.46040344,0,0,0,0,0,0,0,2,0,0,0,106659556,5,0,5487024000,0
1375,120.6407284,31.42115694,-58.46040344,0,0,0,0,0,0,0,2,0,0,0,106659556,5,0,5487024000,0
1376,120.6407284,31.42115694,-58.46040344,0,0,0,0,0,0,0,2,0,0,0,106659556,5,0,5487024000,0
1377,120.6407284,31.42115694,-58.46040344,0,0,0,0,0,0,0,2,0,0,0,106659556,5,0,5487024000,0
1378,120.6407284,31.42115694,-58.46040344,0,0,0,0,0,0,0,2,0,0,0,106659556,5,0,5487024000,0
1379,120.6407284,31.42115694,-58.46040344,0,0,0,0,0,0,0,2,0,0,0,106659556,5,0,5487024000,0
1380,120.6407284,31.42115694,-58.46040344,0,0,0,0,0,0,0,2,0,0,0,106659556,5,0,5487024000,0
1381,120.6407284,31.42115694,-58.46040344,0,0,0,0,0,0,0,2,0,0,0,106659556,5,0,5487024000,0
1382,120.6407284,31.42115694,-58.46040344,0,0,0,0,0,0,0,2,0,0,0,106659556,5,0,5487024000,0
1383,120.6407284,31.42115694,-58.46040344,0,0,0,0,0,0,0,2,0,0,0,106659556,5,0,5487024000,0
1384,120.6407284,31.42115694,-58.46040344,0,0,0,0,0,0,0,2,0,0,0,106659556,5,0,5487024000,0
1385,120.6407284,31.42115694,-58.46040344,0,0,0,0,0,0,0,2,0,0,0,106659556,5,0,5487024000,0
1386,120.6407284,31.42115694,-58.46040344,0,0,0,0,0,0,0,2,0,0,0,106659556,5,0,5487024000,0
1387,120.6407284,31.42115694,-58.46040344,0,0,0,0,0,0,0,2,0,0,0,106659556,5,0,5487024000,0
1388,120.6407284,31.42115694,-58.46040344,0,0,0,0,0,0,0,2,0,0,0,106659556,5,0,5487024000,0
1389,120.6407284,31.42115694,-58.46040344,0,0,0,0,0,0,0,2,0,0,0,106659556,5,0,5487024000,0
1390,120.6407284,31.42115694,-58.46040344,0,0,0,0,0,0,0,2,0,0,0,106659556,5,0,5487024000,0
1391,120.6407284,31.42115694,-58.46040344,0,0,0,0,0,0,0,2,0,0,0,106659556,5,0,5487024000,0
1392,120.6407284,31.42115694,-58.46040344,0,0,0,0,0,0,0,2,0,0,0,106659556,5,0,5487024000,0
1393,120.6407284,31.42115694,-58.46040344,0,0,0,0,0,0,0,2,0,0,0,106659556,5,0,5487024000,0
1394,120.6407284,31.42115694,-58.46040344,0,0,0,0,0,0,0,2,0,0,0,106659556,5,0,5487024000,0
1395,120.6407284,31.42115694,-58.46040344,0,0,0,0,0,0,0,2,0,0,0,106659556,5,0,5487024000,0
1396,120.6407284,31.42115694,-58.46040344,0,0,0,0,0,0,0,2,0,0,0,106659556,5,0,5487024000,0
1397,120.6407284,31.42115694,-58.46040344,0,0,0,0,0,0,0,2,0,0,0,106659556,5,0,5487024000,0
1398,120.6407284,31.42115694,-58.46040344,0,0,0,0,0,0,0,2,0,0,0,106659556,5,0,5487024000,0
1399,120.6407284,31.42115694,-58.46040344,0,0,0,0,0,0,0,2,0,0,0,106659556,5,0,5487024000,0
1400,120.6407284,31.42115694,-58.46040344,0,0,0,0,0,0,0,2,0,0,0,106659556,5,0,5487024000,0
1401,120.6407284,31.42115694,-58.46040344,0,0,0,0,0,0,0,2,0,0,0,106659556,5,0,5487024000,0
1402,120.6407284,31.42115694,-58.46040344,0,0,0,0,0,0,0,2,0,0,0,106659556,5,0,5487024000,0
1403,120.6407284,31.42115694,-58.46040344,0,0,0,0,0,0,0,2,0,0,0,106659556,5,0,5487024000,0
1404,120.6407284,31.42115694,-58.46040344,0,0,0,0,0,0,0,2,0,0,0,106659556,5,0,5487024000,0
1405,120.6407284,31.42115694,-58.46040344,0,0,0,0,0,0,0,2,0,0,0,106659556,5,0,5487024000,0
1406,120.6407284,31.42115694,-58.46040344,0,0,0,0,0,0,0,2,0,0,0,106659556,5,0,5487024000,0
1407,120.6407284,31.42115694,-58.46040344,0,0,0,0,0,0,0,2,0,0,0,106659556,5,0,5487024000,0
1408,120.6407284,31.42115694,-58.46040344,0,0,0,0,0,0,0,2,0,0,0,106659556,5,0,5487024000,0
1409,120.6407284,31.42115694,-58.46040344,0,0,0,0,0,0,0,2,0,0,0,106659556,5,0,5487024000,0
1410,120.6407284,31.42115694,-58.46040344,0,0,0,0,0,0,0,2,0,0,0,106659556,5,0,5487024000,0
1411,120.6407284,31.42115694,-58.46040344,0,0,0,0,0,0,0,2,0,0,0,106659556,5,0,5487024000,0
1412,120.6407284,31.42115694,-58.46040344,0,0,0,0,0,0,0,2,0,0,0,106659556,5,0,5487024000,0
1413,120.6407284,31.42115694,-58.46040344,0,0,0,0,0,0,0,2,0,0,0,106659556,5,0,5487024000,0
1414,120.6407284,31.42115694,-58.46040344,0,0,0,0,0,0,0,2,0,0,0,106659556,5,0,5487024000,0
1415,120.6407284,31.42115694,-58.46040344,0,0,0,0,0,0,0,2,0,0,0,106659556,5,0,5487024000,0
1416,120.6407284,31.42115694,-58.46040344,0,0,0,0,0,0,0,2,0,0,0,106659556,5,0,5487024000,0
1417,120.6407284,31.42115694,-58.46040344,0,0,0,0,0,0,0,2,0,0,0,106659556,5,0,5487024000,0
1418,120.6407284,31.42115694,-58.46040344,0,0,0,0,0,0,0,2,0,0,0,106659556,5,0,5487024000,0
1419,120.6407284,31.42115694,-58.46040344,0,0,0,0,0,0,0,2,0,0,0,106659556,5,0,5487024000,0
1420,120.6407284,31.42115694,-58.46040344,0,0,0,0,0,0,0,2,0,0,0,106659556,5,0,5487024000,0
1421,120.6407284,31.42115694,-58.46040344,0,0,0,0,0,0,0,2,0,0,0,106659556,5,0,5487024000,0
1422,120.6407284,31.42115694,-58.46040344,0,0,0,0,0,0,0,2,0,0,0,106659556,5,0,5487024000,0
1423,120.6407284,31.42115694,-58.46040344,0,0,0,0,0,0,0,2,0,0,0,106659556,5,0,5487024000,0
1424,120.6407284,31.42115694,-58.46040344,0,0,0,0,0,0,0,2,0,0,0,106659556,5,0,5487024000,0
1425,120.6407284,31.42115694,-58.46040344,0,0,0,0,0,0,0,2,0,0,0,106659556,5,0,5487024000,0
1426,120.6407284,31.42115694,-58.46040344,0,0,0,0,0,0,0,2,0,0,0,106659556,5,0,5487024000,0
1427,120.6407284,31.42115694,-58.46040344,0,0,0,0,0,0,0,2,0,0,0,106659556,5,0,5487024000,0
1428,120.6407284,31.42115694,-58.46040344,0,0,0,0,0,0,0,2,0,0,0,106659556,5,0,5487024000,0
1429,120.6407284,31.42115694,-58.46040344,0,0,0,0,0,0,0,2,0,0,0,106659556,5,0,5487024000,0
1430,120.6407284,31.42115694,-58.46040344,0,0,0,0,0,0,0,2,0,0,0,106659556,5,0,5487024000,0
1431,120.6407284,31.42115694,-58.46040344,0,0,0,0,0,0,0,2,0,0,0,106659556,5,0,5487024000,0
1432,120.6407284,31.42115694,-58.46040344,0,0,0,0,0,0,0,2,0,0,0,106659556,5,0,5487024000,0
1433,120.6407284,31.42115694,-58.46040344,0,0,0,0,0,0,0,2,0,0,0,106659556,5,0,5487024000,0
1434,120.6407284,31.42115694,-58.46040344,0,0,0,0,0,0,0,2,0,0,0,106659556,5,0,5487024000,0
1435,120.6407284,31.42115694,-58.46040344,0,0,0,0,0,0,0,2,0,0,0,106659556,5,0,5487024000,0
1436,120.6407284,31.42115694,-58.46040344,0,0,0,0,0,0,0,2,0,0,0,106659556,5,0,5487024000,0
1437,120.6407284,31.42115694,-58.46040344,0,0,0,0,0,0,0,2,0,0,0,106659556,5,0,5487024000,0
1438,120.6407284,31.42115694,-58.46040344,0,0,0,0,0,0,0,2,0,0,0,106659556,5,0,5487024000,0
1439,120.6407284,31.42115694,-58.46040344,0,0,0,0,0,0,0,2,0,0,0,106659556,5,0,5487024000,0
1440,120.6407284,31.42115694,-58.46040344,0,0,0,0,0,0,0,2,0,0,0,106659556,5,0,5487024000,0
1441,120.6407284,31.42115694,-58.46040344,0,0,0,0,0,0,0,2,0,0,0,106659556,5,0,5487024000,0
1442,120.6407284,31.42115694,-58.46040344,0,0,0,0,0,0,0,2,0,0,0,106659556,5,0,5487024000,0
1443,120.6407284,31.42115694,-58.46040344,0,0,0,0,0,0,0,2,0,0,0,106659556,5,0,5487024000,0
1444,120.6407284,31.42115694,-58.46040344,0,0,0,0,0,0,0,2,0,0,0,106659556,5,0,5487024000,0
1445,120.6407284,31.42115694,-58.46040344,0,0,0,0,0,0,0,2,0,0,0,106659556,5,0,5487024000,0
1446,120.6407284,31.42115694,-58.46040344,0,0,0,0,0,0,0,2,0,0,0,106659556,5,0,5487024000,0
1447,120.6407284,31.42115694,-58.46040344,0,0,0,0,0,0,0,2,0,0,0,106659556,5,0,5487024000,0
1448,120.6407284,31.42115694,-58.46040344,0,0,0,0,0,0,0,2,0,0,0,106659556,5,0,5487024000,0
1449,120.6407284,31.42115694,-58.46040344,0,0,0,0,0,0,0,2,0,0,0,106659556,5,0,5487024000,0
1450,120.6407284,31.42115694,-58.46040344,0,0,0,0,0,0,0,2,0,0,0,106659556,5,0,5487024000,0
1451,120.6407284,31.42115694,-58.46040344,0,0,0,0,0,0,0,2,0,0,0,106659556,5,0,5487024000,0
1452,120.6407284,31.42115694,-58.46040344,0,0,0,0,0,0,0,2,0,0,0,106659556,5,0,5487024000,0
1453,120.6407284,31.42115694,-58.46040344,0,0,0,0,0,0,0,2,0,0,0,106659556,5,0,5487024000,0
1454,120.6407284,31.42115694,-58.46040344,0,0,0,0,0,0,0,2,0,0,0,106659556,5,0,5487024000,0
1455,120.6407284,31.42115694,-58.46040344,0,0,0,0,0,0,0,2,0,0,0,106659556,5,0,5487024000,0
1456,120.6407284,31.42115694,-58.46040344,0,0,0,0,0,0,0,2,0,0,0,106659556,5,0,5487024000,0
1457,120.6407284,31.42115694,-58.46040344,0,0,0,0,0,0,0,2,0,0,0,106659556,5,0,5487024000,0
1458,120.6407284,31.42115694,-58.46040344,0,0,0,0,0,0,0,2,0,0,0,106659556,5,0,5487024000,0
1459,120.6407284,31.42115694,-58.46040344,0,0,0,0,0,0,0,2,0,0,0,106659556,5,0,5487024000,0
1460,120.6407284,31.42115694,-58.46040344,0,0,0,0,0,0,0,2,0,0,0,106659556,5,0,5487024000,0
1461,120.6407284,31.42115694,-58.46040344,0,0,0,0,0,0,0,2,0,0,0,106659556,5,0,5487024000,0
1462,120.6407284,31.42115694,-58.46040344,0,0,0,0,0,0,0,2,0,0,0,106659556,5,0,5487024000,0
1463,120.6407284,31.42115694,-58.46040344,0,0,0,0,0,0,0,2,0,0,0,106659556,5,0,5487024000,0
1464,120.6407284,31.42115694,-58.46040344,0,0,0,0,0,0,0,2,0,0,0,106659556,5,0,5487024000,0
1465,120.6407284,31.42115694,-58.46040344,0,0,0,0,0,0,0,2,0,0,0,106659556,5,0,5487024000,0
1466,120.6407284,31.42115694,-58.46040344,0,0,0,0,0,0,0,2,0,0,0,106659556,5,0,5487024000,0
1467,120.6407284,31.42115694,-58.46040344,0,0,0,0,0,0,0,2,0,0,0,106659556,5,0,5487024000,0
1468,120.6407284,31.42115694,-58.46040344,0,0,0,0,0,0,0,2,0,0,0,106659556,5,0,5487024000,0
1469,120.6407284,31.42115694,-58.46040344,0,0,0,0,0,0,0,2,0,0,0,106659556,5,0,5487024000,0
1470,120.6407284,31.42115694,-58.46040344,0,0,0,0,0,0,0,2,0,0,0,106659556,5,0,5487024000,0
1471,120.6407284,31.42115694,-58.46040344,0,0,0,0,0,0,0,2,0,0,0,106659556,5,0,5487024000,0
1472,120.6407284,31.42115694,-58.46040344,0,0,0,0,0,0,0,2,0,0,0,106659556,5,0,5487024000,0
1473,120.6407284,31.42115694,-58.46040344,0,0,0,0,0,0,0,2,0,0,0,106659556,5,0,5487024000,0
1474,120.6407284,31.42115694,-58.46040344,0,0,0,0,0,0,0,2,0,0,0,106659556,5,0,5487024000,0
1475,120.6407284,31.42115694,-58.46040344,0,0,0,0,0,0,0,2,0,0,0,106659556,5,0,5487024000,0
1476,120.6407284,31.42115694,-58.46040344,0,0,0,0,0,0,0,2,0,0,0,106659556,5,0,5487024000,0
1477,120.6407284,31.42115694,-58.46040344,0,0,0,0,0,0,0,2,0,0,0,106659556,5,0,5487024000,0
1478,120.6407284,31.42115694,-58.46040344,0,0,0,0,0,0,0,2,0,0,0,106659556,5,0,5487024000,0
1479,120.6407284,31.42115694,-58.46040344,0,0,0,0,0,0,0,2,0,0,0,106659556,5,0,5487024000,0
1480,120.6407284,31.42115694,-58.46040344,0,0,0,0,0,0,0,2,0,0,0,106659556,5,0,5487024000,0
1481,120.6407284,31.42115694,-58.46040344,0,0,0,0,0,0,0,2,0,0,0,106659556,5,0,5487024000,0
1482,120.6407284,31.42115694,-58.46040344,0,0,0,0,0,0,0,2,0,0,0,106659556,5,0,5487024000,0
1483,120.6407284,31.42115694,-58.46040344,0,0,0,0,0,0,0,2,0,0,0,106659556,5,0,5487024000,0
1484,120.6407284,31.42115694,-58.46040344,0,0,0,0,0,0,0,2,0,0,0,106659556,5,0,5487024000,0
1485,120.6407284,31.42115694,-58.46040344,0,0,0,0,0,0,0,2,0,0,0,106659556,5,0,5487024000,0
1486,120.6407284,31.42115694,-58.46040344,0,0,0,0,0,0,0,2,0,0,0,106659556,5,0,5487024000,0
1487,120.6407284,31.42115694,-58.46040344,0,0,0,0,0,0,0,2,0,0,0,106659556,5,0,5487024000,0
1488,120.6407284,31.42115694,-58.46040344,0,0,0,0,0,0,0,2,0,0,0,106659556,5,0,5487024000,0
1489,120.6407284,31.42115694,-58.46040344,0,0,0,0,0,0,0,2,0,0,0,106659556,5,0,5487024000,0
1490,120.6407284,31.42115694,-58.46040344,0,0,0,0,0,0,0,2,0,0,0,106659556,5,0,5487024000,0
1491,120.6407284,31.42115694,-58.46040344,0,0,0,0,0,0,0,2,0,0,0,106659556,5,0,5487024000,0
1492,120.6407284,31.42115694,-58.46040344,0,0,0,0,0,0,0,2,0,0,0,106659556,5,0,5487024000,0
1493,120.6407284,31.42115694,-58.46040344,0,0,0,0,0,0,0,2,0,0,0,106659556,5,0,5487024000,0
1494,120.6407284,31.42115694,-58.46040344,0,0,0,0,0,0,0,2,0,0,0,106659556,5,0,5487024000,0
1495,120.6407284,31.42115694,-58.46040344,0,0,0,0,0,0,0,2,0,0,0,106659556,5,0,5487024000,0
1496,120.6407284,31.42115694,-58.46040344,0,0,0,0,0,0,0,2,0,0,0,106659556,5,0,5487024000,0
1497,120.6407284,31.42115694,-58.46040344,0,0,0,0,0,0,0,2,0,0,0,106659556,5,0,5487024000,0
1498,120.6407284,31.42115694,-58.46040344,0,0,0,0,0,0,0,2,0,0,0,106659556,5,0,5487024000,0
1499,120.6407284,31.42115694,-58.46040344,0,0,0,0,0,0,0,2,0,0,0,106659556,5,0,5487024000,0
1500,120.6407284,31.42115694,-58.46040344,0,0,0,0,0,0,0,2,0,0,0,106659556,5,0,5487024000,0
1501,120.6407284,31.42115694,-58.46040344,0,0,0,0,0,0,0,2,0,0,0,106659556,5,0,5487024000,0
1502,120.6407284,31.42115694,-58.46040344,0,0,0,0,0,0,0,2,0,0,0,106659556,5,0,5487024000,0
1503,120.6407284,31.42115694,-58.46040344,0,0,0,0,0,0,0,2,0,0,0,106659556,5,0,5487024000,0
1504,120.6407284,31.42115694,-58.46040344,0,0,0,0,0,0,0,2,0,0,0,106659556,5,0,5487024000,0
1505,120.6407284,31.42115694,-58.46040344,0,0,0,0,0,0,0,2,0,0,0,106659556,5,0,5487024000,0
1506,120.6407284,31.42115694,-58.46040344,0,0,0,0,0,0,0,2,0,0,0,106659556,5,0,5487024000,0
1507,120.6407284,31.42115694,-58.46040344,0,0,0,0,0,0,0,2,0,0,0,106659556,5,0,5487024000,0
1508,120.6407284,31.42115694,-58.46040344,0,0,0,0,0,0,0,2,0,0,0,106659556,5,0,5487024000,0
1509,120.6407284,31.42115694,-58.46040344,0,0,0,0,0,0,0,2,0,0,0,106659556,5,0,5487024000,0
1510,120.6407284,31.42115694,-58.46040344,0,0,0,0,0,0,0,2,0,0,0,106659556,5,0,5487024000,0
1511,120.6407284,31.42115694,-58.46040344,0,0,0,0,0,0,0,2,0,0,0,106659556,5,0,5487024000,0
1512,120.6407284,31.42115694,-58.46040344,0,0,0,0,0,0,0,2,0,0,0,106659556,5,0,5487024000,0
1513,120.6407284,31.42115694,-58.46040344,0,0,0,0,0,0,0,2,0,0,0,106659556,5,0,5487024000,0
1514,120.6407284,31.42115694,-58.46040344,0,0,0,0,0,0,0,2,0,0,0,106659556,5,0,5487024000,0
1515,120.6407284,31.42115694,-58.46040344,0,0,0,0,0,0,0,2,0,0,0,106659556,5,0,5487024000,0
1516,120.6407284,31.42115694,-58.46040344,0,0,0,0,0,0,0,2,0,0,0,106659556,5,0,5487024000,0
1517,120.6407284,31.42115694,-58.46040344,0,0,0,0,0,0,0,2,0,0,0,106659556,5,0,5487024000,0
1518,120.6407284,31.42115694,-58.46040344,0,0,0,0,0,0,0,2,0,0,0,106659556,5,0,5487024000,0
1519,120.6407284,31.42115694,-58.46040344,0,0,0,0,0,0,0,2,0,0,0,106659556,5,0,5487024000,0
1520,120.6407284,31.42115694,-58.46040344,0,0,0,0,0,0,0,2,0,0,0,106659556,5,0,5487024000,0
1521,120.6407284,31.42115694,-58.46040344,0,0,0,0,0,0,0,2,0,0,0,106659556,5,0,5487024000,0
1522,120.6407284,31.42115694,-58.46040344,0,0,0,0,0,0,0,2,0,0,0,106659556,5,0,5487024000,0
1523,120.6407284,31.42115694,-58.46040344,0,0,0,0,0,0,0,2,0,0,0,106659556,5,0,5487024000,0
1524,120.6407284,31.42115694,-58.46040344,0,0,0,0,0,0,0,2,0,0,0,106659556,5,0,5487024000,0
1525,120.6407284,31.42115694,-58.46040344,0,0,0,0,0,0,0,2,0,0,0,106659556,5,0,5487024000,0
1526,120.6407284,31.42115694,-58.46040344,0,0,0,0,0,0,0,2,0,0,0,106659556,5,0,5487024000,0
1527,120.6407284,31.42115694,-58.46040344,0,0,0,0,0,0,0,2,0,0,0,106659556,5,0,5487024000,0
1528,120.6407284,31.42115694,-58.46040344,0,0,0,0,0,0,0,2,0,0,0,106659556,5,0,5487024000,0
1529,120.6407284,31.42115694,-58.46040344,0,0,0,0,0,0,0,2,0,0,0,106659556,5,0,5487024000,0
1530,120.6407284,31.42115694,-58.46040344,0,0,0,0,0,0,0,2,0,0,0,106659556,5,0,5487024000,0
1531,120.6407284,31.42115694,-58.46040344,0,0,0,0,0,0,0,2,0,0,0,106659556,5,0,5487024000,0
1532,120.6407284,31.42115694,-58.46040344,0,0,0,0,0,0,0,2,0,0,0,106659556,5,0,5487024000,0
1533,120.6407284,31.42115694,-58.46040344,0,0,0,0,0,0,0,2,0,0,0,106659556,5,0,5487024000,0
1534,120.6407284,31.42115694,-58.46040344,0,0,0,0,0,0,0,2,0,0,0,106659556,5,0,5487024000,0
1535,120.6407284,31.42115694,-58.46040344,0,0,0,0,0,0,0,2,0,0,0,106659556,5,0,5487024000,0
1536,120.6407284,31.42115694,-58.46040344,0,0,0,0,0,0,0,2,0,0,0,106659556,5,0,5487024000,0
1537,120.6407284,31.42115694,-58.46040344,0,0,0,0,0,0,0,2,0,0,0,106659556,5,0,5487024000,0
1538,120.6407284,31.42115694,-58.46040344,0,0,0,0,0,0,0,2,0,0,0,106659556,5,0,5487024000,0
1539,120.6407284,31.42115694,-58.46040344,0,0,0,0,0,0,0,2,0,0,0,106659556,5,0,5487024000,0
1540,120.6407284,31.42115694,-58.46040344,0,0,0,0,0,0,0,2,0,0,0,106659556,5,0,5487024000,0
1541,120.6407284,31.42115694,-58.46040344,0,0,0,0,0,0,0,2,0,0,0,106659556,5,0,5487024000,0
1542,120.6407284,31.42115694,-58.46040344,0,0,0,0,0,0,0,2,0,0,0,106659556,5,0,5487024000,0
1543,120.6407284,31.42115694,-58.46040344,0,0,0,0,0,0,0,2,0,0,0,106659556,5,0,5487024000,0
1544,120.6407284,31.42115694,-58.46040344,0,0,0,0,0,0,0,2,0,0,0,106659556,5,0,5487024000,0
1545,120.6407284,31.42115694,-58.46040344,0,0,0,0,0,0,0,2,0,0,0,106659556,5,0,5487024000,0
1546,120.6407284,31.42115694,-58.46040344,0,0,0,0,0,0,0,2,0,0,0,106659556,5,0,5487024000,0
1547,120.6407284,31.42115694,-58.46040344,0,0,0,0,0,0,0,2,0,0,0,106659556,5,0,5487024000,0
1548,120.6407284,31.42115694,-58.46040344,0,0,0,0,0,0,0,2,0,0,0,106659556,5,0,5487024000,0
1549,120.6407284,31.42115694,-58.46040344,0,0,0,0,0,0,0,2,0,0,0,106659556,5,0,5487024000,0
1550,120.6407284,31.42115694,-58.46040344,0,0,0,0,0,0,0,2,0,0,0,106659556,5,0,5487024000,0
1551,120.6407284,31.42115694,-58.46040344,0,0,0,0,0,0,0,2,0,0,0,106659556,5,0,5487024000,0
1552,120.6407284,31.42115694,-58.46040344,0,0,0,0,0,0,0,2,0,0,0,106659556,5,0,5487024000,0
1553,120.6407284,31.42115694,-58.46040344,0,0,0,0,0,0,0,2,0,0,0,106659556,5,0,5487024000,0
1554,120.6407284,31.42115694,-58.46040344,0,0,0,0,0,0,0,2,0,0,0,106659556,5,0,5487024000,0
1555,120.6407284,31.42115694,-58.46040344,0,0,0,0,0,0,0,2,0,0,0,106659556,5,0,5487024000,0
1556,120.6407284,31.42115694,-58.46040344,0,0,0,0,0,0,0,2,0,0,0,106659556,5,0,5487024000,0
1557,120.6407284,31.42115694,-58.46040344,0,0,0,0,0,0,0,2,0,0,0,106659556,5,0,5487024000,0
1558,120.6407284,31.42115694,-58.46040344,0,0,0,0,0,0,0,2,0,0,0,106659556,5,0,5487024000,0
1559,120.6407284,31.42115694,-58.46040344,0,0,0,0,0,0,0,2,0,0,0,106659556,5,0,5487024000,0
1560,120.6407284,31.42115694,-58.46040344,0,0,0,0,0,0,0,2,0,0,0,106659556,5,0,5487024000,0
1561,120.6407284,31.42115694,-58.46040344,0,0,0,0,0,0,0,2,0,0,0,106659556,5,0,5487024000,0
1562,120.6407284,31.42115694,-58.46040344,0,0,0,0,0,0,0,2,0,0,0,106659556,5,0,5487024000,0
1563,120.6407284,31.42115694,-58.46040344,0,0,0,0,0,0,0,2,0,0,0,106659556,5,0,5487024000,0
1564,120.6407284,31.42115694,-58.46040344,0,0,0,0,0,0,0,2,0,0,0,106659556,5,0,5487024000,0
1565,120.6407284,31.42115694,-58.46040344,0,0,0,0,0,0,0,2,0,0,0,106659556,5,0,5487024000,0
1566,120.6407284,31.42115694,-58.46040344,0,0,0,0,0,0,0,2,0,0,0,106659556,5,0,5487024000,0
1567,120.6407284,31.42115694,-58.46040344,0,0,0,0,0,0,0,2,0,0,0,106659556,5,0,5487024000,0
1568,120.6407284,31.42115694,-58.46040344,0,0,0,0,0,0,0,2,0,0,0,106659556,5,0,5487024000,0
1569,120.6407284,31.42115694,-58.46040344,0,0,0,0,0,0,0,2,0,0,0,106659556,5,0,5487024000,0
1570,120.6407284,31.42115694,-58.46040344,0,0,0,0,0,0,0,2,0,0,0,106659556,5,0,5487024000,0
1571,120.6407284,31.42115694,-58.46040344,0,0,0,0,0,0,0,2,0,0,0,106659556,5,0,5487024000,0
1572,120.6407284,31.42115694,-58.46040344,0,0,0,0,0,0,0,2,0,0,0,106659556,5,0,5487024000,0
1573,120.6407284,31.42115694,-58.46040344,0,0,0,0,0,0,0,2,0,0,0,106659556,5,0,5487024000,0
1574,120.6407284,31.42115694,-58.46040344,0,0,0,0,0,0,0,2,0,0,0,106659556,5,0,5487024000,0
1575,120.6407284,31.42115694,-58.46040344,0,0,0,0,0,0,0,2,0,0,0,106659556,5,0,5487024000,0
1576,120.6407284,31.42115694,-58.46040344,0,0,0,0,0,0,0,2,0,0,0,106659556,5,0,5487024000,0
1577,120.6407284,31.42115694,-58.46040344,0,0,0,0,0,0,0,2,0,0,0,106659556,5,0,5487024000,0
1578,120.6407284,31.42115694,-58.46040344,0,0,0,0,0,0,0,2,0,0,0,106659556,5,0,5487024000,0
1579,120.6407284,31.42115694,-58.46040344,0,0,0,0,0,0,0,2,0,0,0,106659556,5,0,5487024000,0
1580,120.6407284,31.42115694,-58.46040344,0,0,0,0,0,0,0,2,0,0,0,106659556,5,0,5487024000,0
1581,120.6407284,31.42115694,-58.46040344,0,0,0,0,0,0,0,2,0,0,0,106659556,5,0,5487024000,0
1582,120.6407284,31.42115694,-58.46040344,0,0,0,0,0,0,0,2,0,0,0,106659556,5,0,5487024000,0
1583,120.6407284,31.42115694,-58.46040344,0,0,0,0,0,0,0,2,0,0,0,106659556,5,0,5487024000,0
1584,120.6407284,31.42115694,-58.46040344,0,0,0,0,0,0,0,2,0,0,0,106659556,5,0,5487024000,0
1585,120.6407284,31.42115694,-58.46040344,0,0,0,0,0,0,0,2,0,0,0,106659556,5,0,5487024000,0
1586,120.6407284,31.42115694,-58.46040344,0,0,0,0,0,0,0,2,0,0,0,106659556,5,0,5487024000,0
1587,120.6407284,31.42115694,-58.46040344,0,0,0,0,0,0,0,2,0,0,0,106659556,5,0,5487024000,0
1588,120.6407284,31.42115694,-58.46040344,0,0,0,0,0,0,0,2,0,0,0,106659556,5,0,5487024000,0
1589,120.6407284,31.42115694,-58.46040344,0,0,0,0,0,0,0,2,0,0,0,106659556,5,0,5487024000,0
1590,120.6407284,31.42115694,-58.46040344,0,0,0,0,0,0,0,2,0,0,0,106659556,5,0,5487024000,0
1591,120.6407284,31.42115694,-58.46040344,0,0,0,0,0,0,0,2,0,0,0,106659556,5,0,5487024000,0
1592,120.6407284,31.42115694,-58.46040344,0,0,0,0,0,0,0,2,0,0,0,106659556,5,0,5487024000,0
1593,120.6407284,31.42115694,-58.46040344,0,0,0,0,0,0,0,2,0,0,0,106659556,5,0,5487024000,0
1594,120.6407284,31.42115694,-58.46040344,0,0,0,0,0,0,0,2,0,0,0,106659556,5,0,5487024000,0
1595,120.6407284,31.42115694,-58.46040344,0,0,0,0,0,0,0,2,0,0,0,106659556,5,0,5487024000,0
1596,120.6407284,31.42115694,-58.46040344,0,0,0,0,0,0,0,2,0,0,0,106659556,5,0,5487024000,0
1597,120.6407284,31.42115694,-58.46040344,0,0,0,0,0,0,0,2,0,0,0,106659556,5,0,5487024000,0
1598,120.6407284,31.42115694,-58.46040344,0,0,0,0,0,0,0,2,0,0,0,106659556,5,0,5487024000,0
1599,120.6407284,31.42115694,-58.46040344,0,0,0,0,0,0,0,2,0,0,0,106659556,5,0,5487024000,0
1600,120.6407284,31.42115694,-58.46040344,0,0,0,0,0,0,0,2,0,0,0,106659556,5,0,5487024000,0
1601,120.6407284,31.42115694,-58.46040344,0,0,0,0,0,0,0,2,0,0,0,106659556,5,0,5487024000,0
1602,120.6407284,31.42115694,-58.46040344,0,0,0,0,0,0,0,2,0,0,0,106659556,5,0,5487024000,0
1603,120.6407284,31.42115694,-58.46040344,0,0,0,0,0,0,0,2,0,0,0,106659556,5,0,5487024000,0
1604,120.6407284,31.42115694,-58.46040344,0,0,0,0,0,0,0,2,0,0,0,106659556,5,0,5487024000,0
1605,120.6407284,31.42115694,-58.46040344,0,0,0,0,0,0,0,2,0,0,0,106659556,5,0,5487024000,0
1606,120.6407284,31.42115694,-58.46040344,0,0,0,0,0,0,0,2,0,0,0,106659556,5,0,5487024000,0
1607,120.6407284,31.42115694,-58.46040344,0,0,0,0,0,0,0,2,0,0,0,106659556,5,0,5487024000,0
1608,120.6407284,31.42115694,-58.46040344,0,0,0,0,0,0,0,2,0,0,0,106659556,5,0,5487024000,0
1609,120.6407284,31.42115694,-58.46040344,0,0,0,0,0,0,0,2,0,0,0,106659556,5,0,5487024000,0
1610,120.6407284,31.42115694,-58.46040344,0,0,0,0,0,0,0,2,0,0,0,106659556,5,0,5487024000,0
1611,120.6407284,31.42115694,-58.46040344,0,0,0,0,0,0,0,2,0,0,0,106659556,5,0,5487024000,0
1612,120.6407284,31.42115694,-58.46040344,0,0,0,0,0,0,0,2,0,0,0,106659556,5,0,5487024000,0
1613,120.6407284,31.42115694,-58.46040344,0,0,0,0,0,0,0,2,0,0,0,106659556,5,0,5487024000,0
1614,120.6407284,31.42115694,-58.46040344,0,0,0,0,0,0,0,2,0,0,0,106659556,5,0,5487024000,0
1615,120.6407284,31.42115694,-58.46040344,0,0,0,0,0,0,0,2,0,0,0,106659556,5,0,5487024000,0
1616,120.6407284,31.42115694,-58.46040344,0,0,0,0,0,0,0,2,0,0,0,106659556,5,0,5487024000,0
1617,120.6407284,31.42115694,-58.46040344,0,0,0,0,0,0,0,2,0,0,0,106659556,5,0,5487024000,0
1618,120.6407284,31.42115694,-58.46040344,0,0,0,0,0,0,0,2,0,0,0,106659556,5,0,5487024000,0
1619,120.6407284,31.42115694,-58.46040344,0,0,0,0,0,0,0,2,0,0,0,106659556,5,0,5487024000,0
1620,120.6407284,31.42115694,-58.46040344,0,0,0,0,0,0,0,2,0,0,0,106659556,5,0,5487024000,0
1621,120.6407284,31.42115694,-58.46040344,0,0,0,0,0,0,0,2,0,0,0,106659556,5,0,5487024000,0
1622,120.6407284,31.42115694,-58.46040344,0,0,0,0,0,0,0,2,0,0,0,106659556,5,0,5487024000,0
1623,120.6407284,31.42115694,-58.46040344,0,0,0,0,0,0,0,2,0,0,0,106659556,5,0,5487024000,0
1624,120.6407284,31.42115694,-58.46040344,0,0,0,0,0,0,0,2,0,0,0,106659556,5,0,5487024000,0
1625,120.6407284,31.42115694,-58.46040344,0,0,0,0,0,0,0,2,0,0,0,106659556,5,0,5487024000,0
1626,120.6407284,31.42115694,-58.46040344,0,0,0,0,0,0,0,2,0,0,0,106659556,5,0,5487024000,0
1627,120.6407284,31.42115694,-58.46040344,0,0,0,0,0,0,0,2,0,0,0,106659556,5,0,5487024000,0
1628,120.6407284,31.42115694,-58.46040344,0,0,0,0,0,0,0,2,0,0,0,106659556,5,0,5487024000,0
1629,120.6407284,31.42115694,-58.46040344,0,0,0,0,0,0,0,2,0,0,0,106659556,5,0,5487024000,0
1630,120.6407284,31.42115694,-58.46040344,0,0,0,0,0,0,0,2,0,0,0,106659556,5,0,5487024000,0
1631,120.6407284,31.42115694,-58.46040344,0,0,0,0,0,0,0,2,0,0,0,106659556,5,0,5487024000,0
1632,120.6407284,31.42115694,-58.46040344,0,0,0,0,0,0,0,2,0,0,0,106659556,5,0,5487024000,0
1633,120.6407284,31.42115694,-58.46040344,0,0,0,0,0,0,0,2,0,0,0,106659556,5,0,5487024000,0
1634,120.6407284,31.42115694,-58.46040344,0,0,0,0,0,0,0,2,0,0,0,106659556,5,0,5487024000,0
1635,120.6407284,31.42115694,-58.46040344,0,0,0,0,0,0,0,2,0,0,0,106659556,5,0,5487024000,0
1636,120.6407284,31.42115694,-58.46040344,0,0,0,0,0,0,0,2,0,0,0,106659556,5,0,5487024000,0
1637,120.6407284,31.42115694,-58.46040344,0,0,0,0,0,0,0,2,0,0,0,106659556,5,0,5487024000,0
1638,120.6407284,31.42115694,-58.46040344,0,0,0,0,0,0,0,2,0,0,0,106659556,5,0,5487024000,0
1639,120.6407284,31.42115694,-58.46040344,0,0,0,0,0,0,0,2,0,0,0,106659556,5,0,5487024000,0
1640,120.6407284,31.42115694,-58.46040344,0,0,0,0,0,0,0,2,0,0,0,106659556,5,0,5487024000,0
1641,120.6407284,31.42115694,-58.46040344,0,0,0,0,0,0,0,2,0,0,0,106659556,5,0,5487024000,0
1642,120.6407284,31.42115694,-58.46040344,0,0,0,0,0,0,0,2,0,0,0,106659556,5,0,5487024000,0
1643,120.6407284,31.42115694,-58.46040344,0,0,0,0,0,0,0,2,0,0,0,106659556,5,0,5487024000,0
1644,120.6407284,31.42115694,-58.46040344,0,0,0,0,0,0,0,2,0,0,0,106659556,5,0,5487024000,0
1645,120.6407284,31.42115694,-58.46040344,0,0,0,0,0,0,0,2,0,0,0,106659556,5,0,5487024000,0
1646,120.6407284,31.42115694,-58.46040344,0,0,0,0,0,0,0,2,0,0,0,106659556,5,0,5487024000,0
1647,120.6407284,31.42115694,-58.46040344,0,0,0,0,0,0,0,2,0,0,0,106659556,5,0,5487024000,0
1648,120.6407284,31.42115694,-58.46040344,0,0,0,0,0,0,0,2,0,0,0,106659556,5,0,5487024000,0
1649,120.6407284,31.42115694,-58.46040344,0,0,0,0,0,0,0,2,0,0,0,106659556,5,0,5487024000,0
1650,120.6407284,31.42115694,-58.46040344,0,0,0,0,0,0,0,2,0,0,0,106659556,5,0,5487024000,0
1651,120.6407284,31.42115694,-58.46040344,0,0,0,0,0,0,0,2,0,0,0,106659556,5,0,5487024000,0
1652,120.6407284,31.42115694,-58.46040344,0,0,0,0,0,0,0,2,0,0,0,106659556,5,0,5487024000,0
1653,120.6407284,31.42115694,-58.46040344,0,0,0,0,0,0,0,2,0,0,0,106659556,5,0,5487024000,0
1654,120.6407284,31.42115694,-58.46040344,0,0,0,0,0,0,0,2,0,0,0,106659556,5,0,5487024000,0
1655,120.6407284,31.42115694,-58.46040344,0,0,0,0,0,0,0,2,0,0,0,106659556,5,0,5487024000,0
1656,120.6407284,31.42115694,-58.46040344,0,0,0,0,0,0,0,2,0,0,0,106659556,5,0,5487024000,0
1657,120.6407284,31.42115694,-58.46040344,0,0,0,0,0,0,0,2,0,0,0,106659556,5,0,5487024000,0
1658,120.6407284,31.42115694,-58.46040344,0,0,0,0,0,0,0,2,0,0,0,106659556,5,0,5487024000,0
1659,120.6407284,31.42115694,-58.46040344,0,0,0,0,0,0,0,2,0,0,0,106659556,5,0,5487024000,0
1660,120.6407284,31.42115694,-58.46040344,0,0,0,0,0,0,0,2,0,0,0,106659556,5,0,5487024000,0
1661,120.6407284,31.42115694,-58.46040344,0,0,0,0,0,0,0,2,0,0,0,106659556,5,0,5487024000,0
1662,120.6407284,31.42115694,-58.46040344,0,0,0,0,0,0,0,2,0,0,0,106659556,5,0,5487024000,0
1663,120.6407284,31.42115694,-58.46040344,0,0,0,0,0,0,0,2,0,0,0,106659556,5,0,5487024000,0
1664,120.6407284,31.42115694,-58.46040344,0,0,0,0,0,0,0,2,0,0,0,106659556,5,0,5487024000,0
1665,120.6407284,31.42115694,-58.46040344,0,0,0,0,0,0,0,2,0,0,0,106659556,5,0,5487024000,0
1666,120.6407284,31.42115694,-58.46040344,0,0,0,0,0,0,0,2,0,0,0,106659556,5,0,5487024000,0
1667,120.6407284,31.42115694,-58.46040344,0,0,0,0,0,0,0,2,0,0,0,106659556,5,0,5487024000,0
1668,120.6407284,31.42115694,-58.46040344,0,0,0,0,0,0,0,2,0,0,0,106659556,5,0,5487024000,0
1669,120.6407284,31.42115694,-58.46040344,0,0,0,0,0,0,0,2,0,0,0,106659556,5,0,5487024000,0
1670,120.6407284,31.42115694,-58.46040344,0,0,0,0,0,0,0,2,0,0,0,106659556,5,0,5487024000,0
1671,120.6407284,31.42115694,-58.46040344,0,0,0,0,0,0,0,2,0,0,0,106659556,5,0,5487024000,0
1672,120.6407284,31.42115694,-58.46040344,0,0,0,0,0,0,0,2,0,0,0,106659556,5,0,5487024000,0
1673,120.6407284,31.42115694,-58.46040344,0,0,0,0,0,0,0,2,0,0,0,106659556,5,0,5487024000,0
1674,120.6407284,31.42115694,-58.46040344,0,0,0,0,0,0,0,2,0,0,0,106659556,5,0,5487024000,0
1675,120.6407284,31.42115694,-58.46040344,0,0,0,0,0,0,0,2,0,0,0,106659556,5,0,5487024000,0
1676,120.6407284,31.42115694,-58.46040344,0,0,0,0,0,0,0,2,0,0,0,106659556,5,0,5487024000,0
1677,120.6407284,31.42115694,-58.46040344,0,0,0,0,0,0,0,2,0,0,0,106659556,5,0,5487024000,0
1678,120.6407284,31.42115694,-58.46040344,0,0,0,0,0,0,0,2,0,0,0,106659556,5,0,5487024000,0
1679,120.6407284,31.42115694,-58.46040344,0,0,0,0,0,0,0,2,0,0,0,106659556,5,0,5487024000,0
1680,120.6407284,31.42115694,-58.46040344,0,0,0,0,0,0,0,2,0,0,0,106659556,5,0,5487024000,0
1681,120.6407284,31.42115694,-58.46040344,0,0,0,0,0,0,0,2,0,0,0,106659556,5,0,5487024000,0
1682,120.6407284,31.42115694,-58.46040344,0,0,0,0,0,0,0,2,0,0,0,106659556,5,0,5487024000,0
1683,120.6407284,31.42115694,-58.46040344,0,0,0,0,0,0,0,2,0,0,0,106659556,5,0,5487024000,0
1684,120.6407284,31.42115694,-58.46040344,0,0,0,0,0,0,0,2,0,0,0,106659556,5,0,5487024000,0
1685,120.6407284,31.42115694,-58.46040344,0,0,0,0,0,0,0,2,0,0,0,106659556,5,0,5487024000,0
1686,120.6407284,31.42115694,-58.46040344,0,0,0,0,0,0,0,2,0,0,0,106659556,5,0,5487024000,0
1687,120.6407284,31.42115694,-58.46040344,0,0,0,0,0,0,0,2,0,0,0,106659556,5,0,5487024000,0
1688,120.6407284,31.42115694,-58.46040344,0,0,0,0,0,0,0,2,0,0,0,106659556,5,0,5487024000,0
1689,120.6407284,31.42115694,-58.46040344,0,0,0,0,0,0,0,2,0,0,0,106659556,5,0,5487024000,0
1690,120.6407284,31.42115694,-58.46040344,0,0,0,0,0,0,0,2,0,0,0,106659556,5,0,5487024000,0
1691,120.6407284,31.42115694,-58.46040344,0,0,0,0,0,0,0,2,0,0,0,106659556,5,0,5487024000,0
1692,120.6407284,31.42115694,-58.46040344,0,0,0,0,0,0,0,2,0,0,0,106659556,5,0,5487024000,0
1693,120.6407284,31.42115694,-58.46040344,0,0,0,0,0,0,0,2,0,0,0,106659556,5,0,5487024000,0
1694,120.6407284,31.42115694,-58.46040344,0,0,0,0,0,0,0,2,0,0,0,106659556,5,0,5487024000,0
1695,120.6407284,31.42115694,-58.46040344,0,0,0,0,0,0,0,2,0,0,0,106659556,5,0,5487024000,0
1696,120.6407284,31.42115694,-58.46040344,0,0,0,0,0,0,0,2,0,0,0,106659556,5,0,5487024000,0
1697,120.6407284,31.42115694,-58.46040344,0,0,0,0,0,0,0,2,0,0,0,106659556,5,0,5487024000,0
1698,120.6407284,31.42115694,-58.46040344,0,0,0,0,0,0,0,2,0,0,0,106659556,5,0,5487024000,0
1699,120.6407284,31.42115694,-58.46040344,0,0,0,0,0,0,0,2,0,0,0,106659556,5,0,5487024000,0
1700,120.6407284,31.42115694,-58.46040344,0,0,0,0,0,0,0,2,0,0,0,106659556,5,0,5487024000,0
1701,120.6407284,31.42115694,-58.46040344,0,0,0,0,0,0,0,2,0,0,0,106659556,5,0,5487024000,0
1702,120.6407284,31.42115694,-58.46040344,0,0,0,0,0,0,0,2,0,0,0,106659556,5,0,5487024000,0
1703,120.6407284,31.42115694,-58.46040344,0,0,0,0,0,0,0,2,0,0,0,106659556,5,0,5487024000,0
1704,120.6407284,31.42115694,-58.46040344,0,0,0,0,0,0,0,2,0,0,0,106659556,5,0,5487024000,0
1705,120.6407284,31.42115694,-58.46040344,0,0,0,0,0,0,0,2,0,0,0,106659556,5,0,5487024000,0
1706,120.6407284,31.42115694,-58.46040344,0,0,0,0,0,0,0,2,0,0,0,106659556,5,0,5487024000,0
1707,120.6407284,31.42115694,-58.46040344,0,0,0,0,0,0,0,2,0,0,0,106659556,5,0,5487024000,0
1708,120.6407284,31.42115694,-58.46040344,0,0,0,0,0,0,0,2,0,0,0,106659556,5,0,5487024000,0
1709,120.6407284,31.42115694,-58.46040344,0,0,0,0,0,0,0,2,0,0,0,106659556,5,0,5487024000,0
1710,120.6407284,31.42115694,-58.46040344,0,0,0,0,0,0,0,2,0,0,0,106659556,5,0,5487024000,0
1711,120.6407284,31.42115694,-58.46040344,0,0,0,0,0,0,0,2,0,0,0,106659556,5,0,5487024000,0
1712,120.6407284,31.42115694,-58.46040344,0,0,0,0,0,0,0,2,0,0,0,106659556,5,0,5487024000,0
1713,120.6407284,31.42115694,-58.46040344,0,0,0,0,0,0,0,2,0,0,0,106659556,5,0,5487024000,0
1714,120.6407284,31.42115694,-58.46040344,0,0,0,0,0,0,0,2,0,0,0,106659556,5,0,5487024000,0
1715,120.6407284,31.42115694,-58.46040344,0,0,0,0,0,0,0,2,0,0,0,106659556,5,0,5487024000,0
1716,120.6407284,31.42115694,-58.46040344,0,0,0,0,0,0,0,2,0,0,0,106659556,5,0,5487024000,0
1717,120.6407284,31.42115694,-58.46040344,0,0,0,0,0,0,0,2,0,0,0,106659556,5,0,5487024000,0
1718,120.6407284,31.42115694,-58.46040344,0,0,0,0,0,0,0,2,0,0,0,106659556,5,0,5487024000,0
1719,120.6407284,31.42115694,-58.46040344,0,0,0,0,0,0,0,2,0,0,0,106659556,5,0,5487024000,0
1720,120.6407284,31.42115694,-58.46040344,0,0,0,0,0,0,0,2,0,0,0,106659556,5,0,5487024000,0
1721,120.6407284,31.42115694,-58.46040344,0,0,0,0,0,0,0,2,0,0,0,106659556,5,0,5487024000,0
1722,120.6407284,31.42115694,-58.46040344,0,0,0,0,0,0,0,2,0,0,0,106659556,5,0,5487024000,0
1723,120.6407284,31.42115694,-58.46040344,0,0,0,0,0,0,0,2,0,0,0,106659556,5,0,5487024000,0
1724,120.6407284,31.42115694,-58.46040344,0,0,0,0,0,0,0,2,0,0,0,106659556,5,0,5487024000,0
1725,120.6407284,31.42115694,-58.46040344,0,0,0,0,0,0,0,2,0,0,0,106659556,5,0,5487024000,0
1726,120.6407284,31.42115694,-58.46040344,0,0,0,0,0,0,0,2,0,0,0,106659556,5,0,5487024000,0
1727,120.6407284,31.42115694,-58.46040344,0,0,0,0,0,0,0,2,0,0,0,106659556,5,0,5487024000,0
1728,120.6407284,31.42115694,-58.46040344,0,0,0,0,0,0,0,2,0,0,0,106659556,5,0,5487024000,0
1729,120.6407284,31.42115694,-58.46040344,0,0,0,0,0,0,0,2,0,0,0,106659556,5,0,5487024000,0
1730,120.6407284,31.42115694,-58.46040344,0,0,0,0,0,0,0,2,0,0,0,106659556,5,0,5487024000,0
1731,120.6407284,31.42115694,-58.46040344,0,0,0,0,0,0,0,2,0,0,0,106659556,5,0,5487024000,0
1732,120.6407284,31.42115694,-58.46040344,0,0,0,0,0,0,0,2,0,0,0,106659556,5,0,5487024000,0
1733,120.6407284,31.42115694,-58.46040344,0,0,0,0,0,0,0,2,0,0,0,106659556,5,0,5487024000,0
1734,120.6407284,31.42115694,-58.46040344,0,0,0,0,0,0,0,2,0,0,0,106659556,5,0,5487024000,0
1735,120.6407284,31.42115694,-58.46040344,0,0,0,0,0,0,0,2,0,0,0,106659556,5,0,5487024000,0
1736,120.6407284,31.42115694,-58.46040344,0,0,0,0,0,0,0,2,0,0,0,106659556,5,0,5487024000,0
1737,120.6407284,31.42115694,-58.46040344,0,0,0,0,0,0,0,2,0,0,0,106659556,5,0,5487024000,0
1738,120.6407284,31.42115694,-58.46040344,0,0,0,0,0,0,0,2,0,0,0,106659556,5,0,5487024000,0
1739,120.6407284,31.42115694,-58.46040344,0,0,0,0,0,0,0,2,0,0,0,106659556,5,0,5487024000,0
1740,120.6407284,31.42115694,-58.46040344,0,0,0,0,0,0,0,2,0,0,0,106659556,5,0,5487024000,0
1741,120.6407284,31.42115694,-58.46040344,0,0,0,0,0,0,0,2,0,0,0,106659556,5,0,5487024000,0
1742,120.6407284,31.42115694,-58.46040344,0,0,0,0,0,0,0,2,0,0,0,106659556,5,0,5487024000,0
1743,120.6407284,31.42115694,-58.46040344,0,0,0,0,0,0,0,2,0,0,0,106659556,5,0,5487024000,0
1744,120.6407284,31.42115694,-58.46040344,0,0,0,0,0,0,0,2,0,0,0,106659556,5,0,5487024000,0
1745,120.6407284,31.42115694,-58.46040344,0,0,0,0,0,0,0,2,0,0,0,106659556,5,0,5487024000,0
1746,120.6407284,31.42115694,-58.46040344,0,0,0,0,0,0,0,2,0,0,0,106659556,5,0,5487024000,0
1747,120.6407284,31.42115694,-58.46040344,0,0,0,0,0,0,0,2,0,0,0,106659556,5,0,5487024000,0
1748,120.6407284,31.42115694,-58.46040344,0,0,0,0,0,0,0,2,0,0,0,106659556,5,0,5487024000,0
1749,120.6407284,31.42115694,-58.46040344,0,0,0,0,0,0,0,2,0,0,0,106659556,5,0,5487024000,0
1750,120.6407284,31.42115694,-58.46040344,0,0,0,0,0,0,0,2,0,0,0,106659556,5,0,5487024000,0
1751,120.6407284,31.42115694,-58.46040344,0,0,0,0,0,0,0,2,0,0,0,106659556,5,0,5487024000,0
1752,120.6407284,31.42115694,-58.46040344,0,0,0,0,0,0,0,2,0,0,0,106659556,5,0,5487024000,0
1753,120.6407284,31.42115694,-58.46040344,0,0,0,0,0,0,0,2,0,0,0,106659556,5,0,5487024000,0
1754,120.6407284,31.42115694,-58.46040344,0,0,0,0,0,0,0,2,0,0,0,106659556,5,0,5487024000,0
1755,120.6407284,31.42115694,-58.46040344,0,0,0,0,0,0,0,2,0,0,0,106659556,5,0,5487024000,0
1756,120.6407284,31.42115694,-58.46040344,0,0,0,0,0,0,0,2,0,0,0,106659556,5,0,5487024000,0
1757,120.6407284,31.42115694,-58.46040344,0,0,0,0,0,0,0,2,0,0,0,106659556,5,0,5487024000,0
1758,120.6407284,31.42115694,-58.46040344,0,0,0,0,0,0,0,2,0,0,0,106659556,5,0,5487024000,0
1759,120.6407284,31.42115694,-58.46040344,0,0,0,0,0,0,0,2,0,0,0,106659556,5,0,5487024000,0
1760,120.6407284,31.42115694,-58.46040344,0,0,0,0,0,0,0,2,0,0,0,106659556,5,0,5487024000,0
1761,120.6407284,31.42115694,-58.46040344,0,0,0,0,0,0,0,2,0,0,0,106659556,5,0,5487024000,0
1762,120.6407284,31.42115694,-58.46040344,0,0,0,0,0,0,0,2,0,0,0,106659556,5,0,5487024000,0
1763,120.6407284,31.42115694,-58.46040344,0,0,0,0,0,0,0,2,0,0,0,106659556,5,0,5487024000,0
1764,120.6407284,31.42115694,-58.46040344,0,0,0,0,0,0,0,2,0,0,0,106659556,5,0,5487024000,0
1765,120.6407284,31.42115694,-58.46040344,0,0,0,0,0,0,0,2,0,0,0,106659556,5,0,5487024000,0
1766,120.6407284,31.42115694,-58.46040344,0,0,0,0,0,0,0,2,0,0,0,106659556,5,0,5487024000,0
1767,120.6407284,31.42115694,-58.46040344,0,0,0,0,0,0,0,2,0,0,0,106659556,5,0,5487024000,0
1768,120.6407284,31.42115694,-58.46040344,0,0,0,0,0,0,0,2,0,0,0,106659556,5,0,5487024000,0
1769,120.6407284,31.42115694,-58.46040344,0,0,0,0,0,0,0,2,0,0,0,106659556,5,0,5487024000,0
1770,120.6407284,31.42115694,-58.46040344,0,0,0,0,0,0,0,2,0,0,0,106659556,5,0,5487024000,0
1771,120.6407284,31.42115694,-58.46040344,0,0,0,0,0,0,0,2,0,0,0,106659556,5,0,5487024000,0
1772,120.6407284,31.42115694,-58.46040344,0,0,0,0,0,0,0,2,0,0,0,106659556,5,0,5487024000,0
1773,120.6407284,31.42115694,-58.46040344,0,0,0,0,0,0,0,2,0,0,0,106659556,5,0,5487024000,0
1774,120.6407284,31.42115694,-58.46040344,0,0,0,0,0,0,0,2,0,0,0,106659556,5,0,5487024000,0
1775,120.6407284,31.42115694,-58.46040344,0,0,0,0,0,0,0,2,0,0,0,106659556,5,0,5487024000,0
1776,120.6407284,31.42115694,-58.46040344,0,0,0,0,0,0,0,2,0,0,0,106659556,5,0,5487024000,0
1777,120.6407284,31.42115694,-58.46040344,0,0,0,0,0,0,0,2,0,0,0,106659556,5,0,5487024000,0
1778,120.6407284,31.42115694,-58.46040344,0,0,0,0,0,0,0,2,0,0,0,106659556,5,0,5487024000,0
1779,120.6407284,31.42115694,-58.46040344,0,0,0,0,0,0,0,2,0,0,0,106659556,5,0,5487024000,0
1780,120.6407284,31.42115694,-58.46040344,0,0,0,0,0,0,0,2,0,0,0,106659556,5,0,5487024000,0
1781,120.6407284,31.42115694,-58.46040344,0,0,0,0,0,0,0,2,0,0,0,106659556,5,0,5487024000,0
1782,120.6407284,31.42115694,-58.46040344,0,0,0,0,0,0,0,2,0,0,0,106659556,5,0,5487024000,0
1783,120.6407284,31.42115694,-58.46040344,0,0,0,0,0,0,0,2,0,0,0,106659556,5,0,5487024000,0
1784,120.6407284,31.42115694,-58.46040344,0,0,0,0,0,0,0,2,0,0,0,106659556,5,0,5487024000,0
1785,120.6407284,31.42115694,-58.46040344,0,0,0,0,0,0,0,2,0,0,0,106659556,5,0,5487024000,0
1786,120.6407284,31.42115694,-58.46040344,0,0,0,0,0,0,0,2,0,0,0,106659556,5,0,5487024000,0
1787,120.6407284,31.42115694,-58.46040344,0,0,0,0,0,0,0,2,0,0,0,106659556,5,0,5487024000,0
1788,120.6407284,31.42115694,-58.46040344,0,0,0,0,0,0,0,2,0,0,0,106659556,5,0,5487024000,0
1789,120.6407284,31.42115694,-58.46040344,0,0,0,0,0,0,0,2,0,0,0,106659556,5,0,5487024000,0
1790,120.6407284,31.42115694,-58.46040344,0,0,0,0,0,0,0,2,0,0,0,106659556,5,0,5487024000,0
1791,120.6407284,31.42115694,-58.46040344,0,0,0,0,0,0,0,2,0,0,0,106659556,5,0,5487024000,0
1792,120.6407284,31.42115694,-58.46040344,0,0,0,0,0,0,0,2,0,0,0,106659556,5,0,5487024000,0
1793,120.6407284,31.42115694,-58.46040344,0,0,0,0,0,0,0,2,0,0,0,106659556,5,0,5487024000,0
1794,120.6407284,31.42115694,-58.46040344,0,0,0,0,0,0,0,2,0,0,0,106659556,5,0,5487024000,0
1795,120.6407284,31.42115694,-58.46040344,0,0,0,0,0,0,0,2,0,0,0,106659556,5,0,5487024000,0
1796,120.6407284,31.42115694,-58.46040344,0,0,0,0,0,0,0,2,0,0,0,106659556,5,0,5487024000,0
1797,120.6407284,31.42115694,-58.46040344,0,0,0,0,0,0,0,2,0,0,0,106659556,5,0,5487024000,0
1798,120.6407284,31.42115694,-58.46040344,0,0,0,0,0,0,0,2,0,0,0,106659556,5,0,5487024000,0
1799,120.6407284,31.42115694,-58.46040344,0,0,0,0,0,0,0,2,0,0,0,106659556,5,0,5487024000,0
1800,120.6407284,31.42115694,-58.46040344,0,0,0,0,0,0,0,2,0,0,0,106659556,5,0,5487024000,0
1801,120.6407284,31.42115694,-58.46040344,0,0,0,0,0,0,0,2,0,0,0,106659556,5,0,5487024000,0
1802,120.6407284,31.42115694,-58.46040344,0,0,0,0,0,0,0,2,0,0,0,106659556,5,0,5487024000,0
1803,120.6407284,31.42115694,-58.46040344,0,0,0,0,0,0,0,2,0,0,0,106659556,5,0,5487024000,0
1804,120.6407284,31.42115694,-58.46040344,0,0,0,0,0,0,0,2,0,0,0,106659556,5,0,5487024000,0
1805,120.6407284,31.42115694,-58.46040344,0,0,0,0,0,0,0,2,0,0,0,106659556,5,0,5487024000,0
1806,120.6407284,31.42115694,-58.46040344,0,0,0,0,0,0,0,2,0,0,0,106659556,5,0,5487024000,0
1807,120.6407284,31.42115694,-58.46040344,0,0,0,0,0,0,0,2,0,0,0,106659556,5,0,5487024000,0
1808,120.6407284,31.42115694,-58.46040344,0,0,0,0,0,0,0,2,0,0,0,106659556,5,0,5487024000,0
1809,120.6407284,31.42115694,-58.46040344,0,0,0,0,0,0,0,2,0,0,0,106659556,5,0,5487024000,0
1810,120.6407284,31.42115694,-58.46040344,0,0,0,0,0,0,0,2,0,0,0,106659556,5,0,5487024000,0
1811,120.6407284,31.42115694,-58.46040344,0,0,0,0,0,0,0,2,0,0,0,106659556,5,0,5487024000,0
1812,120.6407284,31.42115694,-58.46040344,0,0,0,0,0,0,0,2,0,0,0,106659556,5,0,5487024000,0
1813,120.6407284,31.42115694,-58.46040344,0,0,0,0,0,0,0,2,0,0,0,106659556,5,0,5487024000,0
1814,120.6407284,31.42115694,-58.46040344,0,0,0,0,0,0,0,2,0,0,0,106659556,5,0,5487024000,0
1815,120.6407284,31.42115694,-58.46040344,0,0,0,0,0,0,0,2,0,0,0,106659556,5,0,5487024000,0
1816,120.6407284,31.42115694,-58.46040344,0,0,0,0,0,0,0,2,0,0,0,106659556,5,0,5487024000,0
1817,120.6407284,31.42115694,-58.46040344,0,0,0,0,0,0,0,2,0,0,0,106659556,5,0,5487024000,0
1818,120.6407284,31.42115694,-58.46040344,0,0,0,0,0,0,0,2,0,0,0,106659556,5,0,5487024000,0
1819,120.6407284,31.42115694,-58.46040344,0,0,0,0,0,0,0,2,0,0,0,106659556,5,0,5487024000,0
1820,120.6407284,31.42115694,-58.46040344,0,0,0,0,0,0,0,2,0,0,0,106659556,5,0,5487024000,0
1821,120.6407284,31.42115694,-58.46040344,0,0,0,0,0,0,0,2,0,0,0,106659556,5,0,5487024000,0
1822,120.6407284,31.42115694,-58.46040344,0,0,0,0,0,0,0,2,0,0,0,106659556,5,0,5487024000,0
1823,120.6407284,31.42115694,-58.46040344,0,0,0,0,0,0,0,2,0,0,0,106659556,5,0,5487024000,0
1824,120.6407284,31.42115694,-58.46040344,0,0,0,0,0,0,0,2,0,0,0,106659556,5,0,5487024000,0
1825,120.6407284,31.42115694,-58.46040344,0,0,0,0,0,0,0,2,0,0,0,106659556,5,0,5487024000,0
1826,120.6407284,31.42115694,-58.46040344,0,0,0,0,0,0,0,2,0,0,0,106659556,5,0,5487024000,0
1827,120.6407284,31.42115694,-58.46040344,0,0,0,0,0,0,0,2,0,0,0,106659556,5,0,5487024000,0
1828,120.6407284,31.42115694,-58.46040344,0,0,0,0,0,0,0,2,0,0,0,106659556,5,0,5487024000,0
1829,120.6407284,31.42115694,-58.46040344,0,0,0,0,0,0,0,2,0,0,0,106659556,5,0,5487024000,0
1830,120.6407284,31.42115694,-58.46040344,0,0,0,0,0,0,0,2,0,0,0,106659556,5,0,5487024000,0
1831,120.6407284,31.42115694,-58.46040344,0,0,0,0,0,0,0,2,0,0,0,106659556,5,0,5487024000,0
1832,120.6407284,31.42115694,-58.46040344,0,0,0,0,0,0,0,2,0,0,0,106659556,5,0,5487024000,0
1833,120.6407284,31.42115694,-58.46040344,0,0,0,0,0,0,0,2,0,0,0,106659556,5,0,5487024000,0
1834,120.6407284,31.42115694,-58.46040344,0,0,0,0,0,0,0,2,0,0,0,106659556,5,0,5487024000,0
1835,120.6407284,31.42115694,-58.46040344,0,0,0,0,0,0,0,2,0,0,0,106659556,5,0,5487024000,0
1836,120.6407284,31.42115694,-58.46040344,0,0,0,0,0,0,0,2,0,0,0,106659556,5,0,5487024000,0
1837,120.6407284,31.42115694,-58.46040344,0,0,0,0,0,0,0,2,0,0,0,106659556,5,0,5487024000,0
1838,120.6407284,31.42115694,-58.46040344,0,0,0,0,0,0,0,2,0,0,0,106659556,5,0,5487024000,0
1839,120.6407284,31.42115694,-58.46040344,0,0,0,0,0,0,0,2,0,0,0,106659556,5,0,5487024000,0
1840,120.6407284,31.42115694,-58.46040344,0,0,0,0,0,0,0,2,0,0,0,106659556,5,0,5487024000,0
1841,120.6407284,31.42115694,-58.46040344,0,0,0,0,0,0,0,2,0,0,0,106659556,5,0,5487024000,0
1842,120.6407284,31.42115694,-58.46040344,0,0,0,0,0,0,0,2,0,0,0,106659556,5,0,5487024000,0
1843,120.6407284,31.42115694,-58.46040344,0,0,0,0,0,0,0,2,0,0,0,106659556,5,0,5487024000,0
1844,120.6407284,31.42115694,-58.46040344,0,0,0,0,0,0,0,2,0,0,0,106659556,5,0,5487024000,0
1845,120.6407284,31.42115694,-58.46040344,0,0,0,0,0,0,0,2,0,0,0,106659556,5,0,5487024000,0
1846,120.6407284,31.42115694,-58.46040344,0,0,0,0,0,0,0,2,0,0,0,106659556,5,0,5487024000,0
1847,120.6407284,31.42115694,-58.46040344,0,0,0,0,0,0,0,2,0,0,0,106659556,5,0,5487024000,0
1848,120.6407284,31.42115694,-58.46040344,0,0,0,0,0,0,0,2,0,0,0,106659556,5,0,5487024000,0
1849,120.6407284,31.42115694,-58.46040344,0,0,0,0,0,0,0,2,0,0,0,106659556,5,0,5487024000,0
1850,120.6407284,31.42115694,-58.46040344,0,0,0,0,0,0,0,2,0,0,0,106659556,5,0,5487024000,0
1851,120.6407284,31.42115694,-58.46040344,0,0,0,0,0,0,0,2,0,0,0,106659556,5,0,5487024000,0
1852,120.6407284,31.42115694,-58.46040344,0,0,0,0,0,0,0,2,0,0,0,106659556,5,0,5487024000,0
1853,120.6407284,31.42115694,-58.46040344,0,0,0,0,0,0,0,2,0,0,0,106659556,5,0,5487024000,0
1854,120.6407284,31.42115694,-58.46040344,0,0,0,0,0,0,0,2,0,0,0,106659556,5,0,5487024000,0
1855,120.6407284,31.42115694,-58.46040344,0,0,0,0,0,0,0,2,0,0,0,106659556,5,0,5487024000,0
1856,120.6407284,31.42115694,-58.46040344,0,0,0,0,0,0,0,2,0,0,0,106659556,5,0,5487024000,0
1857,120.6407284,31.42115694,-58.46040344,0,0,0,0,0,0,0,2,0,0,0,106659556,5,0,5487024000,0
1858,120.6407284,31.42115694,-58.46040344,0,0,0,0,0,0,0,2,0,0,0,106659556,5,0,5487024000,0
1859,120.6407284,31.42115694,-58.46040344,0,0,0,0,0,0,0,2,0,0,0,106659556,5,0,5487024000,0
1860,120.6407284,31.42115694,-58.46040344,0,0,0,0,0,0,0,2,0,0,0,106659556,5,0,5487024000,0
1861,120.6407284,31.42115694,-58.46040344,0,0,0,0,0,0,0,2,0,0,0,106659556,5,0,5487024000,0
1862,120.6407284,31.42115694,-58.46040344,0,0,0,0,0,0,0,2,0,0,0,106659556,5,0,5487024000,0
1863,120.6407284,31.42115694,-58.46040344,0,0,0,0,0,0,0,2,0,0,0,106659556,5,0,5487024000,0
1864,120.6407284,31.42115694,-58.46040344,0,0,0,0,0,0,0,2,0,0,0,106659556,5,0,5487024000,0
1865,120.6407284,31.42115694,-58.46040344,0,0,0,0,0,0,0,2,0,0,0,106659556,5,0,5487024000,0
1866,120.6407284,31.42115694,-58.46040344,0,0,0,0,0,0,0,2,0,0,0,106659556,5,0,5487024000,0
1867,120.6407284,31.42115694,-58.46040344,0,0,0,0,0,0,0,2,0,0,0,106659556,5,0,5487024000,0
1868,120.6407284,31.42115694,-58.46040344,0,0,0,0,0,0,0,2,0,0,0,106659556,5,0,5487024000,0
1869,120.6407284,31.42115694,-58.46040344,0,0,0,0,0,0,0,2,0,0,0,106659556,5,0,5487024000,0
1870,120.6407284,31.42115694,-58.46040344,0,0,0,0,0,0,0,2,0,0,0,106659556,5,0,5487024000,0
1871,120.6407284,31.42115694,-58.46040344,0,0,0,0,0,0,0,2,0,0,0,106659556,5,0,5487024000,0
1872,120.6407284,31.42115694,-58.46040344,0,0,0,0,0,0,0,2,0,0,0,106659556,5,0,5487024000,0
1873,120.6407284,31.42115694,-58.46040344,0,0,0,0,0,0,0,2,0,0,0,106659556,5,0,5487024000,0
1874,120.6407284,31.42115694,-58.46040344,0,0,0,0,0,0,0,2,0,0,0,106659556,5,0,5487024000,0
1875,120.6407284,31.42115694,-58.46040344,0,0,0,0,0,0,0,2,0,0,0,106659556,5,0,5487024000,0
1876,120.6407284,31.42115694,-58.46040344,0,0,0,0,0,0,0,2,0,0,0,106659556,5,0,5487024000,0
1877,120.6407284,31.42115694,-58.46040344,0,0,0,0,0,0,0,2,0,0,0,106659556,5,0,5487024000,0
1878,120.6407284,31.42115694,-58.46040344,0,0,0,0,0,0,0,2,0,0,0,106659556,5,0,5487024000,0
1879,120.6407284,31.42115694,-58.46040344,0,0,0,0,0,0,0,2,0,0,0,106659556,5,0,5487024000,0
1880,120.6407284,31.42115694,-58.46040344,0,0,0,0,0,0,0,2,0,0,0,106659556,5,0,5487024000,0
1881,120.6407284,31.42115694,-58.46040344,0,0,0,0,0,0,0,2,0,0,0,106659556,5,0,5487024000,0
1882,120.6407284,31.42115694,-58.46040344,0,0,0,0,0,0,0,2,0,0,0,106659556,5,0,5487024000,0
1883,120.6407284,31.42115694,-58.46040344,0,0,0,0,0,0,0,2,0,0,0,106659556,5,0,5487024000,0
1884,120.6407284,31.42115694,-58.46040344,0,0,0,0,0,0,0,2,0,0,0,106659556,5,0,5487024000,0
1885,120.6407284,31.42115694,-58.46040344,0,0,0,0,0,0,0,2,0,0,0,106659556,5,0,5487024000,0
1886,120.6407284,31.42115694,-58.46040344,0,0,0,0,0,0,0,2,0,0,0,106659556,5,0,5487024000,0
1887,120.6407284,31.42115694,-58.46040344,0,0,0,0,0,0,0,2,0,0,0,106659556,5,0,5487024000,0
1888,120.6407284,31.42115694,-58.46040344,0,0,0,0,0,0,0,2,0,0,0,106659556,5,0,5487024000,0
1889,120.6407284,31.42115694,-58.46040344,0,0,0,0,0,0,0,2,0,0,0,106659556,5,0,5487024000,0
1890,120.6407284,31.42115694,-58.46040344,0,0,0,0,0,0,0,2,0,0,0,106659556,5,0,5487024000,0
1891,120.6407284,31.42115694,-58.46040344,0,0,0,0,0,0,0,2,0,0,0,106659556,5,0,5487024000,0
1892,120.6407284,31.42115694,-58.46040344,0,0,0,0,0,0,0,2,0,0,0,106659556,5,0,5487024000,0
1893,120.6407284,31.42115694,-58.46040344,0,0,0,0,0,0,0,2,0,0,0,106659556,5,0,5487024000,0
1894,120.6407284,31.42115694,-58.46040344,0,0,0,0,0,0,0,2,0,0,0,106659556,5,0,5487024000,0
1895,120.6407284,31.42115694,-58.46040344,0,0,0,0,0,0,0,2,0,0,0,106659556,5,0,5487024000,0
1896,120.6407284,31.42115694,-58.46040344,0,0,0,0,0,0,0,2,0,0,0,106659556,5,0,5487024000,0
1897,120.6407284,31.42115694,-58.46040344,0,0,0,0,0,0,0,2,0,0,0,106659556,5,0,5487024000,0
1898,120.6407284,31.42115694,-58.46040344,0,0,0,0,0,0,0,2,0,0,0,106659556,5,0,5487024000,0
1899,120.6407284,31.42115694,-58.46040344,0,0,0,0,0,0,0,2,0,0,0,106659556,5,0,5487024000,0
1900,120.6407284,31.42115694,-58.46040344,0,0,0,0,0,0,0,2,0,0,0,106659556,5,0,5487024000,0
1901,120.6407284,31.42115694,-58.46040344,0,0,0,0,0,0,0,2,0,0,0,106659556,5,0,5487024000,0
1902,120.6407284,31.42115694,-58.46040344,0,0,0,0,0,0,0,2,0,0,0,106659556,5,0,5487024000,0
1903,120.6407284,31.42115694,-58.46040344,0,0,0,0,0,0,0,2,0,0,0,106659556,5,0,5487024000,0
1904,120.6407284,31.42115694,-58.46040344,0,0,0,0,0,0,0,2,0,0,0,106659556,5,0,5487024000,0
1905,120.6407284,31.42115694,-58.46040344,0,0,0,0,0,0,0,2,0,0,0,106659556,5,0,5487024000,0
1906,120.6407284,31.42115694,-58.46040344,0,0,0,0,0,0,0,2,0,0,0,106659556,5,0,5487024000,0
1907,120.6407284,31.42115694,-58.46040344,0,0,0,0,0,0,0,2,0,0,0,106659556,5,0,5487024000,0
1908,120.6407284,31.42115694,-58.46040344,0,0,0,0,0,0,0,2,0,0,0,106659556,5,0,5487024000,0
1909,120.6407284,31.42115694,-58.46040344,0,0,0,0,0,0,0,2,0,0,0,106659556,5,0,5487024000,0
1910,120.6407284,31.42115694,-58.46040344,0,0,0,0,0,0,0,2,0,0,0,106659556,5,0,5487024000,0
1911,120.6407284,31.42115694,-58.46040344,0,0,0,0,0,0,0,2,0,0,0,106659556,5,0,5487024000,0
1912,120.6407284,31.42115694,-58.46040344,0,0,0,0,0,0,0,2,0,0,0,106659556,5,0,5487024000,0
1913,120.6407284,31.42115694,-58.46040344,0,0,0,0,0,0,0,2,0,0,0,106659556,5,0,5487024000,0
1914,120.6407284,31.42115694,-58.46040344,0,0,0,0,0,0,0,2,0,0,0,106659556,5,0,5487024000,0
1915,120.6407284,31.42115694,-58.46040344,0,0,0,0,0,0,0,2,0,0,0,106659556,5,0,5487024000,0
1916,120.6407284,31.42115694,-58.46040344,0,0,0,0,0,0,0,2,0,0,0,106659556,5,0,5487024000,0
1917,120.6407284,31.42115694,-58.46040344,0,0,0,0,0,0,0,2,0,0,0,106659556,5,0,5487024000,0
1918,120.6407284,31.42115694,-58.46040344,0,0,0,0,0,0,0,2,0,0,0,106659556,5,0,5487024000,0
1919,120.6407284,31.42115694,-58.46040344,0,0,0,0,0,0,0,2,0,0,0,106659556,5,0,5487024000,0
1920,120.6407284,31.42115694,-58.46040344,0,0,0,0,0,0,0,2,0,0,0,106659556,5,0,5487024000,0
1921,120.6407284,31.42115694,-58.46040344,0,0,0,0,0,0,0,2,0,0,0,106659556,5,0,5487024000,0
1922,120.6407284,31.42115694,-58.46040344,0,0,0,0,0,0,0,2,0,0,0,106659556,5,0,5487024000,0
1923,120.6407284,31.42115694,-58.46040344,0,0,0,0,0,0,0,2,0,0,0,106659556,5,0,5487024000,0
1924,120.6407284,31.42115694,-58.46040344,0,0,0,0,0,0,0,2,0,0,0,106659556,5,0,5487024000,0
1925,120.6407284,31.42115694,-58.46040344,0,0,0,0,0,0,0,2,0,0,0,106659556,5,0,5487024000,0
1926,120.6407284,31.42115694,-58.46040344,0,0,0,0,0,0,0,2,0,0,0,106659556,5,0,5487024000,0
1927,120.6407284,31.42115694,-58.46040344,0,0,0,0,0,0,0,2,0,0,0,106659556,5,0,5487024000,0
1928,120.6407284,31.42115694,-58.46040344,0,0,0,0,0,0,0,2,0,0,0,106659556,5,0,5487024000,0
1929,120.6407284,31.42115694,-58.46040344,0,0,0,0,0,0,0,2,0,0,0,106659556,5,0,5487024000,0
1930,120.6407284,31.42115694,-58.46040344,0,0,0,0,0,0,0,2,0,0,0,106659556,5,0,5487024000,0
1931,120.6407284,31.42115694,-58.46040344,0,0,0,0,0,0,0,2,0,0,0,106659556,5,0,5487024000,0
1932,120.6407284,31.42115694,-58.46040344,0,0,0,0,0,0,0,2,0,0,0,106659556,5,0,5487024000,0
1933,120.6407284,31.42115694,-58.46040344,0,0,0,0,0,0,0,2,0,0,0,106659556,5,0,5487024000,0
1934,120.6407284,31.42115694,-58.46040344,0,0,0,0,0,0,0,2,0,0,0,106659556,5,0,5487024000,0
1935,120.6407284,31.42115694,-58.46040344,0,0,0,0,0,0,0,2,0,0,0,106659556,5,0,5487024000,0
1936,120.6407284,31.42115694,-58.46040344,0,0,0,0,0,0,0,2,0,0,0,106659556,5,0,5487024000,0
1937,120.6407284,31.42115694,-58.46040344,0,0,0,0,0,0,0,2,0,0,0,106659556,5,0,5487024000,0
1938,120.6407284,31.42115694,-58.46040344,0,0,0,0,0,0,0,2,0,0,0,106659556,5,0,5487024000,0
1939,120.6407284,31.42115694,-58.46040344,0,0,0,0,0,0,0,2,0,0,0,106659556,5,0,5487024000,0
1940,120.6407284,31.42115694,-58.46040344,0,0,0,0,0,0,0,2,0,0,0,106659556,5,0,5487024000,0
1941,120.6407284,31.42115694,-58.46040344,0,0,0,0,0,0,0,2,0,0,0,106659556,5,0,5487024000,0
1942,120.6407284,31.42115694,-58.46040344,0,0,0,0,0,0,0,2,0,0,0,106659556,5,0,5487024000,0
1943,120.6407284,31.42115694,-58.46040344,0,0,0,0,0,0,0,2,0,0,0,106659556,5,0,5487024000,0
1944,120.6407284,31.42115694,-58.46040344,0,0,0,0,0,0,0,2,0,0,0,106659556,5,0,5487024000,0
1945,120.6407284,31.42115694,-58.46040344,0,0,0,0,0,0,0,2,0,0,0,106659556,5,0,5487024000,0
1946,120.6407284,31.42115694,-58.46040344,0,0,0,0,0,0,0,2,0,0,0,106659556,5,0,5487024000,0
1947,120.6407284,31.42115694,-58.46040344,0,0,0,0,0,0,0,2,0,0,0,106659556,5,0,5487024000,0
1948,120.6407284,31.42115694,-58.46040344,0,0,0,0,0,0,0,2,0,0,0,106659556,5,0,5487024000,0
1949,120.6407284,31.42115694,-58.46040344,0,0,0,0,0,0,0,2,0,0,0,106659556,5,0,5487024000,0
1950,120.6407284,31.42115694,-58.46040344,0,0,0,0,0,0,0,2,0,0,0,106659556,5,0,5487024000,0
1951,120.6407284,31.42115694,-58.46040344,0,0,0,0,0,0,0,2,0,0,0,106659556,5,0,5487024000,0
1952,120.6407284,31.42115694,-58.46040344,0,0,0,0,0,0,0,2,0,0,0,106659556,5,0,5487024000,0
1953,120.6407284,31.42115694,-58.46040344,0,0,0,0,0,0,0,2,0,0,0,106659556,5,0,5487024000,0
1954,120.6407284,31.42115694,-58.46040344,0,0,0,0,0,0,0,2,0,0,0,106659556,5,0,5487024000,0
1955,120.6407284,31.42115694,-58.46040344,0,0,0,0,0,0,0,2,0,0,0,106659556,5,0,5487024000,0
1956,120.6407284,31.42115694,-58.46040344,0,0,0,0,0,0,0,2,0,0,0,106659556,5,0,5487024000,0
1957,120.6407284,31.42115694,-58.46040344,0,0,0,0,0,0,0,2,0,0,0,106659556,5,0,5487024000,0
1958,120.6407284,31.42115694,-58.46040344,0,0,0,0,0,0,0,2,0,0,0,106659556,5,0,5487024000,0
1959,120.6407284,31.42115694,-58.46040344,0,0,0,0,0,0,0,2,0,0,0,106659556,5,0,5487024000,0
1960,120.6407284,31.42115694,-58.46040344,0,0,0,0,0,0,0,2,0,0,0,106659556,5,0,5487024000,0
1961,120.6407284,31.42115694,-58.46040344,0,0,0,0,0,0,0,2,0,0,0,106659556,5,0,5487024000,0
1962,120.6407284,31.42115694,-58.46040344,0,0,0,0,0,0,0,2,0,0,0,106659556,5,0,5487024000,0
1963,120.6407284,31.42115694,-58.46040344,0,0,0,0,0,0,0,2,0,0,0,106659556,5,0,5487024000,0
1964,120.6407284,31.42115694,-58.46040344,0,0,0,0,0,0,0,2,0,0,0,106659556,5,0,5487024000,0
1965,120.6407284,31.42115694,-58.46040344,0,0,0,0,0,0,0,2,0,0,0,106659556,5,0,5487024000,0
1966,120.6407284,31.42115694,-58.46040344,0,0,0,0,0,0,0,2,0,0,0,106659556,5,0,5487024000,0
1967,120.6407284,31.42115694,-58.46040344,0,0,0,0,0,0,0,2,0,0,0,106659556,5,0,5487024000,0
1968,120.6407284,31.42115694,-58.46040344,0,0,0,0,0,0,0,2,0,0,0,106659556,5,0,5487024000,0
1969,120.6407284,31.42115694,-58.46040344,0,0,0,0,0,0,0,2,0,0,0,106659556,5,0,5487024000,0
1970,120.6407284,31.42115694,-58.46040344,0,0,0,0,0,0,0,2,0,0,0,106659556,5,0,5487024000,0
1971,120.6407284,31.42115694,-58.46040344,0,0,0,0,0,0,0,2,0,0,0,106659556,5,0,5487024000,0
1972,120.6407284,31.42115694,-58.46040344,0,0,0,0,0,0,0,2,0,0,0,106659556,5,0,5487024000,0
1973,120.6407284,31.42115694,-58.46040344,0,0,0,0,0,0,0,2,0,0,0,106659556,5,0,5487024000,0
1974,120.6407284,31.42115694,-58.46040344,0,0,0,0,0,0,0,2,0,0,0,106659556,5,0,5487024000,0
1975,120.6407284,31.42115694,-58.46040344,0,0,0,0,0,0,0,2,0,0,0,106659556,5,0,5487024000,0
1976,120.6407284,31.42115694,-58.46040344,0,0,0,0,0,0,0,2,0,0,0,106659556,5,0,5487024000,0
1977,120.6407284,31.42115694,-58.46040344,0,0,0,0,0,0,0,2,0,0,0,106659556,5,0,5487024000,0
1978,120.6407284,31.42115694,-58.46040344,0,0,0,0,0,0,0,2,0,0,0,106659556,5,0,5487024000,0
1979,120.6407284,31.42115694,-58.46040344,0,0,0,0,0,0,0,2,0,0,0,106659556,5,0,5487024000,0
1980,120.6407284,31.42115694,-58.46040344,0,0,0,0,0,0,0,2,0,0,0,106659556,5,0,5487024000,0
1981,120.6407284,31.42115694,-58.46040344,0,0,0,0,0,0,0,2,0,0,0,106659556,5,0,5487024000,0
1982,120.6407284,31.42115694,-58.46040344,0,0,0,0,0,0,0,2,0,0,0,106659556,5,0,5487024000,0
1983,120.6407284,31.42115694,-58.46040344,0,0,0,0,0,0,0,2,0,0,0,106659556,5,0,5487024000,0
1984,120.6407284,31.42115694,-58.46040344,0,0,0,0,0,0,0,2,0,0,0,106659556,5,0,5487024000,0
1985,120.6407284,31.42115694,-58.46040344,0,0,0,0,0,0,0,2,0,0,0,106659556,5,0,5487024000,0
1986,120.6407284,31.42115694,-58.46040344,0,0,0,0,0,0,0,2,0,0,0,106659556,5,0,5487024000,0
1987,120.6407284,31.42115694,-58.46040344,0,0,0,0,0,0,0,2,0,0,0,106659556,5,0,5487024000,0
1988,120.6407284,31.42115694,-58.46040344,0,0,0,0,0,0,0,2,0,0,0,106659556,5,0,5487024000,0
1989,120.6407284,31.42115694,-58.46040344,0,0,0,0,0,0,0,2,0,0,0,106659556,5,0,5487024000,0
1990,120.6407284,31.42115694,-58.46040344,0,0,0,0,0,0,0,2,0,0,0,106659556,5,0,5487024000,0
1991,120.6407284,31.42115694,-58.46040344,0,0,0,0,0,0,0,2,0,0,0,106659556,5,0,5487024000,0
1992,120.6407284,31.42115694,-58.46040344,0,0,0,0,0,0,0,2,0,0,0,106659556,5,0,5487024000,0
1993,120.6407284,31.42115694,-58.46040344,0,0,0,0,0,0,0,2,0,0,0,106659556,5,0,5487024000,0
