id:LineString(x y, x y, ...)
0:LineString(120.6439467 31.41790893,120.6439641 31.41793149,120.6439812 31.41795424,120.6439979 31.41797722,120.6440144 31.41800028,120.6440308 31.41802336,120.6440473 31.41804645,120.6440639 31.41806945,120.6440803 31.41809256,120.6440968 31.41811546,120.6441127 31.41813867,120.644129 31.41816193,120.644146 31.41818483,120.644162 31.418208,120.6441792 31.41823047,120.6441954 31.41825363,120.6442122 31.41827652,120.6442288 31.41829954,120.6442454 31.41832254,120.644262 31.41834555,120.6442786 31.41836857,120.6442951 31.41839164,120.6443116 31.41841467,120.6443282 31.41843769,120.644345 31.41846061,120.6443617 31.41848356,120.6443786 31.4185064,120.6443953 31.41852933,120.644412 31.41855229,120.6444286 31.41857532,120.6444453 31.41859828,120.644462 31.41862125,120.6444784 31.41864433,120.644495 31.41866738,120.6445116 31.41869037,120.6445282 31.41871335,120.6445447 31.41873641,120.6445614 31.41875937,120.6445777 31.41878257,120.6445947 31.41880534,)
1:LineString(120.643918 31.41792541,120.6439353 31.41794807,120.6439523 31.41797088,120.6439688 31.41799391,120.6439854 31.41801694,120.644002 31.41803997,120.6440184 31.41806304,120.644035 31.41808609,120.6440514 31.41810917,120.6440679 31.41813209,120.6440839 31.41815534,120.6441001 31.41817857,120.6441171 31.41820147,120.6441331 31.4182247,120.6441503 31.41824705,120.6441662 31.41827029,120.6441831 31.41829314,120.6441997 31.41831615,120.6442163 31.41833913,120.6442331 31.41836205,120.6442496 31.4183851,120.6442661 31.41840818,120.6442826 31.41843121,120.6442992 31.41845423,120.6443162 31.41847704,120.6443333 31.41849979,120.6443503 31.41852255,120.6443674 31.41854529,120.6443843 31.41856815,120.6444011 31.41859107,120.6444178 31.41861401,120.6444346 31.41863692,120.6444511 31.41865998,120.6444678 31.41868297,120.6444845 31.41870592,120.6445011 31.41872889,120.6445176 31.41875199,120.6445341 31.41877504,120.6445501 31.41879837,)
2:LineString(120.6448831 31.41881333,120.6449092 31.41879817,120.6449357 31.41878352,120.6449626 31.41876934,120.6449895 31.41875518,120.6450164 31.418741,120.6450432 31.4187269,120.6450703 31.41871311,120.6450973 31.41869935,120.6451245 31.41868583,120.6451512 31.41867107,120.6451781 31.41865708,120.6452043 31.41864224,120.6452311 31.41862803,120.6452578 31.41861364,120.6452845 31.41859919,120.6453111 31.41858464,120.645338 31.41857046,120.645365 31.41855617,120.6453916 31.41854199,120.6454185 31.41852777,120.6454454 31.41851358,120.6454722 31.41849937,120.6454991 31.4184852,120.645526 31.41847103,120.6455528 31.41845687,120.6455797 31.41844272,120.6456066 31.41842852,120.6456335 31.41841442,120.6456604 31.41840016,120.6456874 31.41838618,120.6457139 31.41837154,)
3:LineString(120.6448991 31.41883785,120.6449255 31.41882292,120.6449521 31.41880846,120.644979 31.41879432,120.6450059 31.41878019,120.6450329 31.41876612,120.6450598 31.41875202,120.6450869 31.41873836,120.6451141 31.41872495,120.6451415 31.41871158,120.6451684 31.4186972,120.6451952 31.41868332,120.6452212 31.41866824,120.6452481 31.4186542,120.6452745 31.41863945,120.6453011 31.41862478,120.645327 31.4186094,120.6453536 31.41859476,120.6453803 31.4185804,120.6454072 31.41856631,120.6454342 31.41855221,120.6454611 31.41853814,120.645488 31.418524,120.645515 31.41850998,120.6455422 31.41849567,120.6455687 31.41848185,120.6455957 31.41846768,120.6456226 31.41845359,120.6456496 31.41843946,120.6456761 31.41842484,120.645703 31.41841073,120.6457296 31.41839617,)
4:LineString(120.6448496 31.41879914,120.6448753 31.41878344,120.6449016 31.41876847,120.6449281 31.41875389,120.6449549 31.41873955,120.6449816 31.41872519,120.6450085 31.41871105,120.6450353 31.41869687,120.6450624 31.41868304,120.6450893 31.41866888,120.6451162 31.41865504,120.6451423 31.41863965,120.6451693 31.41862581,120.6451951 31.41861064,120.6452223 31.41859688,120.6452488 31.41858247,120.645276 31.41856875,120.6453033 31.41855515,120.6453304 31.41854122,120.6453572 31.418527,120.645384 31.41851269,120.6454108 31.41849839,120.6454376 31.41848413,120.6454644 31.41846991,120.6454913 31.41845567,120.6455181 31.41844152,120.6455449 31.4184273,120.6455718 31.41841311,120.6455986 31.41839879,120.6456254 31.41838446,120.6456516 31.41836935,120.6456789 31.41835588,120.6457033 31.41833874,)
5:LineString(120.6460815 31.41814463,120.6461082 31.4181302,120.6461351 31.41811619,120.6461619 31.41810183,120.6461885 31.41808732,120.6462153 31.41807299,120.6462418 31.41805836,120.6462687 31.41804415,120.6462955 31.41802984,120.6463221 31.4180154,120.6463489 31.41800108,120.6463757 31.41798676,120.6464024 31.41797244,120.6464294 31.41795823,120.6464561 31.41794402,120.6464829 31.41792976,120.6465097 31.41791553,120.6465366 31.41790131,120.6465634 31.41788711,120.6465903 31.41787299,120.6466171 31.41785859,120.6466439 31.41784417,120.6466704 31.41782969,120.646697 31.41781531,120.6467246 31.4178005,120.6467504 31.41778648,120.6467774 31.41777208,120.6468043 31.41775784,120.6468313 31.41774354,120.6468582 31.41772951,120.6468857 31.4177164,120.6469131 31.41770319,120.6469412 31.41769073,120.6469691 31.41767845,120.6469982 31.41766787,120.6470274 31.41765874,120.6470576 31.41765214,120.6470872 31.4176426,120.6471156 31.41763139,120.6471448 31.4176228,120.6471724 31.41760951,120.6472002 31.41759671,120.6472272 31.417582,)
6:LineString(120.6461483 31.41818707,120.6461758 31.41817382,120.6462033 31.41816066,120.6462307 31.41814717,120.6462579 31.41813344,120.6462848 31.41811941,120.6463116 31.41810504,120.6463378 31.41808997,120.646364 31.41807491,)
7:LineString(120.6463756 31.41808095,120.6464022 31.41806637,120.6464306 31.41805455,120.6464584 31.41804196,120.6464859 31.4180288,120.6465128 31.41801469,120.6465394 31.41800007,120.6465662 31.41798582,120.6465923 31.41797059,)
8:LineString(120.6469086 31.41779164,120.6469375 31.41778079,120.6469664 31.41776998,120.646995 31.41775861,120.647023 31.4177464,120.6470502 31.41773264,120.6470774 31.41771883,120.647106 31.41770717,120.6471342 31.41769517,120.6471625 31.41768316,120.6471907 31.417671,120.6472188 31.41765879,120.6472469 31.41764644,120.6472747 31.41763364,120.647302 31.41761964,120.6473309 31.41760858,120.6473541 31.41759045,)
9:LineString(120.6484829 31.41693963,120.6485088 31.41692413,120.6485349 31.41690891,120.648561 31.41689371,120.6485869 31.41687834,120.6486128 31.41686291,120.6486389 31.4168476,120.6486648 31.41683217,120.6486909 31.41681702,120.6487174 31.4168022,120.6487439 31.41678753,120.6487703 31.4167725,120.6487975 31.41675876,120.6488232 31.41674373,120.6488505 31.4167303,120.648877 31.41671575,120.6489037 31.41670143,120.6489307 31.41668753,120.6489575 31.41667321,120.6489844 31.41665909,120.6490114 31.41664506,120.6490383 31.41663101,120.6490653 31.41661705,120.6490924 31.41660306,120.6491193 31.41658901,120.6491464 31.41657514,120.6491733 31.41656108,120.6492003 31.41654705,120.6492273 31.41653298,120.6492542 31.4165189,120.649281 31.41650463,120.6493078 31.41649035,120.6493352 31.4164769,)
10:LineString(120.6485016 31.41690454,120.6485266 31.41688803,120.6485515 31.41687136,120.6485764 31.41685477,120.6486013 31.41683814,120.6486264 31.41682179,120.6486518 31.4168057,120.6486774 31.41678996,120.6487034 31.41677458,120.6487296 31.41675954,120.6487561 31.41674485,120.648783 31.41673072,120.6488097 31.41671636,120.6488367 31.41670253,120.648863 31.41668755,120.6488901 31.41667399,120.6489164 31.41665926,120.6489435 31.41664542,120.6489703 31.41663115,120.6489972 31.416617,120.6490242 31.41660303,120.6490513 31.41658914,120.6490782 31.41657508,120.6491052 31.41656119,120.6491322 31.41654719,120.6491592 31.41653313,120.6491862 31.41651917,120.6492131 31.41650508,120.6492399 31.41649078,120.6492667 31.41647652,120.6492937 31.41646252,)
11:LineString(120.6486047 31.41689506,120.6486318 31.41688107,120.6486585 31.41686678,120.6486854 31.41685253,120.6487121 31.41683819,120.6487389 31.41682382,120.6487657 31.41680955,120.6487925 31.41679529,120.6488193 31.416781,120.6488461 31.41676681,120.6488731 31.41675286,120.6489003 31.41673896,120.6489268 31.41672452,120.6489539 31.41671086,120.6489805 31.41669633,120.6490074 31.41668226,120.6490343 31.41666808,120.6490613 31.41665405,120.6490881 31.41663987,120.6491151 31.41662589,120.649142 31.41661173,120.6491691 31.41659782,120.6491961 31.41658378,120.6492231 31.41656983,120.6492501 31.41655586,120.6492771 31.41654189,120.6493041 31.41652792,120.6493311 31.41651393,)
12:LineString(120.6497863 31.41622323,120.6498131 31.4162089,120.64984 31.41619481,120.6498668 31.41618057,120.6498937 31.41616634,120.6499205 31.41615211,120.6499473 31.41613787,120.6499742 31.41612363,120.650001 31.41610935,120.6500278 31.41609507,120.6500546 31.41608081,120.6500814 31.4160665,120.6501082 31.41605228,120.650135 31.41603805,120.6501618 31.41602381,120.6501887 31.41600965,120.6502156 31.41599544,120.6502423 31.41598108,120.6502691 31.41596684,120.650296 31.4159526,120.6503228 31.41593837,120.6503496 31.41592414,120.6503765 31.41590996,120.6504034 31.41589581,120.6504303 31.41588167,120.6504572 31.41586748,120.6504841 31.41585342,120.650511 31.4158393,120.650538 31.41582529,120.650565 31.41581127,120.6505921 31.41579739,120.6506192 31.41578362,120.6506464 31.4157699,120.6506736 31.41575616,120.6507011 31.41574289,120.6507283 31.41572914,120.6507557 31.41571577,120.6507829 31.41570216,120.6508103 31.41568872,120.6508377 31.41567543,120.6508648 31.41566153,120.6508921 31.41564793,120.6509192 31.41563407,120.6509467 31.41562085,120.650974 31.41560731,120.6510018 31.41559449,120.6510292 31.4155811,120.6510562 31.41556722,120.6510833 31.41555348,120.6511102 31.41553927,120.6511372 31.41552528,120.6511641 31.41551114,120.651191 31.41549694,120.6512178 31.4154827,120.6512446 31.41546838,120.6512713 31.415454,120.651298 31.4154396,120.6513247 31.41542525,120.6513515 31.4154109,120.6513784 31.41539673,120.6514051 31.41538234,120.6514319 31.41536817,120.6514588 31.41535401,120.6514855 31.41533964,120.6515125 31.41532561,120.6515393 31.41531139,120.6515662 31.41529723,120.651593 31.41528299,120.6516199 31.41526881,120.6516467 31.41525458,120.6516736 31.41524039,120.6517004 31.41522611,120.6517273 31.41521197,120.6517541 31.41519768,120.651781 31.41518353,120.6518078 31.41516925,120.6518346 31.41515506,120.6518615 31.41514087,120.6518884 31.41512668,120.6519153 31.4151126,120.6519422 31.41509844,120.651969 31.41508423,120.6519959 31.41507003,120.6520228 31.41505585,120.6520496 31.41504157,120.6520764 31.4150273,120.6521031 31.41501301,120.65213 31.41499873,120.6521568 31.41498451,120.6521836 31.41497027,120.6522104 31.41495599,120.6522372 31.41494176,120.652264 31.41492742,120.6522907 31.41491306,120.6523175 31.41489881,120.6523443 31.41488448,120.6523712 31.41487029,120.6523981 31.41485623,120.652425 31.41484204,120.6524519 31.41482789,120.6524788 31.41481383,120.6525057 31.41479972,120.6525326 31.41478548,120.6525595 31.41477133,120.6525862 31.414757,120.6526131 31.41474282,120.6526399 31.41472853,120.6526666 31.41471417,120.6526934 31.41469989,120.6527203 31.41468581,120.652747 31.41467151,120.652774 31.4146575,120.6528006 31.41464296,120.6528276 31.41462901,120.652854 31.41461426,120.6528809 31.41460005,120.6529078 31.41458595,120.6529348 31.4145719,120.6529617 31.41455777,120.6529886 31.41454366,120.6530154 31.41452947,120.6530423 31.41451534,120.6530691 31.41450112,120.6530959 31.41448686,120.6531227 31.41447259,120.6531494 31.41445816,120.6531763 31.41444406,120.653203 31.41442966,120.65323 31.41441555,120.6532568 31.41440128,120.6532836 31.41438713,120.6533105 31.414373,120.6533374 31.41435879,120.6533643 31.41434471,120.6533911 31.41433044,120.6534181 31.41431637,120.6534449 31.41430216,120.6534718 31.41428799,120.6534986 31.41427374,120.6535255 31.41425953,120.6535524 31.41424538,120.6535793 31.41423125,120.6536062 31.41421712,120.6536331 31.41420301,120.65366 31.41418888,120.6536868 31.41417469,120.6537137 31.41416052,120.6537405 31.41414629,120.6537674 31.4141321,120.6537942 31.41411785,120.6538211 31.41410367,120.653848 31.41408948,120.6538747 31.41407518,120.6539016 31.414061,120.6539285 31.41404675,120.6539555 31.41403285,120.6539821 31.41401842,120.6540091 31.41400436,120.654036 31.41399024,120.654063 31.41397621,)
13:LineString(120.6498045 31.41624715,120.6498314 31.41623297,120.6498581 31.41621852,120.6498846 31.41620391,120.6499115 31.41618971,120.6499384 31.41617556,120.6499653 31.41616149,120.6499922 31.4161474,120.6500191 31.41613325,120.650046 31.4161191,120.6500729 31.41610494,120.6500998 31.41609084,120.6501267 31.41607662,120.6501536 31.41606256,120.6501806 31.41604848,120.6502075 31.41603435,120.6502344 31.41602028,120.6502613 31.41600619,120.6502883 31.41599212,120.6503153 31.41597815,120.6503423 31.41596412,120.6503692 31.41595006,120.6503962 31.41593597,120.650423 31.41592177,120.6504499 31.41590753,120.6504767 31.41589335,120.6505036 31.41587912,120.6505304 31.41586495,120.6505574 31.4158509,120.6505844 31.41583684,120.6506114 31.4158229,120.6506385 31.41580903,120.6506657 31.41579532,120.6506929 31.41578165,120.6507203 31.41576819,120.6507477 31.4157548,120.6507751 31.41574132,120.6508024 31.41572783,120.6508298 31.41571442,120.6508573 31.41570127,120.6508845 31.41568754,120.6509119 31.41567412,120.6509393 31.41566072,120.6509667 31.41564737,120.6509942 31.4156341,120.6510215 31.41562056,120.6510488 31.41560694,120.651076 31.41559327,120.6511028 31.41557896,120.6511298 31.41556506,120.6511567 31.41555088,120.6511834 31.41553655,120.6512101 31.41552204,120.6512369 31.415508,120.6512634 31.41549329,120.6512902 31.41547897,120.6513169 31.41546463,120.6513436 31.4154502,120.6513704 31.41543596,120.6513973 31.41542174,120.6514241 31.41540749,120.6514509 31.41539328,120.6514778 31.41537908,120.6515046 31.41536486,120.6515315 31.41535071,120.6515583 31.4153364,120.6515851 31.4153222,120.6516119 31.41530788,120.6516388 31.41529372,120.6516656 31.4152795,120.6516924 31.41526525,120.6517193 31.41525109,120.6517462 31.41523693,120.651773 31.4152227,120.6517999 31.41520852,120.6518268 31.41519437,120.6518536 31.41518012,120.6518805 31.4151659,120.6519073 31.4151517,120.6519342 31.41513754,120.651961 31.41512335,120.651988 31.41510921,120.6520148 31.41509503,120.6520417 31.41508092,120.6520686 31.41506675,120.6520955 31.41505256,120.6521223 31.41503835,120.6521492 31.41502415,120.652176 31.41500997,120.6522029 31.41499572,120.6522297 31.41498149,120.6522565 31.41496727,120.6522833 31.41495299,120.6523101 31.41493871,120.652337 31.41492449,120.6523638 31.41491022,120.6523907 31.41489606,120.6524176 31.41488195,120.6524444 31.41486769,120.6524713 31.41485351,120.6524981 31.41483936,120.652525 31.41482519,120.6525519 31.41481099,120.6525788 31.41479686,120.6526056 31.41478255,120.6526325 31.41476842,120.6526593 31.41475416,120.6526861 31.41473991,120.6527129 31.4147257,120.6527398 31.41471156,120.6527665 31.41469719,120.6527934 31.41468308,120.6528201 31.41466864,120.652847 31.41465457,120.6528737 31.41464015,120.6529006 31.41462603,120.6529275 31.41461187,120.6529544 31.41459771,120.6529812 31.41458355,120.6530081 31.41456938,120.6530349 31.41455512,120.6530618 31.41454096,120.6530886 31.41452669,120.6531155 31.41451253,120.6531422 31.41449815,120.6531691 31.41448395,120.6531958 31.41446963,120.6532227 31.41445549,120.6532495 31.41444124,120.6532764 31.41442703,120.6533032 31.4144128,120.6533301 31.41439867,120.653357 31.41438444,120.6533839 31.41437034,120.6534107 31.41435612,120.6534376 31.41434194,120.6534644 31.41432769,120.6534913 31.41431348,120.653518 31.41429916,120.6535449 31.41428494,120.6535717 31.41427071,120.6535986 31.41425651,120.6536255 31.41424242,120.6536523 31.41422822,120.6536793 31.41421415,120.6537061 31.41419994,120.653733 31.41418581,120.6537599 31.41417168,120.6537868 31.41415746,120.6538136 31.41414318,120.6538404 31.41412893,120.6538672 31.41411467,120.653894 31.4141004,120.6539209 31.41408625,120.6539478 31.41407207,120.6539746 31.4140579,120.6540015 31.41404379,120.6540285 31.41402974,120.6540554 31.41401564,120.6540829 31.41400231,)
14:LineString(120.6497868 31.41619081,120.6498135 31.41617638,120.6498406 31.41616255,120.6498677 31.41614863,120.6498946 31.41613452,120.6499214 31.41612022,120.6499481 31.41610587,120.6499748 31.41609151,120.6500015 31.41607703,120.6500281 31.41606256,120.6500547 31.41604805,120.6500814 31.4160336,120.6501083 31.41601943,120.6501349 31.41600494,120.6501617 31.41599062,120.6501885 31.41597636,120.6502152 31.41596195,120.6502419 31.41594757,120.6502688 31.41593337,120.6502955 31.41591899,120.6503223 31.41590468,120.6503491 31.41589042,120.650376 31.41587629,120.650403 31.41586227,120.6504299 31.41584813,120.6504569 31.41583417,120.6504839 31.41582017,120.6505109 31.41580618,120.6505378 31.41579218,120.6505649 31.41577833,120.6505922 31.41576475,120.6506193 31.41575095,120.6506467 31.41573755,120.6506741 31.41572413,120.6507017 31.41571096,120.6507294 31.41569801,120.6507572 31.41568531,120.6507852 31.41567282,120.6508131 31.41566015,120.6508413 31.41564806,120.650869 31.41563511,120.6508975 31.4156235,)
15:LineString(120.650814 31.41575589,120.6508416 31.41574284,120.6508691 31.4157296,120.6508966 31.41571635,120.6509241 31.41570299,120.6509515 31.41568953,120.6509788 31.41567607,120.6510062 31.4156626,120.6510335 31.41564909,120.6510607 31.41563541,120.6510878 31.41562154,120.6511149 31.41560761,120.6511418 31.41559352,120.6511688 31.41557954,120.6511956 31.41556527,120.6512223 31.41555089,120.6512491 31.41553666,120.6512755 31.41552188,120.6513024 31.41550766,120.651329 31.41549319,120.6513556 31.41547873,120.6513825 31.41546462,120.6514092 31.41545013,120.6514362 31.4154362,120.6514629 31.41542184,120.6514899 31.41540777,120.6515167 31.41539354,120.6515436 31.4153794,120.6515703 31.415365,120.6515972 31.41535081,120.6516239 31.41533641,120.6516507 31.41532216,120.6516775 31.4153079,120.6517043 31.41529366,120.6517312 31.41527948,120.6517581 31.41526532,120.6517849 31.4152511,120.6518118 31.41523688,120.6518386 31.4152227,120.6518655 31.41520852,120.6518923 31.41519427,120.6519191 31.41518004,120.651946 31.41516585,120.6519728 31.4151516,120.6519997 31.41513745,120.6520266 31.41512336,120.6520536 31.41510929,120.6520806 31.41509529,120.6521075 31.41508117,120.6521344 31.415067,120.6521613 31.41505281,120.6521881 31.41503864,120.652215 31.41502448,120.6522419 31.41501031,120.6522688 31.41499617,120.6522957 31.41498201,120.6523225 31.41496778,120.6523493 31.41495356,120.6523762 31.41493934,120.652403 31.41492512,120.6524299 31.41491091,120.6524566 31.41489658,120.6524834 31.41488229,120.6525102 31.41486802,120.6525371 31.41485385,120.6525639 31.41483961,120.6525908 31.41482542,120.6526176 31.41481115,120.6526444 31.41479688,120.6526713 31.41478274,120.652698 31.41476847,120.652725 31.4147545,120.6527519 31.41474034,120.6527787 31.41472605,120.6528056 31.41471187,120.6528323 31.4146975,120.6528591 31.41468315,120.6528857 31.41466869,120.6529124 31.41465424,120.6529394 31.41464039,120.6529664 31.41462626,120.6529932 31.41461209,120.6530204 31.414598,120.6530469 31.41458386,120.6530739 31.41456981,120.6531006 31.41455552,120.6531275 31.4145414,120.6531543 31.41452706,120.6531812 31.41451285,120.6532077 31.41449837,120.6532348 31.41448464,120.6532614 31.4144702,120.6532884 31.4144562,120.6533152 31.41444191,120.6533421 31.41442778,120.6533688 31.41441348,120.6533958 31.4143994,120.6534226 31.41438513,120.6534495 31.414371,120.6534763 31.41435672,120.6535031 31.41434244,120.6535299 31.41432819,120.6535566 31.41431382,120.6535835 31.41429959,120.6536103 31.41428532,120.6536372 31.41427124,120.653664 31.41425696,120.6536909 31.41424286,120.6537178 31.41422873,120.6537446 31.41421446,120.6537715 31.41420035,120.6537984 31.41418615,120.6538252 31.41417184,120.6538519 31.41415754,120.6538788 31.41414333,120.6539056 31.41412908,120.6539324 31.41411477,120.6539592 31.41410061,120.6539861 31.41408637,120.654013 31.41407232,120.6540399 31.41405821,120.654067 31.4140443,120.6540939 31.41403022,)
16:LineString(120.6543847 31.41384299,120.6544114 31.41382853,120.6544381 31.41381413,120.6544649 31.41379977,120.6544915 31.41378533,120.6545183 31.41377098,120.654545 31.41375662,120.6545717 31.41374225,120.6545985 31.41372786,120.6546253 31.41371359,120.6546522 31.41369944,120.654679 31.41368529,120.6547061 31.41367139,120.654733 31.41365727,120.65476 31.41364324,120.6547869 31.41362912,120.6548137 31.4136149,120.6548406 31.41360073,120.6548675 31.41358654,120.6548943 31.41357237,120.6549212 31.41355815,120.6549479 31.41354382,120.6549748 31.4135296,120.6550015 31.41351522,120.6550283 31.41350099,120.6550551 31.41348671,120.6550819 31.41347246,120.6551088 31.41345826,120.6551357 31.41344412,120.6551625 31.41342988,120.6551894 31.41341575,120.6552163 31.41340154,120.6552431 31.41338737,120.6552701 31.41337325,120.6552969 31.41335903,120.6553237 31.41334481,120.6553506 31.41333067,120.6553774 31.41331636,120.6554043 31.41330225,120.6554312 31.41328808,120.6554581 31.41327392,120.6554849 31.41325968,120.6555118 31.41324552,120.6555386 31.41323121,120.6555654 31.413217,120.6555923 31.41320281,120.6556191 31.41318858,120.655646 31.41317445,120.6556729 31.41316032,120.6556998 31.41314616,120.6557267 31.41313204,120.6557536 31.41311785,120.6557805 31.4131037,120.6558073 31.41308954,120.6558342 31.41307528,120.6558609 31.41306094,120.6558877 31.41304659,120.6559145 31.41303238,120.6559413 31.41301807,120.6559682 31.4130039,120.655995 31.41298972,120.6560219 31.41297551,120.6560487 31.41296132,120.6560757 31.41294721,120.6561025 31.41293299,120.6561294 31.41291892,120.6561563 31.41290474,120.6561831 31.41289055,120.65621 31.41287633,120.6562368 31.4128621,120.6562637 31.41284788,120.6562905 31.41283364,120.6563173 31.41281941,120.6563441 31.41280517,120.656371 31.41279092,120.6563978 31.41277668,120.6564246 31.41276245,120.6564515 31.41274824,120.6564783 31.41273405,120.6565052 31.41271989,120.656532 31.4127056,120.6565589 31.41269144,120.6565857 31.41267718,120.6566126 31.41266304,120.6566395 31.41264885,120.6566663 31.41263467,120.6566932 31.41262045,120.65672 31.4126062,120.6567468 31.41259197,120.6567737 31.41257777,120.6568005 31.41256353,120.6568274 31.41254937,120.6568542 31.41253513,120.656881 31.41252089,120.6569079 31.41250666,120.6569347 31.4124924,120.6569615 31.41247819,120.6569884 31.41246399,120.6570153 31.41244982,120.6570421 31.41243564,120.6570689 31.41242136,120.6570958 31.41240718,120.6571226 31.41239287,120.6571494 31.41237858,120.6571761 31.41236427,120.6572029 31.41235001,120.6572298 31.41233581,120.6572566 31.4123216,120.6572835 31.41230734,120.6573103 31.41229307,120.6573371 31.41227883,120.657364 31.41226469,120.6573909 31.41225051,120.6574177 31.41223635,120.6574447 31.41222226,120.6574715 31.41220807,120.6574985 31.41219398,120.6575254 31.41217988,120.6575523 31.41216576,120.6575792 31.41215162,120.6576061 31.41213753,120.657633 31.41212334,120.6576599 31.41210922,120.6576868 31.41209506,120.6577136 31.41208082,120.6577405 31.41206663,120.6577673 31.4120524,120.6577942 31.41203825,120.657821 31.41202405,120.6578479 31.41200987,120.6578748 31.41199569,120.6579016 31.41198149,120.6579285 31.41196739,120.6579555 31.41195329,120.6579824 31.41193922,120.6580094 31.41192514,120.6580363 31.41191107,120.6580633 31.411897,120.6580901 31.41188277,120.658117 31.4118686,120.6581438 31.41185433,120.6581706 31.41184011,120.6581975 31.411826,120.6582243 31.41181163,120.658251 31.41179734,120.6582777 31.41178287,120.6583044 31.4117684,120.6583311 31.41175406,120.6583577 31.41173958,120.6583843 31.41172503,120.6584116 31.41171144,120.6584377 31.41169626,)
17:LineString(120.6544012 31.41386961,120.6544279 31.41385519,120.6544547 31.41384086,120.6544814 31.4138265,120.6545081 31.41381209,120.6545348 31.41379765,120.6545615 31.41378326,120.6545883 31.41376891,120.654615 31.41375458,120.6546418 31.41374026,120.6546686 31.41372596,120.6546954 31.41371172,120.6547222 31.41369747,120.6547491 31.41368325,120.6547759 31.41366905,120.6548028 31.41365492,120.6548296 31.41364066,120.6548565 31.41362653,120.6548834 31.41361235,120.6549103 31.41359821,120.6549372 31.41358404,120.6549641 31.41356992,120.654991 31.41355574,120.6550178 31.41354154,120.6550447 31.41352738,120.6550716 31.41351321,120.6550984 31.41349901,120.6551253 31.41348488,120.6551522 31.41347075,120.6551791 31.41345662,120.655206 31.41344242,120.6552329 31.41342828,120.6552597 31.41341406,120.6552866 31.41339992,120.6553135 31.41338569,120.6553403 31.4133715,120.6553672 31.41335734,120.655394 31.41334308,120.6554209 31.41332887,120.6554477 31.41331468,120.6554746 31.41330046,120.6555014 31.41328628,120.6555283 31.41327208,120.6555551 31.41325787,120.655582 31.41324369,120.6556089 31.41322953,120.6556358 31.41321533,120.6556626 31.41320113,120.6556895 31.41318697,120.6557163 31.41317271,120.6557431 31.4131585,120.65577 31.41314425,120.6557968 31.41313002,120.6558237 31.41311583,120.6558505 31.4131016,120.6558773 31.41308738,120.6559042 31.41307314,120.655931 31.41305888,120.6559579 31.41304471,120.6559847 31.41303053,120.6560116 31.41301639,120.6560385 31.4130022,120.6560653 31.412988,120.6560922 31.41297378,120.656119 31.41295958,120.6561459 31.41294537,120.6561727 31.41293117,120.6561996 31.41291695,120.6562264 31.41290277,120.6562533 31.41288856,120.6562801 31.41287436,120.656307 31.41286018,120.6563339 31.41284597,120.6563607 31.4128318,120.6563876 31.41281761,120.6564145 31.41280341,120.6564413 31.41278922,120.6564682 31.41277501,120.656495 31.41276082,120.6565219 31.41274662,120.6565487 31.41273235,120.6565755 31.41271816,120.6566024 31.41270391,120.6566292 31.4126897,120.6566561 31.41267548,120.6566829 31.41266125,120.6567097 31.412647,120.6567365 31.41263277,120.6567634 31.41261856,120.6567902 31.41260435,120.6568171 31.41259012,120.656844 31.41257596,120.6568708 31.41256176,120.6568976 31.41254753,120.6569245 31.41253335,120.6569513 31.41251912,120.6569782 31.41250491,120.657005 31.4124907,120.6570319 31.41247653,120.6570588 31.41246236,120.6570856 31.41244815,120.6571125 31.41243396,120.6571394 31.41241977,120.6571662 31.41240556,120.6571931 31.41239135,120.6572199 31.41237713,120.6572468 31.41236295,120.6572736 31.41234877,120.6573005 31.41233457,120.6573274 31.41232038,120.6573542 31.41230614,120.657381 31.41229195,120.6574079 31.41227769,120.6574347 31.41226351,120.6574616 31.41224929,120.6574884 31.4122351,120.6575153 31.4122209,120.6575422 31.41220675,120.6575691 31.41219264,120.6575959 31.41217843,120.6576228 31.41216431,120.6576497 31.41215009,120.6576766 31.41213592,120.6577034 31.41212176,120.6577303 31.41210754,120.6577571 31.41209332,120.657784 31.4120791,120.6578108 31.41206492,120.6578377 31.4120507,120.6578646 31.41203654,120.6578914 31.41202235,120.6579183 31.41200817,120.6579452 31.41199402,120.657972 31.41197983,120.6579989 31.41196568,120.6580258 31.41195149,120.6580527 31.41193735,120.6580795 31.41192317,120.6581064 31.41190896,120.6581333 31.41189478,120.6581601 31.41188051,120.6581869 31.41186634,120.6582137 31.41185207,120.6582406 31.41183782,120.6582674 31.4118236,120.6582942 31.41180934,120.6583211 31.41179516,120.6583479 31.41178088,120.6583747 31.41176665,120.6584015 31.41175236,120.6584283 31.4117381,120.6584549 31.41172359,)
18:LineString(120.654427 31.41390883,120.6544543 31.41389529,120.6544816 31.41388173,120.654509 31.41386828,120.6545364 31.41385484,120.6545635 31.41384108,120.6545907 31.41382733,120.6546179 31.41381358,120.6546449 31.41379965,)
19:LineString(120.6590057 31.41181175,120.6590164 31.4118372,120.6590273 31.41186258,120.659039 31.41188773,120.6590511 31.41191273,120.6590632 31.41193769,120.6590753 31.41196268,120.6590876 31.41198761,120.6590998 31.41201256,120.6591117 31.41203749,120.6591244 31.41206221,120.6591366 31.41208703,120.6591493 31.41211136,120.6591617 31.41213606,120.6591735 31.41216101,120.6591865 31.41218559,120.659199 31.41221041,120.6592121 31.41223503,120.6592246 31.41225988,120.6592373 31.41228462,120.6592501 31.41230923,120.6592623 31.41233416,120.6592749 31.41235891,120.6592878 31.41238363,120.6593003 31.41240846,120.6593132 31.41243315,120.6593257 31.412458,120.6593384 31.41248275,120.6593508 31.41250762,120.6593634 31.41253243,120.6593756 31.41255739,120.6593879 31.41258227,120.6594003 31.41260717,120.6594126 31.41263209,120.6594248 31.41265703,120.6594371 31.41268195,120.6594494 31.41270688,120.6594617 31.41273179,120.6594742 31.41275661,120.6594867 31.41278147,120.6594992 31.41280629,120.6595119 31.41283108,120.6595245 31.41285587,120.6595371 31.41288068,120.6595497 31.41290546,120.6595623 31.41293027,120.6595749 31.41295509,120.6595876 31.41297983,120.6596001 31.4130047,120.6596128 31.41302946,120.6596254 31.41305425,120.6596381 31.41307902,120.6596508 31.4131038,120.6596634 31.41312858,120.6596762 31.41315334,120.6596889 31.41317809,120.6597016 31.41320287,120.6597143 31.41322763,120.659727 31.41325239,120.6597397 31.41327716,120.6597525 31.41330191,120.6597651 31.41332669,120.6597778 31.41335148,120.6597904 31.41337629,120.6598028 31.41340114,120.6598153 31.41342598,120.6598278 31.41345084,120.6598404 31.41347565,120.6598529 31.41350049,120.6598654 31.41352534,120.6598778 31.41355021,120.6598903 31.41357504,120.6599027 31.41359993,120.6599152 31.41362477,120.6599277 31.41364961,120.6599403 31.41367443,120.6599528 31.41369925,120.6599654 31.41372405,120.6599781 31.41374884,120.6599908 31.4137736,120.6600035 31.41379838,120.6600161 31.41382316,120.6600288 31.41384795,120.6600414 31.41387275,120.660054 31.41389755,120.6600666 31.41392236,120.6600792 31.41394717,120.6600918 31.41397198,120.6601043 31.41399682,120.6601168 31.41402165,120.6601293 31.41404649,120.6601418 31.41407135,120.6601542 31.41409622,120.6601666 31.41412109,120.660179 31.41414598,120.6601915 31.41417083,120.660204 31.41419566,120.6602165 31.41422049,120.6602291 31.41424529,120.6602418 31.41427009,120.6602544 31.4142949,120.660267 31.41431968,120.6602797 31.41434445,120.6602924 31.41436922,120.660305 31.41439403,120.6603176 31.41441882,120.6603303 31.41444362,120.660343 31.41446836,120.6603557 31.41449313,120.6603684 31.4145179,120.660381 31.41454271,120.6603937 31.4145675,120.6604063 31.4145923,120.6604188 31.41461713,120.6604314 31.41464192,120.6604444 31.41466661,120.6604565 31.4146916,120.6604685 31.41471661,120.6604803 31.4147417,120.6604923 31.41476673,120.6605047 31.41479163,120.6605179 31.41481623,120.6605312 31.4148408,120.6605446 31.41486511,120.6605591 31.41488963,120.6605705 31.4149136,120.6605841 31.4149413,120.6605959 31.41495796,120.6606066 31.41498352,120.6606197 31.41500803,120.6606311 31.41503306,120.6606442 31.4150575,120.6606564 31.41508235,120.6606685 31.41510737,120.6606811 31.4151322,120.6606935 31.41515707,120.6607059 31.41518194,120.6607186 31.41520671,120.6607309 31.4152316,120.6607437 31.41525634,120.6607561 31.41528122,120.6607687 31.41530601,120.6607813 31.41533083,120.6607937 31.4153557,120.6608062 31.41538057,120.6608186 31.41540543,120.6608311 31.41543027,120.6608437 31.41545508,120.6608562 31.41547992,120.6608689 31.41550469,120.6608815 31.41552948,120.660894 31.41555435,120.6609065 31.41557918,120.660919 31.41560402,120.6609313 31.41562894,)
20:LineString(120.6590364 31.41179426,120.6590471 31.41181974,120.6590577 31.41184522,120.6590691 31.41187045,120.659081 31.41189548,120.6590932 31.41192047,120.6591051 31.41194551,120.6591173 31.41197044,120.6591295 31.41199554,120.6591413 31.41202021,120.6591553 31.41204791,120.6591658 31.41206988,120.6591804 31.4120981,120.6591909 31.41211939,120.6592033 31.41214443,120.6592161 31.41216894,120.6592288 31.41219365,120.6592421 31.41221823,120.6592545 31.41224306,120.6592673 31.41226774,120.6592805 31.41229227,120.6592926 31.41231721,120.6593054 31.41234189,120.6593184 31.41236653,120.6593309 31.41239138,120.6593437 31.41241609,120.6593562 31.41244094,120.6593686 31.41246581,120.6593813 31.41249057,120.6593936 31.41251548,120.659406 31.41254036,120.6594184 31.41256525,120.6594308 31.41259014,120.6594431 31.41261503,120.6594554 31.41263996,120.6594677 31.41266486,120.65948 31.41268977,120.6594924 31.41271467,120.6595048 31.41273954,120.6595172 31.41276442,120.6595297 31.41278926,120.6595422 31.41281409,120.6595548 31.4128389,120.6595674 31.41286373,120.65958 31.41288853,120.6595926 31.41291332,120.6596053 31.4129381,120.6596179 31.41296289,120.6596306 31.41298768,120.6596433 31.41301245,120.659656 31.41303721,120.6596686 31.413062,120.6596813 31.41308677,120.659694 31.41311153,120.6597067 31.4131363,120.6597195 31.41316106,120.6597322 31.4131858,120.6597448 31.4132106,120.6597576 31.41323534,120.6597702 31.41326014,120.6597829 31.41328493,120.6597954 31.41330975,120.659808 31.41333455,120.6598206 31.41335936,120.6598332 31.41338419,120.6598457 31.41340901,120.6598583 31.41343383,120.6598709 31.41345864,120.6598834 31.41348346,120.659896 31.41350826,120.6599086 31.41353306,120.6599212 31.41355787,120.6599339 31.41358265,120.6599464 31.41360749,120.659959 31.4136323,120.6599716 31.41365712,120.6599841 31.41368194,120.6599967 31.41370674,120.6600093 31.41373155,120.6600219 31.41375636,120.6600345 31.41378116,120.6600471 31.41380595,120.6600597 31.41383077,120.6600724 31.41385556,120.660085 31.41388036,120.6600976 31.41390517,120.6601102 31.41392998,120.6601228 31.41395478,120.6601353 31.4139796,120.6601479 31.4140044,120.6601605 31.4140292,120.6601731 31.41405402,120.6601857 31.41407885,120.6601982 31.41410368,120.6602107 31.41412851,120.6602233 31.41415332,120.6602359 31.41417815,120.6602485 31.41420294,120.660261 31.41422777,120.6602736 31.41425257,120.6602862 31.41427739,120.6602988 31.41430219,120.6603114 31.41432702,120.6603239 31.41435184,120.6603365 31.41437664,120.660349 31.41440147,120.6603617 31.41442627,120.6603742 31.41445109,120.6603869 31.41447589,120.6603994 31.41450072,120.660412 31.41452552,120.6604246 31.41455031,120.6604371 31.41457515,120.6604498 31.41459995,120.6604624 31.41462475,120.6604749 31.41464957,120.6604875 31.41467439,120.6605001 31.41469918,120.6605127 31.41472398,120.6605254 31.41474878,120.660538 31.41477356,120.6605507 31.41479835,120.6605633 31.41482313,120.660576 31.41484792,120.6605886 31.41487272,120.6606012 31.41489751,120.6606138 31.41492232,120.6606265 31.4149471,120.660639 31.41497193,120.6606517 31.41499671,120.6606642 31.41502153,120.6606769 31.41504633,120.6606894 31.41507118,120.6607019 31.41509599,120.6607144 31.41512083,120.660727 31.41514567,120.6607394 31.41517052,120.6607519 31.41519536,120.6607644 31.41522022,120.6607769 31.41524507,120.6607894 31.4152699,120.660802 31.41529472,120.6608145 31.41531954,120.6608271 31.41534437,120.6608396 31.41536919,120.6608522 31.415394,120.6608648 31.41541879,120.6608775 31.41544359,120.6608901 31.41546839,120.6609027 31.41549317,120.6609153 31.41551798,120.660928 31.41554277,120.6609405 31.41556761,120.6609531 31.41559241,120.6609655 31.41561727,)
21:LineString(120.6590898 31.41183232,120.659102 31.4118573,120.6591143 31.4118822,120.6591267 31.41190708,120.659139 31.41193202,120.6591513 31.4119569,120.6591636 31.41198182,120.6591758 31.41200678,120.659188 31.41203175,120.6592002 31.41205671,120.6592123 31.41208167,120.6592245 31.41210662,120.6592372 31.41213142,120.6592496 31.41215622,120.6592625 31.41218083,120.6592758 31.41220543,120.6592881 31.41223028,120.6593014 31.41225475,120.659314 31.41227951,120.6593268 31.41230426,120.6593393 31.41232904,120.6593523 31.41235365,120.6593648 31.41237849,120.6593774 31.41240329,120.6593899 31.41242816,120.6594022 31.41245307,120.6594149 31.41247783,120.6594272 31.41250272,120.6594397 31.41252758,120.6594522 31.4125524,120.6594646 31.41257728,120.6594772 31.41260211,120.6594896 31.41262698,120.6595019 31.41265188,120.6595143 31.41267676,120.6595267 31.41270166,120.6595392 31.4127265,120.6595516 31.41275137,120.6595642 31.41277619,120.6595767 31.41280102,120.6595893 31.41282581,120.6596019 31.41285063,120.6596145 31.41287543,120.6596272 31.4129002,120.6596398 31.412925,120.6596524 31.4129498,120.659665 31.41297461,120.6596776 31.41299942,120.6596903 31.41302419,120.6597028 31.41304901,120.6597155 31.41307379,120.6597282 31.41309858,120.6597408 31.41312338,120.6597534 31.41314819,120.6597661 31.41317295,120.6597787 31.41319776,120.6597914 31.41322251,120.6598041 31.4132473,120.6598167 31.41327209,120.6598291 31.41329696,120.6598416 31.41332181,120.6598539 31.41334673,120.6598663 31.41337159,120.6598787 31.41339647,120.6598912 31.41342131,120.6599037 31.41344614,120.6599162 31.413471,120.6599289 31.41349574,120.6599414 31.41352056,120.6599542 31.4135453,120.6599671 31.41356999,120.6599797 31.41359479,120.6599924 31.41361954,120.6600052 31.41364429,120.6600178 31.41366908,120.6600304 31.41369389,120.660043 31.4137187,120.6600555 31.41374356,120.660068 31.41376838,120.6600805 31.41379321,120.660093 31.41381806,120.6601056 31.41384286,120.6601181 31.4138677,120.6601307 31.41389253,120.6601433 31.41391734,120.6601559 31.41394214,120.6601686 31.41396691,120.6601813 31.41399166,120.6601941 31.41401639,120.6602069 31.41404113,120.6602195 31.41406594,120.6602321 31.41409072,120.6602447 31.41411553,120.6602573 31.41414034,120.6602699 31.41416517,120.6602824 31.41418999,120.6602948 31.41421486,120.6603074 31.41423969,120.66032 31.41426448,120.6603325 31.41428931,120.660345 31.41431415,120.6603575 31.41433901,120.6603699 31.41436388,120.6603824 31.41438873,120.6603949 31.41441358,120.6604073 31.41443844,120.6604199 31.41446326,120.6604324 31.41448811,120.6604448 31.41451296,120.6604574 31.41453779,120.6604699 31.41456264,120.6604823 31.41458751,120.6604948 31.41461234,120.6605073 31.41463719,120.6605199 31.414662,120.6605326 31.41468675,120.6605455 31.41471146,120.6605583 31.41473616,120.6605713 31.41476082,120.6605842 31.41478554,120.660597 31.41481024,120.6606096 31.41483506,120.660622 31.41485995,120.6606344 31.4148848,120.6606465 31.41490978,120.660659 31.41493461,120.6606714 31.41495951,120.660684 31.41498431,120.6606966 31.41500912,120.6607093 31.41503386,120.6607217 31.4150587,120.6607346 31.41508339,120.6607471 31.41510826,120.6607599 31.41513299,120.6607724 31.41515783,120.6607849 31.41518264,120.6607975 31.41520748,120.66081 31.4152323,120.6608225 31.41525715,120.6608351 31.41528196,120.6608475 31.41530681,120.6608601 31.41533163,120.6608727 31.41535644,120.6608854 31.41538121,120.6608981 31.41540597,120.6609109 31.41543071,120.6609236 31.41545547,120.6609362 31.41548026,120.6609489 31.41550503,120.6609616 31.4155298,120.6609744 31.41555455,120.6609871 31.41557932,120.6609996 31.41560415,)
22:LineString(120.6611161 31.41591239,120.6611286 31.41593723,120.6611411 31.41596207,120.6611536 31.41598691,120.6611662 31.41601174,120.6611787 31.41603658,120.6611912 31.41606141,120.6612038 31.41608624,120.6612163 31.41611106,120.6612288 31.41613591,120.6612413 31.41616074,120.6612539 31.41618555,120.6612664 31.41621038,120.661279 31.4162352,120.6612915 31.41626004,120.661304 31.41628488,120.6613165 31.41630974,120.6613289 31.4163346,120.6613414 31.41635945,120.6613539 31.41638431,120.6613663 31.41640916,120.6613789 31.41643398,120.6613914 31.41645883,120.6614039 31.41648366,120.6614164 31.41650851,120.6614288 31.4165334,120.6614413 31.41655824,120.6614536 31.41658315,120.6614659 31.41660805,120.6614783 31.41663296,120.6614906 31.41665786,120.6615029 31.41668276,120.6615156 31.41670754,120.661528 31.41673242,120.6615406 31.41675721,120.6615529 31.41678213,120.6615652 31.41680706,120.6615776 31.41683192,120.6615901 31.41685678,120.6616026 31.41688161,120.6616151 31.41690644,120.6616277 31.41693124,120.6616408 31.41695594,120.6616531 31.41698063,120.661667 31.41700503,120.6616792 31.41702998,120.6616924 31.41705426,120.6617051 31.41707889,120.6617171 31.41710373,120.6617304 31.41712824,120.6617429 31.4171531,120.661756 31.41717769,120.6617683 31.41720261,120.6617812 31.41722727,120.6617936 31.41725213,120.6618068 31.41727669,120.6618202 31.41730121,120.6618341 31.41732553,120.6618476 31.41734993,120.6618612 31.41737433,120.6618742 31.41739896,120.6618871 31.41742361,120.6618997 31.41744842,120.6619117 31.41747342,120.6619233 31.41749855,120.6619343 31.41752428,120.6619457 31.41754955,120.6619552 31.41757523,120.6619643 31.4176011,120.6619777 31.41762561,)
23:LineString(120.6610841 31.41592454,120.6610967 31.41594936,120.6611092 31.41597421,120.6611217 31.41599905,120.6611341 31.41602392,120.6611465 31.4160488,120.6611589 31.41607367,120.6611714 31.41609854,120.6611838 31.41612339,120.6611962 31.41614828,120.6612086 31.41617316,120.6612211 31.416198,120.6612336 31.41622286,120.6612462 31.41624765,120.6612586 31.41627252,120.6612714 31.41629725,120.6612838 31.41632214,120.6612962 31.41634703,120.6613088 31.4163718,120.6613212 31.41639669,120.6613336 31.41642158,120.6613461 31.41644641,120.6613587 31.41647123,120.6613711 31.41649608,120.6613837 31.41652087,120.6613962 31.41654573,120.6614087 31.41657055,120.661421 31.41659548,120.6614333 31.4166204,120.6614456 31.41664531,120.6614579 31.41667023,120.6614703 31.4166951,120.6614828 31.41671994,120.6614952 31.4167448,120.6615076 31.41676971,120.6615199 31.41679461,120.6615323 31.41681948,120.6615448 31.41684433,120.6615572 31.4168692,120.6615698 31.41689403,120.6615822 31.4169189,120.6615955 31.41694346,120.6616071 31.41696859,120.6616204 31.41699312,120.6616341 31.41701747,)
24:LineString(120.6611436 31.41589208,120.6611561 31.41591691,120.6611686 31.41594175,120.6611813 31.41596652,120.661194 31.41599129,120.6612069 31.416016,120.6612198 31.4160407,120.6612326 31.41606542,120.6612452 31.41609023,120.6612577 31.41611506,120.6612704 31.41613983,120.6612833 31.41616454,120.6612961 31.41618927,120.6613087 31.41621406,120.6613212 31.41623889,120.6613339 31.41626366,120.6613461 31.41628859,120.6613588 31.41631338,120.6613712 31.41633824,120.6613836 31.41636311,120.6613961 31.41638798,120.6614087 31.41641277,120.6614213 31.4164376,120.6614335 31.41646254,120.6614462 31.4164873,120.6614582 31.41651231,120.6614706 31.41653717,120.6614829 31.41656208,120.6614951 31.41658702,120.6615074 31.41661195,120.6615194 31.41663696,120.6615316 31.41666194,120.661544 31.41668682,120.6615562 31.41671176,120.6615687 31.41673658,120.661581 31.41676151,120.6615931 31.41678651,120.6616048 31.41681165,120.6616164 31.41683675,120.6616272 31.41686234,120.6616381 31.41688781,120.6616501 31.41691388,120.6616558 31.41693871,120.66167 31.41696269,120.6616797 31.41698837,120.6616871 31.41701459,)
25:LineString(120.6616237 31.41699796,120.6616366 31.41702264,120.6616494 31.41704737,120.6616622 31.41707211,120.6616749 31.41709687,120.6616875 31.41712166,120.6617003 31.41714641,120.6617129 31.41717122,120.6617257 31.41719591,120.6617382 31.41722076,120.661751 31.4172455,120.6617638 31.41727021,120.661777 31.41729481,120.6617902 31.41731936,120.6618038 31.41734377,120.6618175 31.41736815,120.6618313 31.41739252,120.6618442 31.41741716,120.6618572 31.41744177,120.6618699 31.41746653,120.661885 31.41749028,120.6618979 31.41751495,120.6619121 31.41753909,120.6619234 31.41756433,)
26:LineString(120.6616038 31.41701273,120.6616155 31.41703784,120.6616271 31.41706301,120.6616384 31.41708826,120.6616498 31.41711351,120.6616614 31.41713867,120.6616733 31.41716376,120.6616852 31.41718882,120.6616973 31.41721381,120.6617095 31.41723873,120.661722 31.4172636,120.6617346 31.4172884,120.6617475 31.41731309,120.6617606 31.41733771,120.6617737 31.41736233,120.6617872 31.4173868,120.6618002 31.41741136,120.6618139 31.41743563,120.6618271 31.41746022,120.6618409 31.41748451,120.6618537 31.4175093,120.6618688 31.41753299,120.6618808 31.41755804,)
27:LineString(120.6618662 31.41730455,120.6618789 31.41732933,120.6618912 31.41735424,120.6619035 31.41737916,120.6619151 31.41740433,120.6619267 31.41742951,120.6619381 31.41745476,120.6619495 31.41747997,120.6619611 31.41750517,120.6619722 31.41753052,120.6619831 31.41755592,120.6619942 31.41758137,120.6620043 31.4176069,120.6620157 31.41763193,120.6620259 31.41765742,120.6620381 31.41768233,120.6620491 31.41770777,120.6620628 31.41773197,120.6620698 31.41775836,)
28:LineString(120.6619345 31.41736013,120.6619455 31.41738549,120.6619566 31.4174108,120.6619678 31.41743613,120.661979 31.4174614,120.6619903 31.41748669,120.6620012 31.41751209,120.6620119 31.41753756,120.6620225 31.41756304,120.6620331 31.41758854,120.6620438 31.417614,120.6620544 31.41763946,120.6620661 31.41766445,120.6620782 31.41768934,120.6620902 31.41771436,120.662101 31.41773979,)
29:LineString(120.6623434 31.41792184,120.6623733 31.41791325,120.6624034 31.41790506,120.6624334 31.41789662,120.6624634 31.41788826,120.6624934 31.41787986,120.6625234 31.41787155,120.6625536 31.41786372,120.6625839 31.41785653,120.6626145 31.41784954,120.6626451 31.41784244,120.6626751 31.41783505,120.6627057 31.4178287,120.6627363 31.41782136,120.6627665 31.41781423,120.6627971 31.417808,120.6628277 31.4177991,120.6628572 31.41779366,120.6628872 31.41778523,120.6629177 31.41777847,120.6629479 31.41777062,120.6629785 31.41776399,120.6630088 31.4177564,120.6630391 31.41774897,120.6630698 31.41774276,)
30:LineString(120.6623415 31.41795408,120.6623711 31.41794465,120.6624011 31.4179361,120.662431 31.41792765,120.662461 31.41791911,120.6624909 31.41791068,120.662521 31.41790246,120.6625512 31.41789455,120.6625814 31.4178869,120.6626117 31.4178794,120.6626421 31.41787208,120.6626722 31.41786497,120.6627031 31.41785887,120.6627332 31.41785166,120.6627634 31.41784532,120.6627939 31.41783841,120.6628242 31.41783086,120.6628547 31.41782417,120.6628851 31.41781683,120.6629155 31.41780975,120.662946 31.41780269,120.6629764 31.4177955,120.6630069 31.41778843,120.6630372 31.41778115,120.6630677 31.41777409,120.6630981 31.41776692,120.6631286 31.41775995,120.6631591 31.41775299,120.6631897 31.41774638,120.6632202 31.41773954,120.6632509 31.4177334,120.6632814 31.41772655,120.6633121 31.41772043,120.6633427 31.41771387,120.6633734 31.41770766,120.6634039 31.41770083,120.6634346 31.41769477,120.6634653 31.41768855,120.6634957 31.41768154,120.6635266 31.41767578,120.6635573 31.41766945,120.6635877 31.41766233,120.6636182 31.41765543,120.6636486 31.41764816,120.6636789 31.41764068,120.6637093 31.41763352,120.6637396 31.41762615,120.66377 31.41761879,120.6638003 31.41761137,120.6638307 31.41760402,120.6638611 31.41759677,120.6638914 31.41758916,120.6639218 31.41758232,120.663952 31.41757448,120.6639825 31.41756765,120.6640127 31.41756,120.6640431 31.41755269,120.6640735 31.41754536,120.6641038 31.41753795,120.6641341 31.41753054,120.6641645 31.41752313,120.6641949 31.41751579,120.6642253 31.41750859,120.6642556 31.41750126,120.664286 31.41749399,120.6643164 31.4174867,120.6643468 31.41747937,120.6643771 31.41747205,120.6644076 31.41746487,120.6644379 31.41745756,120.6644683 31.41745024,120.6644987 31.41744309,120.6645291 31.41743586,120.6645595 31.41742854,120.6645899 31.41742128,120.6646203 31.41741399,120.6646506 31.41740654,120.664681 31.41739928,120.6647113 31.41739188,120.6647417 31.41738442,120.6647721 31.41737715,120.6648024 31.41736969,120.6648328 31.41736249,120.6648631 31.41735508,120.6648935 31.41734784,120.6649239 31.41734056,120.6649543 31.41733328,120.6649847 31.41732597,120.6650151 31.41731869,120.6650455 31.41731147,120.6650759 31.41730418,120.6651062 31.41729695,120.6651367 31.41728983,120.665167 31.41728244,120.6651975 31.41727533,120.6652279 31.41726805,120.6652584 31.41726112,120.6652887 31.4172537,120.6653191 31.41724673,120.6653496 31.41723949,120.66538 31.41723234,120.6654104 31.41722512,120.6654408 31.41721784,120.6654712 31.41721069,120.6655015 31.4172033,120.665532 31.41719618,120.6655624 31.41718892,120.6655928 31.4171817,120.6656232 31.41717457,120.6656536 31.41716726,120.665684 31.41716005,120.6657143 31.41715257,120.6657447 31.41714527,120.6657748 31.4171372,)
31:LineString(120.6624076 31.41796446,120.6624376 31.4179563,120.6624676 31.41794774,120.6624976 31.41793949,120.6625278 31.41793163,120.662558 31.41792388,120.6625883 31.41791624,120.6626186 31.41790874,120.662649 31.41790125,120.6626792 31.4178939,120.6627096 31.41788718,120.6627403 31.4178805,120.6627705 31.41787322,120.6628007 31.417867,120.6628309 31.41785911,120.6628614 31.41785236,120.6628917 31.41784482,120.6629221 31.41783781,120.6629525 31.41783053,120.6629829 31.41782328,120.6630133 31.41781596,120.6630436 31.4178085,120.663074 31.41780129,120.6631044 31.41779405,120.6631349 31.41778703,120.6631654 31.41777992,120.6631959 31.41777302,120.6632264 31.41776619,120.6632571 31.41775975,120.6632876 31.41775303,120.6633183 31.41774685,120.6633489 31.41774033,120.6633797 31.4177342,120.6634104 31.41772824,120.6634412 31.41772214,120.663472 31.41771632,120.6635027 31.4177102,120.6635334 31.417704,120.6635641 31.41769753,120.6635947 31.41769082,120.6636252 31.41768405,120.6636556 31.41767669,120.663686 31.41766969,120.6637163 31.41766228,120.6637467 31.41765488,120.6637771 31.41764759,120.6638074 31.41764008,120.6638378 31.41763279,120.6638681 31.41762547,120.6638984 31.41761801,120.6639289 31.4176109,120.6639592 31.41760332,120.6639896 31.41759629,120.6640199 31.41758878,120.6640503 31.41758152,120.6640807 31.41757425,120.6641111 31.41756691,120.6641414 31.41755962,120.6641718 31.41755229,120.6642022 31.41754499,120.6642326 31.41753774,120.664263 31.41753052,120.6642934 31.41752326,120.6643238 31.41751607,120.6643542 31.41750878,120.6643846 31.41750151,120.664415 31.41749432,120.6644454 31.41748704,120.6644758 31.41747982,120.6645062 31.41747256,120.6645366 31.41746537,120.664567 31.4174581,120.6645974 31.41745085,120.6646278 31.41744359,120.6646581 31.41743624,120.6646885 31.41742893,120.6647189 31.41742159,120.6647492 31.41741417,120.6647796 31.4174069,120.6648099 31.41739946,120.6648403 31.41739218,120.6648707 31.41738475,120.664901 31.41737736,120.6649314 31.41736996,120.6649617 31.41736262,120.6649921 31.41735522,120.6650225 31.41734792,120.6650528 31.41734062,120.6650832 31.41733331,120.6651136 31.417326,120.665144 31.41731881,120.6651744 31.41731143,120.6652048 31.4173042,120.6652351 31.41729689,120.6652655 31.41728957,120.6652959 31.41728231,120.6653263 31.41727504,120.6653567 31.41726776,120.6653871 31.41726054,120.6654175 31.41725326,120.6654478 31.41724596,120.6654783 31.41723874,120.6655087 31.41723149,120.6655391 31.41722431,120.6655695 31.41721708,120.6655999 31.41720989,120.6656303 31.4172027,120.6656607 31.41719543,120.6656911 31.4171882,120.6657215 31.41718085,120.6657519 31.41717367,120.6657822 31.41716617,)
32:LineString(120.6627959 31.41790031,120.6628259 31.41789206,120.6628563 31.41788468,120.6628867 31.4178773,120.6629169 31.4178697,120.6629472 31.41786203,120.6629775 31.4178544,120.6630077 31.41784679,120.6630381 31.4178393,120.6630684 31.41783175,120.6630987 31.41782433,120.6631291 31.41781676,120.6631596 31.41781012,120.6631897 31.41780247,120.6632203 31.41779595,120.6632508 31.41778922,120.6632814 31.4177826,120.6633121 31.41777621,120.6633428 31.41777003,120.6633735 31.41776368,120.6634043 31.41775776,120.663435 31.41775152,120.6634658 31.41774569,120.6634965 31.41773977,120.6635273 31.41773367,120.663558 31.41772757,120.6635887 31.41772128,120.6636193 31.41771472,120.6636497 31.41770753,120.6636802 31.4177004,120.6637105 31.41769326,120.6637407 31.41768557,120.6637712 31.41767853,120.6638015 31.417671,120.6638319 31.41766368,120.6638623 31.41765641,120.6638927 31.41764922,120.6639229 31.41764166,120.6639533 31.41763463,120.6639837 31.41762726,120.6640141 31.41762006,120.6640444 31.41761264,120.6640749 31.4176056,120.6641053 31.41759828,120.6641357 31.41759113,120.6641661 31.4175838,120.6641965 31.41757656,120.6642269 31.41756931,120.6642573 31.41756207,120.6642877 31.41755499,120.6643181 31.41754775,120.6643485 31.41754063,120.6643789 31.41753334,120.6644093 31.41752608,120.6644397 31.41751886,120.6644701 31.41751163,120.6645006 31.41750446,120.6645309 31.41749708,120.6645613 31.41748999,120.6645917 31.41748268,120.6646221 31.41747546,120.6646525 31.41746829,120.6646829 31.41746098,120.6647133 31.41745369,120.6647437 31.41744636,120.6647741 31.41743918,120.6648044 31.41743182,120.6648348 31.41742448,120.6648652 31.41741735,120.6648955 31.41740967,120.6649258 31.41740248,120.6649561 31.41739498,120.6649864 31.41738742,120.6650168 31.41738005,120.6650471 31.41737256,120.6650775 31.41736515,120.6651078 31.41735784,120.6651382 31.41735042,120.6651686 31.41734324,120.6651989 31.41733571,120.6652293 31.41732855,120.6652596 31.41732109,120.66529 31.41731383,120.6653204 31.41730637,120.6653506 31.41729869,120.665381 31.41729131,120.6654113 31.41728385,120.6654416 31.41727645,120.6654721 31.41726927,120.6655024 31.417262,120.6655329 31.4172548,120.6655632 31.41724753,120.6655937 31.41724032,120.6656241 31.41723313,120.6656545 31.41722582,120.6656849 31.41721868,120.6657153 31.41721138,120.6657457 31.4172043,120.6657762 31.41719725,)
33:LineString(120.6661742 31.41709838,120.6662047 31.41709123,120.6662353 31.41708478,120.6662656 31.41707738,120.6662961 31.41707022,120.6663265 31.41706302,120.6663569 31.41705589,120.6663873 31.41704871,120.6664178 31.41704161,120.6664482 31.4170345,120.6664786 31.41702724,120.6665091 31.41702028,120.6665394 31.41701274,120.6665698 31.41700574,120.6666002 31.41699836,120.6666306 31.41699127,120.6666611 31.41698437,120.6666915 31.41697711,120.6667219 31.41696974,120.6667523 31.41696237,120.6667826 31.41695495,120.6668129 31.41694736,120.6668432 31.41693997,120.6668736 31.41693271,120.666904 31.41692547,120.6669344 31.41691824,120.6669648 31.4169111,120.6669952 31.41690395,120.6670255 31.41689654,120.667056 31.41688949,120.6670864 31.41688223,120.6671168 31.41687503,120.6671472 31.41686784,120.6671776 31.41686061,120.667208 31.41685343,120.6672385 31.4168465,120.6672689 31.41683939,120.6672994 31.41683236,120.6673299 31.41682536,120.6673603 31.41681824,120.6673907 31.41681106,120.6674213 31.41680412,120.6674516 31.41679675,120.6674818 31.41678896,120.667512 31.41678107,120.6675422 31.41677334,120.6675721 31.41676458,120.6676022 31.4167568,120.6676317 31.41674758,120.6676618 31.41673972,120.6676916 31.41673094,120.6677214 31.41672191,120.6677511 31.41671288,120.6677811 31.41670476,120.667811 31.41669623,120.6678411 31.41668818,120.6678713 31.41668034,120.6679016 31.41667255,120.6679318 31.41666482,120.6679621 31.41665719,120.6679924 31.41664968,120.6680227 31.41664212,120.668053 31.41663466,120.6680833 31.41662729,120.6681137 31.41661983,120.668144 31.41661246,120.6681743 31.416605,120.6682047 31.41659772,120.6682351 31.41659034,120.6682655 31.41658304,120.6682958 31.41657572,120.6683262 31.41656849,120.6683566 31.41656119,120.668387 31.41655395,120.6684174 31.41654659,120.6684478 31.41653933,120.6684781 31.41653199,120.6685085 31.41652472,120.6685389 31.41651742,120.6685693 31.41651015,120.6685997 31.41650285,120.66863 31.4164955,120.6686604 31.4164883,120.6686908 31.41648099,120.6687212 31.41647364,120.6687516 31.4164664,120.6687819 31.41645899,)
34:LineString(120.6661481 31.41707848,120.6661784 31.41707112,120.6662088 31.41706378,120.6662392 31.4170565,120.6662696 31.41704917,120.6662999 31.41704182,120.6663303 31.41703449,120.6663607 31.41702717,120.6663911 31.41701986,120.6664214 31.41701255,120.6664518 31.41700523,120.6664822 31.4169979,120.6665125 31.41699053,120.6665429 31.41698324,120.6665733 31.41697587,120.6666036 31.41696852,120.666634 31.41696119,120.6666644 31.41695381,120.6666947 31.4169465,120.6667251 31.4169392,120.6667555 31.41693189,120.6667859 31.41692457,120.6668162 31.41691725,120.6668466 31.4169099,120.666877 31.41690253,120.6669073 31.41689524,120.6669377 31.41688795,120.6669681 31.41688064,120.6669985 31.41687335,120.6670289 31.41686608,120.6670593 31.41685884,120.6670897 31.41685154,120.6671201 31.41684439,120.6671505 31.41683713,120.6671809 31.41683005,120.6672114 31.4168229,120.6672418 31.41681574,120.6672722 31.41680869,120.6673027 31.41680153,120.6673331 31.41679429,120.6673635 31.416787,120.6673939 31.41677989,120.6674244 31.41677287,120.6674547 31.41676519,120.6674849 31.41675748,120.6675152 31.41674989,120.6675454 31.41674201,120.6675755 31.4167338,120.6676055 31.41672543,120.6676353 31.41671665,120.6676652 31.4167079,120.667695 31.41669913,120.6677249 31.41669051,120.6677549 31.41668201,120.6677849 31.41667376,120.6678149 31.41666536,120.6678451 31.41665753,120.6678752 31.41664945,120.6679055 31.41664174,120.6679356 31.41663381,120.6679659 31.41662615,120.6679962 31.41661861,120.6680264 31.41661097,120.6680568 31.41660366,120.6680871 31.4165963,120.6681175 31.41658903,120.668148 31.41658183,120.6681783 31.41657453,120.6682087 31.4165673,120.6682391 31.41655999,120.6682695 31.41655267,120.6682999 31.41654548,120.6683303 31.41653828,120.6683607 31.41653113,120.6683912 31.41652401,120.6684216 31.41651683,120.668452 31.41650968,120.6684824 31.41650239,120.6685128 31.41649526,120.6685433 31.41648816,120.6685737 31.41648107,120.6686042 31.41647404,120.6686346 31.416467,120.6686651 31.41645979,120.6686954 31.41645249,120.6687258 31.41644532,120.6687562 31.41643789,)
35:LineString(120.666147 31.417051,120.6661774 31.41704379,120.6662079 31.41703668,120.6662383 31.41702951,120.6662687 31.41702225,120.666299 31.41701473,120.6663293 31.41700722,120.6663597 31.41699979,120.66639 31.4169924,120.6664204 31.41698499,120.6664507 31.4169775,120.666481 31.41696994,120.6665113 31.41696244,120.6665416 31.41695488,120.6665719 31.41694742,120.6666022 31.41694003,120.6666326 31.41693258,120.666663 31.41692532,120.6666933 31.41691794,120.6667237 31.41691076,120.6667541 31.41690347,120.6667845 31.41689628,120.6668149 31.41688898,120.6668452 31.41688157,120.6668756 31.41687418,120.6669059 31.41686679,120.6669363 31.41685929,120.6669666 31.41685186,120.666997 31.41684451,120.6670273 31.41683711,120.6670577 31.41682982,120.6670881 31.41682249,120.6671185 31.41681536,120.6671488 31.41680796,120.6671792 31.41680072,120.6672096 31.41679328,120.66724 31.41678608,120.6672704 31.41677885,120.6673008 31.41677158,120.6673311 31.41676419,120.6673615 31.41675694,120.6673919 31.41674951,120.6674222 31.41674201,120.6674524 31.41673433,120.6674827 31.41672676,120.6675128 31.41671876,120.667543 31.41671068,120.6675729 31.41670226,120.6676031 31.41669447,120.667633 31.41668574,120.6676633 31.41667802,120.6676929 31.41666886,120.6677237 31.41666291,120.6677531 31.41665325,)
36:LineString(120.6677031 31.41666569,120.6677331 31.4166573,120.667763 31.41664881,120.667793 31.41664043,120.6678231 31.41663224,120.6678533 31.4166243,120.6678834 31.41661624,120.6679137 31.41660869,120.6679441 31.4166016,)
37:LineString(120.6677509 31.41673508,120.6677813 31.41672789,120.6678118 31.41672085,120.6678423 31.4167139,120.6678727 31.41670666,120.6679031 31.41669947,120.6679335 31.41669229,120.6679639 31.41668511,120.6679943 31.41667785,120.6680247 31.41667053,120.668055 31.41666309,120.6680854 31.41665571,120.6681158 31.41664837,120.6681461 31.41664103,120.6681765 31.41663366,120.6682069 31.4166266,120.6682372 31.41661916,120.6682681 31.4166135,120.6682987 31.41660676,120.6683289 31.41659892,120.6683589 31.41659078,120.6683891 31.41658294,120.6684193 31.41657527,120.6684496 31.41656746,120.6684799 31.41656001,120.6685102 31.41655258,120.6685406 31.41654523,120.6685709 31.41653752,120.6686011 31.41653008,120.6686313 31.41652241,120.6686616 31.41651486,120.6686921 31.41650773,120.6687224 31.4165003,120.6687528 31.41649324,120.6687831 31.41648577,)
38:LineString(120.6692981 31.41662223,120.6693063 31.41664837,120.6693144 31.41667452,120.6693228 31.41670061,120.669331 31.41672672,120.6693393 31.41675283,120.6693479 31.41677887,120.6693565 31.41680489,120.6693652 31.4168309,120.6693738 31.41685693,120.6693826 31.41688289,120.6693917 31.41690878,120.669401 31.41693464,120.6694102 31.41696055,120.6694187 31.41698655,120.6694282 31.41701231,120.6694374 31.41703822,120.6694465 31.41706411,120.6694558 31.41708997,120.6694647 31.41711593,120.669474 31.41714176,120.6694829 31.41716772,120.6694921 31.41719361,120.6695012 31.4172195,120.6695103 31.41724541,120.6695194 31.41727132,120.6695287 31.41729718,120.6695379 31.41732305,120.6695471 31.41734893,120.6695562 31.41737484,120.6695655 31.4174007,120.6695745 31.41742664,120.6695835 31.41745255,120.6695926 31.41747845,120.6696017 31.41750437,120.6696106 31.41753032,120.6696197 31.41755625,120.6696287 31.41758216,120.6696378 31.41760807,120.6696468 31.417634,120.6696558 31.41765993,120.669665 31.41768583,120.6696741 31.41771171,120.6696832 31.41773763,120.6696922 31.41776356,120.6697014 31.41778944,120.6697105 31.41781535,120.6697195 31.41784127,120.6697287 31.41786715,120.6697377 31.41789308,120.6697468 31.417919,120.6697559 31.4179449,120.6697651 31.41797079,120.6697742 31.4179967,120.6697832 31.41802263,120.6697922 31.41804855,120.6698013 31.41807446,120.6698104 31.41810037,120.6698195 31.41812628,120.6698286 31.41815219,120.6698378 31.41817807,120.6698468 31.41820399,120.6698561 31.41822986,120.6698652 31.41825575,120.6698743 31.41828166,120.6698836 31.41830752,120.6698927 31.41833343,120.6699017 31.41835936,120.6699108 31.41838526,120.6699198 31.41841118,120.6699288 31.41843713,120.6699379 31.41846304,120.669947 31.41848892,120.669956 31.41851486,120.6699652 31.41854076,120.6699741 31.41856671,120.6699833 31.41859258,120.6699924 31.41861848,120.6700015 31.41864439,120.6700107 31.41867027,120.6700198 31.41869618,120.6700289 31.41872209,120.670038 31.41874799,120.6700472 31.41877389,120.6700563 31.4187998,120.6700653 31.41882572,120.6700744 31.41885162,120.6700835 31.41887753,120.6700926 31.41890345,120.6701017 31.41892935,120.6701107 31.41895527,120.6701199 31.41898117,120.6701289 31.41900709,120.670138 31.41903299,120.6701471 31.41905891,120.6701562 31.41908482,120.6701652 31.41911074,120.6701743 31.41913665,120.6701835 31.41916253,120.6701925 31.41918847,120.6702017 31.41921436,120.6702107 31.41924027,)
39:LineString(120.6692611 31.41663425,120.6692691 31.41666043,120.6692775 31.41668649,120.6692862 31.4167125,120.6692946 31.41673859,120.6693031 31.41676465,120.6693118 31.41679066,120.6693204 31.4168167,120.669329 31.41684272,120.6693375 31.41686876,120.6693465 31.41689469,120.6693553 31.41692063,120.6693651 31.41694626,120.6693734 31.41697231,120.6693829 31.41699803,120.6693917 31.417024,120.669401 31.41704987,120.66941 31.41707577,120.6694193 31.41710163,120.6694281 31.41712762,120.6694375 31.41715345,120.6694462 31.41717942,120.6694555 31.41720527,120.6694647 31.41723116,120.6694738 31.41725705,120.669483 31.41728294,120.6694923 31.41730879,120.6695016 31.41733465,120.6695107 31.41736056,120.6695198 31.41738647,120.669529 31.41741233,120.6695381 31.41743825,120.6695472 31.41746415,120.6695563 31.41749007,120.6695652 31.41751601,120.6695741 31.41754198,120.6695833 31.41756785,120.6695924 31.41759375,120.6696017 31.41761961,120.6696108 31.41764553,120.6696199 31.41767143,120.6696291 31.41769731,120.6696383 31.4177232,120.6696474 31.4177491,120.6696562 31.41777507,120.6696655 31.41780093,120.6696746 31.41782683,120.6696836 31.41785277,120.6696928 31.41787864,120.6697017 31.41790461,120.6697107 31.41793053,120.6697199 31.4179564,120.6697292 31.41798228,120.6697383 31.41800819,120.6697472 31.41803413,120.6697563 31.41806004,120.6697653 31.41808596,120.6697744 31.41811188,120.6697835 31.41813778,120.6697925 31.41816373,120.6698017 31.41818961,120.6698108 31.41821552,120.66982 31.41824138,120.6698291 31.41826728,120.6698382 31.4182932,120.6698474 31.41831907,120.6698565 31.418345,120.6698657 31.41837086,120.6698749 31.41839675,120.6698839 31.41842268,120.6698928 31.41844864,120.669902 31.41847452,120.6699113 31.41850038,120.6699202 31.41852632,120.6699294 31.4185522,120.6699383 31.41857816,120.6699475 31.41860403,120.6699567 31.41862993,120.6699657 31.41865585,120.6699748 31.41868175,120.6699838 31.41870768,120.6699928 31.41873362,120.6700019 31.41875953,120.670011 31.41878544,120.67002 31.41881136,120.670029 31.4188373,120.6700381 31.41886321,120.6700472 31.41888912,120.6700563 31.41891503,120.6700653 31.41894095,120.6700743 31.41896688,120.6700835 31.41899278,120.6700924 31.41901872,120.6701015 31.41904463,120.6701105 31.41907057,120.6701196 31.41909648,120.6701286 31.4191224,120.6701378 31.41914829,120.6701469 31.4191742,120.6701561 31.41920009,120.6701654 31.41922594,120.6701744 31.41925187,)
40:LineString(120.6693395 31.41662793,120.6693477 31.41665407,120.669357 31.41667989,120.6693655 31.41670593,120.6693743 31.41673193,120.6693828 31.41675798,120.6693914 31.41678401,120.6693999 31.41681006,120.6694085 31.41683608,120.6694172 31.41686209,120.6694255 31.41688821,120.6694348 31.41691404,120.6694431 31.4169401,120.6694522 31.41696599,120.6694612 31.41699193,120.6694702 31.41701784,120.6694795 31.41704371,120.6694886 31.41706962,120.6694979 31.41709545,120.6695069 31.41712139,120.6695162 31.41714725,120.6695255 31.41717309,120.6695347 31.41719899,120.669544 31.41722482,120.6695531 31.41725073,120.6695625 31.41727657,120.6695718 31.41730242,120.6695811 31.41732827,120.6695902 31.41735417,120.6695996 31.41737999,120.6696087 31.41740591,120.6696178 31.41743182,120.6696271 31.41745767,120.669636 31.41748361,120.6696452 31.4175095,120.6696542 31.41753542,120.6696632 31.41756135,120.6696722 31.41758728,120.669681 31.41761328,120.6696899 31.41763922,120.6696988 31.41766518,120.6697079 31.41769109,120.669717 31.417717,120.669726 31.41774292,120.6697353 31.41776878,120.6697448 31.41779459,120.6697542 31.41782041,120.6697637 31.41784621,120.6697731 31.41787205,120.6697821 31.41789799,120.669791 31.41792394,120.6697998 31.41794992,120.6698085 31.41797594,120.6698174 31.41800189,120.6698264 31.41802783,120.6698353 31.41805378,120.6698443 31.41807971,120.6698533 31.41810563,120.6698624 31.41813155,120.6698717 31.41815739,120.6698808 31.41818331,120.6698899 31.41820923,120.6698989 31.41823514,120.6699081 31.41826103,120.6699171 31.41828696,120.6699262 31.41831286,120.6699351 31.41833882,120.669944 31.41836478,120.6699531 31.41839069,120.669962 31.41841663,120.6699712 31.41844253,120.6699802 31.41846845,120.6699893 31.41849437,120.6699984 31.41852027,120.6700074 31.41854619,120.6700166 31.41857209,120.6700256 31.41859801,120.6700347 31.41862393,120.6700437 31.41864985,120.6700529 31.41867573,120.6700619 31.41870165,120.670071 31.41872756,120.6700802 31.41875346,120.6700893 31.41877935,120.6700985 31.41880523,120.6701077 31.41883111,120.670117 31.41885697,120.6701263 31.41888284,120.6701354 31.41890873,120.6701447 31.41893459,120.6701538 31.4189605,120.6701629 31.41898641,120.6701721 31.41901229,120.6701812 31.41903819,120.6701903 31.41906411,120.6701994 31.41909001,120.6702084 31.41911593,120.6702177 31.4191418,120.6702266 31.41916774,120.6702357 31.41919365,120.670245 31.41921951,)
41:LineString(120.6702144 31.41924838,120.6702235 31.41927429,120.6702325 31.41930021,120.6702416 31.41932613,120.6702507 31.41935205,120.6702597 31.41937797,120.6702688 31.41940389,120.6702778 31.4194298,120.6702869 31.41945572,120.670296 31.41948163,120.6703052 31.41950751,120.6703143 31.4195334,120.6703234 31.41955932,120.6703325 31.41958524,120.6703415 31.41961117,120.6703504 31.41963711,120.6703595 31.41966303,120.6703686 31.41968894,120.6703776 31.41971487,120.6703866 31.41974079,120.6703957 31.41976671,120.6704048 31.41979262,120.6704138 31.41981855,120.670423 31.41984443,120.6704321 31.41987034,120.6704413 31.41989623,120.6704504 31.41992212,120.6704595 31.41994802,120.6704686 31.41997393,120.670478 31.41999976,120.6704871 31.42002567,120.6704962 31.42005157,120.6705053 31.42007748,120.6705144 31.42010339,120.6705236 31.42012928,120.6705326 31.42015521,120.6705417 31.42018111,120.6705508 31.42020703,120.6705598 31.42023295,120.6705689 31.42025887,120.6705779 31.4202848,120.6705869 31.42031072,120.6705961 31.42033662,120.670605 31.42036256,120.6706142 31.42038846,120.6706233 31.42041435,120.6706325 31.42044025,120.6706416 31.42046614,120.6706506 31.42049208,120.67066 31.4205179,120.6706691 31.42054382,120.6706782 31.42056971,120.6706873 31.42059563,120.6706964 31.42062153,120.6707054 31.42064746,120.6707145 31.42067337,120.6707237 31.42069925,120.6707328 31.42072517,120.6707418 31.42075108,120.6707509 31.42077699,120.67076 31.42080291,120.6707691 31.42082881,120.6707782 31.42085472,120.6707873 31.42088063,120.6707964 31.42090653,120.6708056 31.42093241,120.6708149 31.42095829,120.670824 31.42098418,120.670833 31.42101012,120.6708422 31.42103599,120.6708512 31.42106192,120.6708603 31.42108783,120.6708694 31.42111374,120.6708785 31.42113964,120.6708877 31.42116554,120.6708968 31.42119145,120.6709059 31.42121734,120.6709149 31.42124328,120.6709242 31.42126914,120.6709332 31.42129506,120.6709424 31.42132096,120.6709516 31.42134684,120.6709607 31.42137274,120.6709697 31.42139866,120.6709788 31.42142457,120.6709878 31.42145051,120.6709968 31.42147643,120.671006 31.42150234,120.6710151 31.42152824,120.6710241 31.42155417,120.6710331 31.42158009,120.6710422 31.42160601,120.6710512 31.42163194,120.6710602 31.42165787,120.6710695 31.42168373,120.6710785 31.42170965,120.6710877 31.42173553,120.6710968 31.42176145,120.6711058 31.42178737,120.6711152 31.42181321,120.6711241 31.42183915,120.6711332 31.42186507,120.6711423 31.42189098,120.6711514 31.42191688,120.6711605 31.42194279,120.6711696 31.42196869,120.6711787 31.42199459,120.6711878 31.42202052,120.6711969 31.42204642,120.6712059 31.42207235,120.6712151 31.42209824,120.6712243 31.42212412,120.6712334 31.42215002,120.6712425 31.42217592,120.6712516 31.42220185,120.6712605 31.42222779,120.6712698 31.42225364,120.6712788 31.42227958,120.6712879 31.4223055,120.671297 31.42233141,120.671306 31.42235733,120.6713151 31.42238323,120.6713241 31.42240915,120.6713335 31.42243501,120.6713425 31.42246092,120.6713517 31.42248682,120.6713609 31.4225127,120.67137 31.4225386,120.6713791 31.42256452,120.6713883 31.4225904,120.6713973 31.42261633,120.6714063 31.42264225,120.6714154 31.42266816,120.6714245 31.42269406,120.6714336 31.42271997,120.6714428 31.42274586,120.6714519 31.42277176,120.6714609 31.42279769,120.6714702 31.42282356,120.6714791 31.4228495,120.6714882 31.42287542,120.6714973 31.42290133,120.6715063 31.42292725,120.6715154 31.42295316,120.6715246 31.42297903,120.671534 31.42300487,120.6715431 31.42303078,120.6715526 31.42305659,120.6715615 31.42308255,120.6715705 31.42310848,120.6715795 31.42313441,120.6715885 31.42316033,120.6715976 31.42318624,120.6716068 31.42321213,120.6716159 31.42323803,120.6716251 31.4232639,120.6716343 31.42328979,120.6716433 31.42331574,120.6716525 31.4233416,120.6716614 31.42336756,120.6716704 31.4233935,120.6716794 31.42341942,120.6716886 31.42344531,120.6716976 31.42347124,120.6717068 31.42349711,120.6717158 31.42352306,120.6717249 31.42354896,120.6717342 31.42357481,120.6717432 31.42360076,120.6717522 31.42362668,120.6717613 31.42365259,120.6717705 31.42367847,120.6717797 31.42370436,120.6717887 31.42373028,120.671798 31.42375615,120.6718069 31.42378209,120.6718159 31.42380804,120.6718249 31.42383396,120.671834 31.42385988,120.671843 31.4238858,120.6718523 31.42391167,120.6718615 31.42393753,120.6718707 31.42396343,120.6718798 31.42398933,120.6718888 31.42401527,120.671898 31.42404115,120.6719069 31.4240671,120.6719159 31.42409303,120.671925 31.42411896,120.671934 31.42414487,120.6719431 31.42417077,120.6719524 31.42419663,120.6719617 31.42422249,120.6719707 31.42424842,120.6719801 31.42427426,120.671989 31.4243002,120.6719981 31.42432612,120.6720072 31.42435203,120.6720163 31.42437795,120.6720254 31.42440385,120.6720345 31.42442974,120.6720437 31.42445562,120.6720529 31.4244815,120.672062 31.42450741,120.6720711 31.42453333,120.6720801 31.42455925,120.6720892 31.42458517,120.6720982 31.42461109,120.6721074 31.42463699,120.6721165 31.4246629,120.6721256 31.42468879,120.6721348 31.42471468,120.6721439 31.42474057,120.6721529 31.42476651,120.6721619 31.42479246,120.6721709 31.42481838,120.67218 31.4248443,120.6721891 31.42487019,120.6721983 31.42489609,120.6722073 31.42492202,120.6722164 31.42494792,120.6722255 31.42497382,120.6722344 31.42499979,120.6722437 31.42502563,120.6722527 31.42505156,120.6722619 31.42507746,120.6722712 31.42510332,120.6722803 31.42512922,120.6722893 31.42515514,120.6722986 31.425181,120.6723075 31.42520695,120.6723166 31.42523288,120.6723256 31.4252588,120.6723346 31.42528473,120.6723437 31.42531065,120.6723529 31.42533653,120.6723622 31.42536239,120.6723714 31.42538826,120.6723806 31.42541415,120.6723895 31.42544009,120.6723988 31.42546595,120.6724077 31.42549191,120.6724167 31.42551783,120.6724258 31.42554376,120.6724348 31.42556968,120.6724439 31.42559558,120.672453 31.4256215,120.6724621 31.42564741,120.6724712 31.42567332,120.6724802 31.42569924,120.6724895 31.42572511,120.6724987 31.42575098,120.6725079 31.42577685,120.672517 31.42580276,120.6725261 31.42582867,120.6725352 31.42585459,120.6725441 31.42588054,120.6725532 31.42590644,120.6725622 31.42593238,120.6725712 31.42595831,120.6725804 31.4259842,120.6725896 31.42601007,120.6725988 31.42603596,120.6726079 31.42606187,120.6726169 31.4260878,120.6726261 31.42611369,120.672635 31.42613963,120.6726441 31.42616555,120.6726532 31.42619144,120.6726624 31.42621735,120.6726717 31.4262432,120.6726809 31.42626906,120.6726901 31.42629495,120.6726991 31.42632089,120.6727083 31.42634676,120.6727173 31.42637271,120.6727263 31.42639864,120.6727353 31.42642456,120.6727445 31.42645045,120.6727536 31.42647634,120.6727628 31.42650225,120.672772 31.42652811,120.6727812 31.42655399,120.6727902 31.42657994,120.6727992 31.42660587,120.6728082 31.4266318,120.6728172 31.42665773,120.6728263 31.42668365,120.6728354 31.42670954,120.6728445 31.42673546,120.6728539 31.42676128,120.6728628 31.42678725,120.6728721 31.42681309,120.672881 31.42683905,120.67289 31.42686498,120.6728991 31.42689089,120.6729082 31.42691679,120.6729174 31.42694268,120.6729264 31.42696861,120.6729355 31.42699452,120.6729446 31.42702043,120.6729536 31.42704637,120.6729629 31.4270722,120.672972 31.42709813,120.6729811 31.42712404,120.6729901 31.42714995,120.6729992 31.42717587,120.6730083 31.42720178,120.6730174 31.42722768,120.6730265 31.4272536,120.6730356 31.42727951,120.6730447 31.42730541,120.6730539 31.42733129,120.6730631 31.42735717,120.6730722 31.42738309,120.6730814 31.42740897,120.6730904 31.42743488,120.6730995 31.42746079,120.6731086 31.42748671,120.6731178 31.42751259,120.6731268 31.42753852,120.673136 31.42756438,120.673145 31.42759033,120.6731541 31.42761624,120.6731636 31.42764203,120.6731728 31.42766793,120.6731817 31.42769389,120.6731907 31.42771982,120.6731997 31.42774575,120.6732087 31.42777167,120.6732178 31.42779759,120.6732269 31.42782349,120.6732359 31.42784942,120.6732449 31.42787534,120.6732541 31.42790123,120.6732632 31.42792714,120.6732724 31.42795302,120.6732814 31.42797895,120.6732906 31.42800482,120.6732997 31.42803073,120.6733089 31.42805662,120.6733182 31.42808247,120.6733272 31.4281084,120.6733363 31.42813431,120.6733454 31.42816022,120.6733545 31.42818611,120.6733636 31.42821203,120.6733727 31.42823795,120.6733817 31.42826387,120.6733907 31.4282898,120.6733999 31.42831568,120.6734089 31.42834161,120.673418 31.42836754,120.6734271 31.42839344,120.6734362 31.42841935,120.6734454 31.42844522,120.6734545 31.42847114,120.6734637 31.42849701,120.6734726 31.42852296,120.6734818 31.42854885,120.6734909 31.42857475,120.6735 31.42860066,120.6735091 31.42862656,120.6735181 31.42865249,120.6735273 31.42867838,120.6735365 31.42870426,120.6735456 31.42873016,120.6735548 31.42875606,120.6735638 31.42878199,120.6735729 31.42880789,120.6735821 31.42883377,120.6735912 31.42885968,120.6736004 31.42888556,120.6736093 31.42891151,120.6736184 31.42893742,120.6736276 31.42896332,120.6736366 31.42898924,120.6736458 31.42901514,120.6736547 31.42904109,120.6736638 31.42906698,120.673673 31.42909287,120.6736821 31.42911878,120.6736913 31.42914467,120.6737002 31.42917062,120.6737094 31.4291965,120.6737185 31.4292224,120.6737277 31.42924829,120.6737368 31.4292742,120.6737458 31.42930013,120.6737549 31.42932604,120.673764 31.42935193,120.6737731 31.42937784,120.6737823 31.42940373,120.6737912 31.42942968,120.6738004 31.42945557,120.6738096 31.42948145,120.6738188 31.42950734,120.6738279 31.42953324,120.6738369 31.42955918,120.673846 31.42958507,120.6738552 31.42961097,120.6738644 31.42963685,120.6738735 31.42966275,120.6738825 31.42968867,120.6738917 31.42971457,120.6739009 31.42974045,120.67391 31.42976634,120.6739192 31.42979223,120.6739282 31.42981818,120.6739373 31.42984408,120.6739464 31.42986999,120.6739554 31.4298959,120.6739646 31.4299218,120.6739736 31.42994774,120.6739827 31.42997365,120.6739917 31.42999956,120.674001 31.43002543,120.67401 31.43005135,120.674019 31.43007728,120.6740281 31.43010321,120.6740372 31.4301291,120.6740463 31.43015502,120.6740553 31.43018095,120.6740643 31.43020689,120.6740736 31.43023273,120.6740826 31.43025867,120.6740916 31.43028461,120.6741005 31.43031056,120.6741094 31.43033652,120.6741184 31.43036244,120.6741273 31.43038841,120.6741361 31.43041439,120.6741449 31.43044036,120.6741537 31.43046635,120.6741625 31.43049233,120.6741714 31.43051829,120.6741802 31.43054426,120.6741891 31.43057021,120.6741979 31.43059621,120.6742068 31.43062216,120.674216 31.43064804,120.6742249 31.43067401,120.6742335 31.43070003,120.6742422 31.43072605,120.6742508 31.43075207,120.6742595 31.43077809,120.6742681 31.43080413,120.6742766 31.43083017,120.6742851 31.43085622,120.6742937 31.43088228,120.6743021 31.43090834,120.6743109 31.43093431,120.6743195 31.43096035,120.6743275 31.43098642,120.6743362 31.43101239,120.674345 31.43103839,120.6743538 31.43106434,120.6743632 31.43109025,120.6743713 31.43111641,120.6743809 31.43114204,120.6743889 31.43116799,120.6743981 31.43119369,120.6744065 31.43121979,120.6744149 31.4312459,120.6744235 31.43127178,120.6744316 31.43129786,120.6744399 31.43132394,120.6744491 31.43135001,120.6744566 31.43137583,120.6744664 31.43140163,120.6744743 31.43142703,120.6744829 31.431453,120.6744918 31.43147893,120.6744995 31.43150514,120.6745084 31.43153099,120.6745163 31.43155714,120.6745245 31.43158328,120.6745329 31.43160935,120.6745411 31.43163546,120.6745493 31.43166153,120.6745581 31.43168751,120.6745665 31.4317136,120.6745748 31.43173968,120.674583 31.4317658,120.6745913 31.4317919,120.6745996 31.43181801,120.6746079 31.43184412,120.674616 31.43187026,120.6746242 31.43189638,120.6746324 31.4319225,120.6746407 31.43194859,120.6746489 31.43197473,120.674657 31.43200087,120.6746651 31.43202702,120.6746733 31.43205314,120.6746816 31.43207925,120.67469 31.43210533,120.6746982 31.43213146,120.6747064 31.43215758,120.6747145 31.43218372,120.6747229 31.4322098,120.674731 31.43223597,120.6747389 31.43226216,120.674747 31.4322883,120.6747548 31.4323145,120.6747629 31.43234064,120.674771 31.43236681,120.674779 31.43239296,120.674787 31.43241915,120.674795 31.43244532,120.6748031 31.43247146,120.6748113 31.4324976,120.6748193 31.43252377,120.6748272 31.43254996,120.6748352 31.43257613,120.6748432 31.4326023,120.6748512 31.43262847,120.6748591 31.43265467,120.674867 31.43268087,120.6748749 31.43270707,120.6748829 31.43273324,120.6748908 31.43275944,120.6748987 31.43278563,120.6749065 31.43281186,120.6749144 31.43283804,120.6749223 31.43286423,120.6749301 31.43289044,120.674938 31.43291665,120.6749457 31.43294288,120.6749536 31.43296908,120.6749614 31.43299529,120.6749692 31.43302153,120.674977 31.43304773,120.6749846 31.43307399,120.6749924 31.4331002,120.6750002 31.43312642,120.6750078 31.43315268,120.6750156 31.43317889,120.6750231 31.43320517,120.6750308 31.4332314,120.6750386 31.43325763,120.6750463 31.43328387,120.675054 31.43331011,120.6750615 31.43333639,120.6750691 31.43336265,120.6750768 31.43338889,120.6750846 31.4334151,120.6750923 31.43344135,120.6750996 31.43346768,120.6751078 31.43349379,120.6751155 31.43352004,120.6751226 31.43354642,120.67513 31.43357271,120.6751374 31.43359902,120.6751448 31.43362532,120.6751522 31.43365161,120.6751596 31.43367791,120.675167 31.43370421,120.6751744 31.43373052,120.6751818 31.43375682,120.6751893 31.4337831,120.6751968 31.43380939,120.6752041 31.43383572,120.6752116 31.43386196,120.6752188 31.43388829,120.6752265 31.43391451,120.6752339 31.43394081,120.6752412 31.43396714,120.6752485 31.43399347,120.6752556 31.43401981,120.6752631 31.43404611,120.6752704 31.43407242,120.6752777 31.43409875,120.6752849 31.43412509,120.6752921 31.43415143,120.6752995 31.43417774,120.6753068 31.43420406,120.6753141 31.43423039,120.6753212 31.43425675,120.6753284 31.43428308,120.6753357 31.43430941,120.675343 31.43433573,120.6753503 31.43436207,120.6753573 31.43438845,120.6753646 31.43441476,120.6753718 31.4344411,120.675379 31.43446745,120.6753862 31.4344938,120.6753931 31.43452019,120.6754003 31.43454654,120.6754075 31.43457289,120.6754146 31.43459925,120.6754216 31.43462562,120.6754286 31.43465201,120.6754355 31.43467841,120.6754427 31.43470476,120.6754497 31.43473113,120.6754568 31.43475751,120.6754636 31.43478392,120.6754708 31.43481027,120.675478 31.43483661,120.675485 31.434863,120.6754919 31.4348894,120.6754988 31.43491581,120.6755056 31.43494222,120.6755126 31.43496861,120.6755195 31.43499499,120.6755264 31.4350214,120.6755332 31.43504782,120.6755401 31.43507424,120.6755472 31.43510059,120.6755542 31.43512698,120.6755612 31.43515335,120.6755679 31.4351798,120.6755746 31.43520624,120.6755817 31.4352326,120.6755883 31.43525906,120.6755952 31.43528547,120.6756017 31.43531193,120.6756084 31.43533838,120.675615 31.43536483,120.675622 31.43539122,120.6756289 31.43541763,120.6756353 31.43544411,120.6756421 31.43547052,120.6756487 31.43549699,120.6756551 31.43552348,120.675662 31.43554988,120.6756686 31.43557634,120.6756753 31.43560279,120.6756818 31.43562925,120.6756885 31.43565569,120.6756952 31.43568214,120.6757019 31.43570858,120.6757085 31.43573504,120.6757151 31.4357615,120.6757217 31.43578795,120.6757283 31.43581441,120.675735 31.43584084,120.6757417 31.43586729,)
42:LineString(120.6701784 31.41925789,120.6701872 31.41928388,120.6701961 31.41930983,120.6702051 31.41933579,120.670214 31.41936174,120.6702229 31.41938769,120.6702319 31.41941363,120.6702409 31.41943957,120.6702499 31.41946549,120.670259 31.41949139,120.6702684 31.41951722,120.6702777 31.41954309,120.6702868 31.41956899,120.6702957 31.41959494,120.6703048 31.41962085,120.6703136 31.41964683,120.6703227 31.41967274,120.6703319 31.41969863,120.6703409 31.41972455,120.6703499 31.41975049,120.6703589 31.41977642,120.670368 31.41980232,120.6703769 31.41982829,120.6703863 31.41985412,120.6703953 31.41988005,120.6704045 31.41990594,120.6704136 31.41993185,120.6704225 31.41995778,120.6704316 31.4199837,120.670441 31.42000953,120.6704501 31.42003544,120.6704592 31.42006134,120.6704683 31.42008726,120.6704773 31.42011318,120.6704863 31.42013911,120.6704954 31.42016502,120.6705048 31.42019085,120.6705138 31.42021678,120.6705228 31.42024271,120.6705318 31.42026866,120.6705408 31.42029459,120.6705498 31.42032052,120.6705589 31.42034642,120.670568 31.42037233,120.6705771 31.42039825,120.6705862 31.42042415,120.6705952 31.42045008,120.6706044 31.42047596,120.6706133 31.42050191,120.6706226 31.42052776,120.6706318 31.42055364,120.6706411 31.42057949,120.6706503 31.42060539,120.6706594 31.4206313,120.6706684 31.42065723,120.6706773 31.42068318,120.6706867 31.42070899,120.6706957 31.42073493,120.6707048 31.42076086,120.6707138 31.42078679,120.6707228 31.42081272,120.6707319 31.42083863,120.6707408 31.42086457,120.6707499 31.42089048,120.6707591 31.42091636,120.6707685 31.42094219,120.6707779 31.42096804,120.670787 31.42099394,120.6707959 31.4210199,120.6708053 31.42104572,120.6708141 31.4210717,120.6708231 31.42109762,120.6708322 31.42112353,120.6708413 31.42114944,120.6708504 31.42117535,120.6708594 31.42120128,120.6708686 31.42122717,120.6708774 31.42125316,120.6708868 31.42127898,120.6708958 31.42130492,120.670905 31.42133079,120.6709142 31.42135666,120.6709234 31.42138255,120.6709324 31.42140849,120.6709414 31.42143442,120.6709504 31.42146035,120.6709594 31.42148629,120.6709687 31.42151215,120.6709779 31.42153802,120.6709869 31.42156395,120.6709959 31.42158988,120.671005 31.42161579,120.6710141 31.42164171,120.6710229 31.42166768,120.6710325 31.42169346,120.6710416 31.42171936,120.671051 31.4217452,120.67106 31.42177112,120.671069 31.42179705,120.6710785 31.42182282,120.6710873 31.42184882,120.6710963 31.42187475,120.6711055 31.42190063,120.6711148 31.42192651,120.6711239 31.42195241,120.6711331 31.42197829,120.6711422 31.42200419,120.6711512 31.42203013,120.6711603 31.42205602,120.6711693 31.42208197,120.6711784 31.42210787,120.6711876 31.42213374,120.6711967 31.42215965,120.6712057 31.42218558,120.6712148 31.4222115,120.6712236 31.42223748,120.6712329 31.42226333,120.671242 31.42228925,120.671251 31.42231517,120.6712601 31.42234109,120.6712691 31.42236702,120.6712781 31.42239294,120.6712871 31.42241888,120.6712963 31.42244478,120.6713054 31.42247067,120.6713147 31.42249652,120.6713241 31.42252236,120.6713333 31.42254823,120.6713424 31.42257416,120.6713513 31.4226001,120.6713605 31.42262599,120.6713694 31.42265194,120.6713784 31.42267786,120.6713876 31.42270375,120.6713968 31.42272965,120.6714061 31.4227555,120.6714153 31.42278137,120.6714241 31.42280735,120.6714336 31.42283315,120.6714424 31.42285914,120.6714514 31.42288508,120.6714604 31.42291101,120.6714694 31.42293693,120.6714784 31.42296285,120.6714878 31.42298868,120.6714974 31.42301446,120.6715066 31.42304035,120.6715164 31.42306605,120.6715251 31.42309206,120.671534 31.42311801,120.671543 31.42314396,120.671552 31.42316989,120.671561 31.42319581,120.6715702 31.4232217,120.6715793 31.4232476,120.6715886 31.42327347,120.6715977 31.42329938,120.6716065 31.42332534,120.6716157 31.42335122,120.6716245 31.42337721,120.6716334 31.42340316,120.6716424 31.42342909,120.6716517 31.42345496,120.6716608 31.42348088,120.67167 31.42350676,120.6716792 31.42353263,120.6716881 31.42355858,120.6716978 31.4235843,120.6717066 31.4236103,120.6717155 31.42363625,120.6717246 31.42366217,120.6717339 31.42368803,120.6717431 31.42371391,120.6717522 31.42373982,120.6717614 31.42376568,120.6717703 31.42379165,120.6717793 31.42381759,120.6717882 31.42384354,120.6717972 31.42386947,120.6718063 31.42389538,120.6718156 31.42392123,120.671825 31.42394706,120.6718342 31.42397295,120.6718433 31.42399885,120.6718521 31.42402483,120.6718614 31.42405069,120.6718702 31.42407667,120.6718791 31.42410262,120.6718881 31.42412856,120.6718972 31.42415448,120.6719062 31.4241804,120.6719156 31.42420623,120.6719249 31.42423209,120.6719338 31.42425803,120.6719432 31.42428388,120.671952 31.42430986,120.6719609 31.4243358,120.6719699 31.42436174,120.671979 31.42438767,120.6719881 31.42441357,120.6719975 31.4244394,120.672007 31.4244652,120.6720162 31.42449107,120.6720251 31.42451704,120.6720345 31.42454284,120.6720433 31.42456883,120.6720523 31.42459478,120.6720613 31.42462071,120.6720704 31.42464662,120.6720794 31.42467253,120.6720886 31.42469842,120.6720978 31.4247243,120.6721069 31.4247502,120.6721159 31.42477615,120.6721249 31.42480208,120.6721338 31.42482803,120.672143 31.42485393,120.6721522 31.42487979,120.6721614 31.42490568,120.6721705 31.4249316,120.6721796 31.42495751,120.6721887 31.42498339,120.6721974 31.42500942,120.6722069 31.42503521,120.6722157 31.42506119,120.6722248 31.4250871,120.6722341 31.42511296,120.6722431 31.4251389,120.6722521 31.42516481,120.6722612 31.42519072,120.6722699 31.42521674,120.672279 31.42524263,120.6722879 31.42526859,120.672297 31.42529451,120.6723061 31.42532041,120.6723155 31.42534625,120.672325 31.42537204,120.6723345 31.42539786,120.6723437 31.42542374,120.6723525 31.4254497,120.6723619 31.42547553,120.6723706 31.42550153,120.6723796 31.42552748,120.6723886 31.42555341,120.6723976 31.42557934,120.6724067 31.42560524,120.6724158 31.42563116,120.6724249 31.42565706,120.672434 31.42568298,120.672443 31.4257089,120.6724522 31.42573478,120.6724616 31.42576062,120.6724708 31.42578649,120.6724798 31.42581243,120.6724889 31.42583833,120.6724977 31.42586432,120.6725065 31.4258903,120.6725156 31.42591621,120.6725244 31.42594218,120.6725335 31.42596811,120.6725427 31.42599397,120.6725523 31.42601975,120.6725618 31.42604556,120.6725711 31.42607141,120.6725799 31.42609738,120.6725895 31.42612313,120.6725983 31.42614913,120.6726074 31.42617505,120.6726166 31.42620093,120.6726256 31.42622684,120.6726348 31.42625272,120.6726439 31.42627863,120.6726531 31.42630453,120.6726619 31.4263305,120.6726709 31.42635644,120.6726798 31.4263824,120.6726888 31.42640834,120.6726978 31.42643427,120.672707 31.42646014,120.6727163 31.426486,120.6727257 31.42651183,120.6727352 31.42653762,120.6727447 31.42656341,120.6727535 31.42658941,120.6727624 31.42661536,120.6727714 31.4266413,120.6727804 31.42666724,120.6727895 31.42669315,120.6727987 31.42671902,120.6728077 31.42674495,120.6728177 31.42677062,120.6728262 31.4267967,120.6728356 31.42682249,120.6728444 31.42684849,120.6728533 31.42687444,120.6728624 31.42690034,120.6728717 31.42692621,120.6728809 31.42695209,120.6728899 31.42697803,120.6728988 31.42700398,120.6729079 31.42702988,120.6729168 31.42705583,120.6729264 31.42708161,120.6729353 31.42710757,120.6729443 31.42713348,120.6729534 31.4271594,120.6729624 31.42718534,120.6729714 31.42721127,120.6729806 31.42723715,120.6729897 31.42726306,120.6729989 31.42728895,120.6730081 31.42731483,120.6730177 31.42734059,120.6730273 31.42736638,120.6730361 31.42739236,120.6730456 31.42741816,120.6730546 31.42744409,120.6730637 31.42746999,120.6730726 31.42749594,120.6730819 31.42752182,120.6730908 31.42754777,120.6731001 31.42757362,120.6731089 31.42759959,120.6731179 31.42762552,120.6731275 31.42765131,120.6731365 31.42767724,120.6731453 31.42770323,120.6731541 31.4277292,120.673163 31.42775517,120.673172 31.42778111,120.6731809 31.42780705,120.6731899 31.42783298,120.6731989 31.42785892,120.6732079 31.42788484,120.673217 31.42791073,120.6732263 31.42793659,120.6732354 31.4279625,120.6732447 31.42798836,120.6732535 31.42801433,120.6732628 31.42804018,120.6732722 31.42806602,120.6732814 31.42809191,120.6732906 31.42811777,120.6732994 31.42814375,120.6733085 31.42816967,120.6733177 31.42819555,120.6733266 31.42822151,120.6733357 31.42824741,120.6733446 31.42827336,120.6733536 31.42829929,120.6733629 31.42832515,120.6733719 31.42835108,120.6733811 31.42837697,120.6733901 31.42840291,120.6733994 31.42842875,120.6734089 31.42845456,120.6734181 31.42848044,120.6734273 31.42850632,120.6734361 31.42853231,120.6734453 31.42855819,120.6734544 31.42858409,120.6734636 31.42860997,120.6734727 31.42863587,120.6734817 31.42866181,120.6734909 31.42868771,120.6735001 31.42871359,120.6735091 31.42873951,120.6735183 31.42876539,120.6735273 31.42879133,120.6735365 31.4288172,120.6735459 31.42884304,120.6735551 31.42886891,120.6735643 31.42889479,120.6735732 31.42892075,120.6735824 31.42894664,120.6735916 31.42897253,120.6736007 31.42899844,120.6736097 31.42902436,120.6736187 31.42905031,120.6736277 31.42907623,120.6736369 31.42910211,120.673646 31.42912801,120.6736551 31.42915393,120.673664 31.42917987,120.6736732 31.42920574,120.6736824 31.42923165,120.6736913 31.42925761,120.6737003 31.42928353,120.6737092 31.42930948,120.6737182 31.42933541,120.6737275 31.42936129,120.6737365 31.42938721,120.6737455 31.42941313,120.6737545 31.42943908,120.6737637 31.42946495,120.673773 31.42949082,120.6737821 31.42951671,120.6737914 31.42954258,120.6738001 31.42956857,120.6738092 31.42959446,120.6738181 31.42962041,120.6738274 31.42964626,120.6738365 31.42967218,120.6738455 31.42969811,120.6738547 31.42972397,120.6738637 31.42974992,120.6738727 31.42977584,120.6738818 31.42980176,120.6738907 31.42982771,120.6738999 31.4298536,120.6739092 31.42987944,120.6739184 31.42990533,120.6739276 31.4299312,120.6739365 31.42995716,120.6739457 31.42998305,120.6739549 31.43000894,120.6739641 31.43003483,120.673973 31.43006076,120.673982 31.4300867,120.6739911 31.4301126,120.6740005 31.43013845,120.6740098 31.43016431,120.6740189 31.43019022,120.6740278 31.43021616,120.6740367 31.43024212,120.6740456 31.43026807,120.6740546 31.430294,120.6740634 31.43031998,120.6740722 31.43034596,120.6740817 31.43037178,120.6740902 31.43039783,120.6740989 31.43042383,120.6741076 31.43044984,120.6741162 31.43047582,120.6741249 31.43050181,120.6741338 31.43052779,120.6741425 31.43055378,120.6741513 31.43057972,120.6741601 31.43060568,120.6741695 31.43063151,120.6741792 31.43065727,120.6741881 31.43068323,120.6741967 31.43070927,120.6742053 31.43073529,120.6742139 31.43076133,120.6742225 31.43078734,120.6742311 31.43081337,120.6742397 31.43083942,120.6742482 31.43086549,120.6742567 31.43089154,120.6742653 31.43091756,120.6742746 31.43094341,120.674283 31.4309695,120.6742912 31.43099561,120.6742997 31.43102164,120.6743084 31.43104765,120.6743174 31.43107359,120.6743266 31.43109956,120.6743347 31.43112571,120.6743444 31.43115134,120.6743525 31.43117716,120.6743621 31.43120276,120.6743706 31.4312289,120.6743788 31.43125495,120.6743874 31.43128151,120.674395 31.431307,120.6744031 31.43133326,120.6744123 31.4313592,120.6744198 31.4313856,120.6744293 31.43140992,120.6744372 31.43143602,120.6744459 31.43146195,120.674455 31.43148786,120.6744627 31.43151404,120.6744716 31.43153991,120.6744796 31.43156604,120.6744877 31.4315922,120.6744961 31.43161826,120.6745041 31.43164443,120.6745124 31.43167048,120.6745211 31.4316965,120.6745296 31.43172258,120.6745379 31.43174867,120.6745461 31.43177481,120.6745542 31.43180094,120.6745627 31.43182698,120.6745709 31.43185308,120.6745787 31.43187927,120.6745868 31.4319054,120.6745948 31.43193157,120.6746031 31.43195769,120.6746113 31.43198381,120.6746193 31.43200998,120.6746274 31.43203613,120.6746357 31.43206223,120.674644 31.43208832,120.6746526 31.43211438,120.6746608 31.43214049,120.674669 31.43216659,120.6746773 31.4321927,120.6746859 31.43221871,120.674694 31.43224489,120.6747018 31.43227111,120.6747098 31.43229727,120.6747175 31.43232348,120.6747258 31.43234959,120.674734 31.43237573,120.6747421 31.43240187,120.67475 31.43242807,120.6747581 31.43245422,120.6747663 31.43248035,120.6747744 31.4325065,120.6747825 31.43253265,120.6747903 31.43255887,120.6747984 31.43258501,120.6748062 31.43261122,120.6748142 31.43263739,120.6748221 31.43266359,120.6748299 31.4326898,120.6748377 31.43271601,120.6748458 31.43274217,120.6748537 31.43276838,120.6748615 31.43279459,120.674869 31.43282086,120.6748769 31.43284706,120.6748848 31.43287325,120.6748927 31.43289944,120.6749006 31.43292565,120.6749083 31.4329519,120.6749162 31.43297807,120.6749241 31.43300427,120.6749317 31.43303052,120.6749396 31.4330567,120.6749471 31.43308297,120.674955 31.43310916,120.6749629 31.43313537,120.6749705 31.43316163,120.6749782 31.43318787,120.6749857 31.43321416,120.6749934 31.43324037,120.6750013 31.43326658,120.6750091 31.4332928,120.6750168 31.43331903,120.6750243 31.43334534,120.6750317 31.43337161,120.6750397 31.43339779,120.6750471 31.43342407,120.6750549 31.4334503,120.675062 31.43347666,120.6750707 31.43350268,120.6750783 31.43352896,120.6750849 31.43355542,120.6750923 31.43358173,120.6750995 31.43360805,120.6751069 31.43363436,120.6751143 31.43366066,120.6751218 31.43368697,120.6751291 31.43371338,120.6751365 31.43373955,120.6751439 31.4337659,120.6751517 31.43379191,120.6751593 31.43381824,120.6751666 31.43384464,120.675174 31.43387086,120.6751812 31.43389717,120.6751887 31.43392344,120.6751965 31.43394966,120.6752034 31.43397598,120.6752107 31.43400223,120.6752179 31.43402859,120.6752252 31.4340549,120.6752328 31.43408116,120.6752402 31.43410746,120.6752474 31.4341338,120.6752548 31.4341601,120.6752624 31.43418637,120.6752697 31.43421269,120.675277 31.43423901,120.6752839 31.43426541,120.6752913 31.43429171,120.6752987 31.43431803,120.675306 31.43434435,120.6753133 31.43437067,120.6753202 31.43439705,120.6753273 31.43442342,120.6753346 31.43444975,120.6753416 31.43447614,120.6753485 31.43450253,120.6753554 31.43452893,120.6753624 31.4345553,120.67537 31.43458157,120.6753772 31.43460791,120.6753842 31.43463429,120.6753913 31.43466066,120.6753982 31.43468706,120.6754054 31.43471339,120.6754128 31.43473969,120.6754194 31.43476613,120.6754266 31.43479247,120.6754336 31.43481885,120.6754409 31.43484518,120.675448 31.43487154,120.675455 31.43489791,120.6754617 31.43492435,120.6754685 31.43495075,120.6754755 31.43497714,120.6754824 31.43500354,120.6754892 31.43502996,120.675496 31.43505639,120.6755027 31.43508282,120.67551 31.43510915,120.675517 31.43513553,120.6755243 31.43516185,120.6755309 31.43518832,120.6755378 31.43521471,120.6755444 31.43524118,120.6755512 31.43526759,120.6755577 31.43529407,120.6755645 31.43532048,120.6755708 31.43534699,120.6755776 31.43537339,120.6755845 31.4353998,120.6755915 31.43542619,120.675598 31.43545267,120.6756047 31.43547911,120.675611 31.43550561,120.6756179 31.43553203,120.675625 31.43555839,120.6756314 31.4355849,120.675638 31.43561134,120.6756443 31.43563785,120.6756511 31.43566427,120.6756578 31.4356907,120.6756645 31.43571714,120.6756709 31.43574364,120.6756775 31.4357701,120.6756842 31.43579654,120.6756906 31.43582303,120.6756976 31.43584941,)
43:LineString(120.6702509 31.41923873,120.6702601 31.41926461,120.6702693 31.41929051,120.6702784 31.4193164,120.6702876 31.4193423,120.6702967 31.4193682,120.6703058 31.4193941,120.6703149 31.41942,120.6703241 31.4194459,120.6703332 31.41947179,120.6703425 31.41949764,120.6703518 31.41952352,120.6703609 31.41954942,120.67037 31.41957531,120.6703792 31.41960121,120.6703882 31.41962715,120.6703973 31.41965306,120.6704064 31.41967896,120.6704154 31.41970488,120.6704245 31.41973078,120.6704337 31.41975668,120.6704428 31.41978258,120.6704519 31.41980849,120.670461 31.41983439,120.67047 31.41986033,120.670479 31.41988625,120.6704882 31.41991215,120.6704972 31.41993806,120.6705064 31.41996394,120.6705155 31.41998985,120.6705247 31.42001575,120.6705338 31.42004165,120.670543 31.42006754,120.6705521 31.42009343,120.6705613 31.42011931,120.6705704 31.42014522,120.6705795 31.42017114,120.6705886 31.42019705,120.6705977 31.42022296,120.6706068 31.42024886,120.6706159 31.42027477,120.670625 31.42030068,120.670634 31.42032661,120.6706431 31.42035252,120.6706522 31.42037843,120.6706613 31.42040433,120.6706704 31.42043022,120.6706796 31.42045612,120.6706887 31.42048202,120.670698 31.42050788,120.6707068 31.42053386,120.6707157 31.42055981,120.6707247 31.42058575,120.670734 31.42061161,120.670743 31.42063754,120.6707522 31.42066342,120.6707612 31.42068934,120.6707703 31.42071524,120.6707795 31.42074114,120.6707887 31.42076702,120.6707978 31.42079292,120.670807 31.4208188,120.6708162 31.42084469,120.6708252 31.42087062,120.6708343 31.42089654,120.6708432 31.42092248,120.6708523 31.42094839,120.6708616 31.42097425,120.6708707 31.42100015,120.67088 31.42102601,120.6708892 31.4210519,120.6708983 31.42107779,120.6709074 31.4211037,120.6709165 31.42112961,120.6709257 31.4211555,120.6709348 31.42118141,120.670944 31.42120729,120.6709531 31.42123319,120.6709622 31.4212591,120.6709713 31.42128501,120.6709803 31.42131094,120.6709894 31.42133684,120.6709986 31.42136273,120.6710078 31.42138862,120.6710169 31.4214145,120.6710261 31.42144039,120.6710352 31.4214663,120.6710442 31.42149223,120.6710532 31.42151816,120.6710623 31.42154407,120.6710713 31.42157,120.6710804 31.42159591,120.6710894 31.42162186,120.6710985 31.42164776,120.6711074 31.42167372,120.6711164 31.42169966,120.6711253 31.4217256,120.6711344 31.42175151,120.6711435 31.42177742,120.6711525 31.42180335,120.6711617 31.42182925,120.6711707 31.42185516,120.6711798 31.42188108,120.6711889 31.42190698,120.671198 31.42193289,120.6712071 31.4219588,120.6712162 31.4219847,120.6712253 31.42201062,120.6712345 31.42203648,120.6712436 31.4220624,120.6712526 31.42208833,120.6712616 31.42211425,120.6712707 31.42214018,120.6712799 31.42216606,120.6712889 31.42219199,120.671298 31.4222179,120.6713072 31.42224378,120.6713161 31.42226973,120.6713252 31.42229564,120.6713343 31.42232153,120.6713435 31.42234742,120.6713527 31.42237332,120.6713618 31.42239921,120.671371 31.4224251,120.67138 31.42245102,120.671389 31.42247697,120.671398 31.42250289,120.6714071 31.4225288,120.6714163 31.42255468,120.6714254 31.4225806,120.6714346 31.42260648,120.6714437 31.42263238,120.6714528 31.42265829,120.6714618 31.42268423,120.6714708 31.42271015,120.6714798 31.42273608,120.6714889 31.42276199,120.6714981 31.42278789,120.671507 31.42281382,120.6715162 31.4228397,120.6715254 31.4228656,120.6715345 31.4228915,120.6715436 31.42291741,120.6715527 31.42294331,120.6715619 31.42296919,120.6715712 31.42299505,120.6715804 31.42302094,120.6715898 31.42304675,120.6715989 31.42307267,120.671608 31.42309856,120.6716172 31.42312446,120.6716263 31.42315036,120.6716354 31.42317627,120.6716445 31.42320218,120.6716536 31.42322808,120.6716628 31.42325397,120.671672 31.42327985,120.6716811 31.42330575,120.6716904 31.42333162,120.6716995 31.42335753,120.6717086 31.42338344,120.6717176 31.42340935,120.6717267 31.42343528,120.6717356 31.42346124,120.6717448 31.42348711,120.6717536 31.42351309,120.6717627 31.423539,120.6717719 31.42356487,120.671781 31.42359079,120.67179 31.42361671,120.6717991 31.42364263,120.6718081 31.42366856,120.6718171 31.42369449,120.6718261 31.42372042,120.6718354 31.42374627,120.6718446 31.42377217,120.6718533 31.42379816,120.6718625 31.42382404,120.6718716 31.42384996,120.6718807 31.42387587,120.6718898 31.42390177,120.6718989 31.42392767,120.6719081 31.42395356,120.6719172 31.42397947,120.6719263 31.42400536,120.6719354 31.42403128,120.6719444 31.4240572,120.6719535 31.42408311,120.6719626 31.42410902,120.6719717 31.42413493,120.6719808 31.42416085,120.6719899 31.42418675,120.671999 31.42421264,120.6720081 31.42423855,120.6720173 31.42426444,120.6720264 31.42429034,120.6720355 31.42431625,120.6720447 31.42434215,120.6720538 31.42436806,120.6720628 31.42439397,120.6720719 31.42441989,120.6720809 31.42444581,120.6720901 31.4244717,120.6720993 31.42449758,120.6721083 31.42452352,120.6721175 31.4245494,120.6721266 31.42457531,120.6721357 31.42460121,120.6721448 31.42462711,120.6721539 31.42465301,120.6721631 31.4246789,120.6721723 31.42470479,120.6721815 31.42473067,120.6721905 31.4247566,120.6721996 31.42478251,120.6722087 31.42480843,120.6722177 31.42483434,120.6722268 31.42486025,120.672236 31.42488615,120.672245 31.42491207,120.6722542 31.42493796,120.6722633 31.42496384,120.6722723 31.42498978,120.6722816 31.42501566,120.6722907 31.42504156,120.6722999 31.42506743,120.6723094 31.42509324,120.6723187 31.42511909,120.6723279 31.42514496,120.6723375 31.42517074,120.6723465 31.42519667,120.6723556 31.42522257,120.6723647 31.42524848,120.6723738 31.4252744,120.6723828 31.42530033,120.6723916 31.42532632,120.6724003 31.42535232,120.6724092 31.42537826,120.6724183 31.42540418,120.6724275 31.42543007,120.6724365 31.42545599,120.6724457 31.42548187,120.6724549 31.42550777,120.6724639 31.42553368,120.6724731 31.42555959,120.6724822 31.42558549,120.6724913 31.4256114,120.6725004 31.42563729,120.6725095 31.4256632,120.6725186 31.4256891,120.6725278 31.42571501,120.6725369 31.4257409,120.672546 31.4257668,120.6725551 31.42579271,120.6725643 31.42581861,120.6725734 31.42584451,120.6725825 31.42587041,120.6725916 31.42589633,120.6726006 31.42592224,120.6726097 31.42594816,120.6726186 31.42597411,120.6726274 31.42600009,120.6726364 31.42602605,120.6726453 31.42605199,120.6726547 31.42607781,120.6726635 31.4261038,120.6726728 31.42612966,120.6726819 31.42615557,120.672691 31.42618148,120.6727001 31.42620738,120.6727093 31.42623325,120.6727187 31.4262591,120.6727278 31.42628499,120.672737 31.42631087,120.6727461 31.42633679,120.6727551 31.42636271,120.6727642 31.42638862,120.6727733 31.42641453,120.6727825 31.42644041,120.6727917 31.4264663,120.6728008 31.4264922,120.6728098 31.42651814,120.672819 31.42654401,120.672828 31.42656993,120.6728371 31.42659584,120.6728462 31.42662176,120.6728553 31.42664767,120.6728643 31.42667359,120.6728734 31.42669952,120.6728823 31.42672546,120.6728913 31.4267514,120.6729002 31.42677736,120.6729094 31.42680324,120.6729185 31.42682915,120.6729276 31.42685507,120.6729365 31.426881,120.6729455 31.42690696,120.6729544 31.42693289,120.6729636 31.42695878,120.6729726 31.42698471,120.6729817 31.42701062,120.6729908 31.42703652,120.6729996 31.42706251,120.6730086 31.42708844,120.6730177 31.42711435,120.6730268 31.42714026,120.673036 31.42716615,120.6730451 31.42719206,120.6730541 31.427218,120.6730631 31.42724391,120.6730721 31.42726984,120.6730812 31.42729577,120.6730901 31.42732172,120.6730992 31.42734762,120.6731085 31.42737349,120.6731175 31.42739942,120.6731267 31.4274253,120.6731358 31.4274512,120.6731449 31.4274771,120.6731542 31.42750297,120.6731633 31.42752886,120.6731726 31.42755473,120.6731817 31.42758062,120.673191 31.42760649,120.6731999 31.42763244,120.6732095 31.42765821,120.6732191 31.42768399,120.6732285 31.42770983,120.6732377 31.4277357,120.6732469 31.42776159,120.6732561 31.42778749,120.6732652 31.42781343,120.6732741 31.42783936,120.6732831 31.4278652,120.6732922 31.42789112,120.6733015 31.42791696,120.6733103 31.42794294,120.6733192 31.42796888,120.6733285 31.4279947,120.6733374 31.42802064,120.6733463 31.42804659,120.6733557 31.42807241,120.6733647 31.42809835,120.6733738 31.42812426,120.6733829 31.42815018,120.6733921 31.42817604,120.6734011 31.42820198,120.6734103 31.42822784,120.6734193 31.42825378,120.6734284 31.42827968,120.6734375 31.42830559,120.6734466 31.42833151,120.6734556 31.42835743,120.6734648 31.42838332,120.6734738 31.42840925,120.6734827 31.4284352,120.6734916 31.42846116,120.6735007 31.42848707,120.6735098 31.42851298,120.6735187 31.42853893,120.6735278 31.42856484,120.6735367 31.42859079,120.6735459 31.42861668,120.673555 31.42864259,120.6735642 31.42866847,120.6735736 31.4286943,120.6735827 31.42872018,120.6735919 31.42874606,120.673601 31.42877198,120.6736101 31.42879789,120.6736191 31.42882382,120.6736281 31.42884976,120.6736372 31.42887566,120.6736462 31.42890159,120.6736553 31.42892751,120.6736643 31.42895342,120.6736733 31.42897936,120.6736825 31.42900524,120.6736914 31.42903119,120.6737005 31.42905709,120.6737097 31.42908297,120.6737188 31.42910888,120.6737282 31.4291347,120.6737371 31.42916065,120.6737466 31.42918644,120.6737558 31.42921234,120.673765 31.4292382,120.6737743 31.42926405,120.6737834 31.42928997,120.6737926 31.42931583,120.6738017 31.42934177,120.6738104 31.42936777,120.6738199 31.42939354,120.6738285 31.42941953,120.673838 31.42944534,120.673847 31.42947126,120.6738565 31.42949706,120.6738653 31.42952302,120.6738745 31.42954891,120.6738837 31.42957479,120.6738928 31.42960068,120.673902 31.42962658,120.6739113 31.42965243,120.6739202 31.42967837,120.6739295 31.42970423,120.6739387 31.42973011,120.673948 31.42975596,120.6739572 31.42978184,120.6739662 31.42980778,120.6739754 31.42983366,120.6739843 31.42985962,120.6739932 31.42988558,120.6740021 31.42991152,120.6740115 31.42993737,120.6740202 31.42996334,120.6740294 31.42998924,120.6740385 31.43001515,120.6740475 31.43004107,120.6740568 31.43006692,120.6740657 31.43009288,120.6740744 31.43011887,120.6740833 31.43014485,120.6740921 31.43017082,120.6741012 31.43019673,120.6741106 31.43022256,120.6741198 31.43024844,120.6741287 31.43027438,120.674138 31.43030022,120.6741471 31.43032614,120.674156 31.43035207,120.6741649 31.43037802,120.6741738 31.43040399,120.6741827 31.43042994,120.6741916 31.4304559,120.6742004 31.43048188,120.6742092 31.43050787,120.674218 31.43053384,120.6742268 31.43055982,120.6742357 31.43058578,120.6742444 31.4306118,120.674252 31.43063806,120.6742609 31.43066404,120.6742701 31.4306899,120.674279 31.4307158,120.674288 31.43074175,120.6742967 31.43076775,120.6743054 31.43079377,120.6743139 31.43081982,120.6743226 31.43084584,120.6743311 31.43087188,120.6743399 31.43089785,120.6743485 31.43092388,120.6743572 31.43094987,120.6743655 31.43097595,120.6743741 31.43100199,120.6743824 31.43102805,120.6743914 31.43105396,120.6744003 31.43107994,120.6744086 31.43110619,120.6744183 31.43113198,120.6744263 31.43115839,120.6744353 31.43118341,120.6744439 31.43120955,120.6744521 31.43123564,120.6744609 31.43126153,120.674469 31.4312877,120.6744779 31.4313137,120.6744869 31.43133984,120.6744945 31.4313658,120.6745042 31.43139071,120.6745122 31.43141671,120.6745205 31.43144271,120.6745292 31.43146862,120.6745369 31.43149487,120.6745458 31.43152071,120.6745534 31.43154689,120.6745614 31.43157311,120.6745697 31.43159918,120.6745779 31.43162528,120.6745862 31.43165137,120.6745948 31.43167742,120.6746032 31.43170349,120.6746117 31.43172953,120.6746201 31.43175561,120.6746285 31.43178169,120.6746367 31.43180782,120.6746453 31.43183385,120.6746536 31.43185995,120.6746621 31.43188599,120.6746703 31.43191212,120.6746786 31.4319382,120.6746868 31.43196433,120.6746949 31.43199048,120.6747033 31.43201656,120.6747113 31.43204271,120.6747195 31.43206885,120.6747276 31.43209497,120.6747357 31.43212114,120.6747441 31.43214722,120.6747521 31.43217337,120.6747605 31.43219945,120.6747685 31.43222562,120.6747766 31.43225178,120.6747849 31.43227787,120.6747928 31.43230403,120.6748008 31.43233019,120.6748087 31.43235639,120.6748167 31.43238255,120.6748246 31.43240875,120.6748328 31.43243488,120.6748408 31.43246105,120.674849 31.43248719,120.6748569 31.43251337,120.6748649 31.43253953,120.6748729 31.43256571,120.674881 31.43259183,120.6748891 31.43261798,120.6748972 31.43264414,120.674905 31.43267036,120.674913 31.43269654,120.6749206 31.43272279,120.6749285 31.43274899,120.6749363 31.43277521,120.6749441 31.43280143,120.674952 31.43282759,120.6749598 31.43285382,120.6749676 31.43288003,120.6749754 31.43290624,120.6749833 31.43293244,120.6749912 31.43295864,120.674999 31.43298484,120.6750067 31.43301109,120.6750145 31.43303729,120.6750222 31.43306353,120.67503 31.43308975,120.6750377 31.43311599,120.6750456 31.43314219,120.6750536 31.43316836,120.6750612 31.43319461,120.6750689 31.43322084,120.6750765 31.4332471,120.6750842 31.43327334,120.6750918 31.43329961,120.6750992 31.43332589,120.675107 31.43335211,120.6751145 31.4333784,120.6751221 31.43340464,120.6751293 31.43343096,120.6751369 31.43345722,120.6751448 31.43348342,120.6751525 31.43350965,120.6751602 31.43353589,120.6751677 31.43356218,120.6751751 31.43358848,120.6751826 31.43361476,120.67519 31.43364106,120.6751974 31.43366735,120.6752048 31.43369364,120.6752122 31.43371996,120.6752196 31.43374628,120.675227 31.43377263,120.6752343 31.43379892,120.6752423 31.43382553,120.6752492 31.43385109,120.675257 31.43387742,120.6752644 31.43390365,120.6752722 31.43392984,120.6752794 31.4339562,120.6752868 31.43398251,120.675294 31.43400886,120.6753011 31.4340352,120.6753086 31.43406149,120.6753155 31.43408787,120.6753228 31.4341142,120.67533 31.43414053,120.6753369 31.43416693,120.6753444 31.43419321,120.6753513 31.43421959,120.6753586 31.43424591,120.6753658 31.43427227,120.6753729 31.43429862,120.6753802 31.43432494,120.6753875 31.43435127,120.6753948 31.43437759,120.6754023 31.43440387,120.6754096 31.43443019,120.675417 31.4344565,120.6754241 31.43448285,120.6754311 31.43450923,120.6754381 31.43453563,120.6754453 31.43456198,120.6754521 31.43458837,120.6754599 31.43461456,120.6754667 31.43464096,120.6754743 31.4346672,120.6754816 31.43469354,120.6754892 31.4347198,120.6754963 31.43474616,120.6755044 31.43477224,120.6755111 31.43479868,120.6755185 31.43482499,120.6755264 31.43485117,120.6755337 31.4348775,)
44:LineString(120.6754879 31.43472284,120.6754947 31.43474926,120.6755016 31.43477566,120.6755082 31.43480211,120.6755157 31.43482841,120.6755226 31.43485479,120.6755296 31.43488118,120.6755365 31.43490758,120.6755435 31.43493397,120.6755503 31.43496038,120.6755573 31.43498676,120.6755645 31.43501314,120.675571 31.43503957,120.6755784 31.43506584,120.6755852 31.43509226,120.6755919 31.43511868,120.6755992 31.435145,120.6756054 31.43517149,120.6756126 31.43519782,120.6756192 31.43522428,120.675626 31.43525069,120.6756328 31.43527711,120.6756393 31.43530358,120.6756461 31.43532999,120.675653 31.43535639,120.6756601 31.43538277,120.6756667 31.4354092,120.6756735 31.43543561,120.6756807 31.43546191,120.6756872 31.43548838,120.6756934 31.43551492,120.6757002 31.43554134,120.6757075 31.43556766,120.6757135 31.43559414,120.6757205 31.43562048,120.6757274 31.43564691,120.6757333 31.4356735,120.6757407 31.43569973,120.6757464 31.43572634,120.6757529 31.43575283,120.6757595 31.43577927,120.6757658 31.43580579,120.6757743 31.43583184,)
45:LineString(120.6757648 31.43595779,120.6757712 31.43598427,120.6757776 31.43601076,120.6757841 31.43603725,120.6757905 31.43606374,120.6757969 31.43609025,120.6758033 31.43611673,120.6758096 31.43614325,)
46:LineString(120.675731 31.435964,120.6757377 31.43599046,120.6757442 31.43601692,120.6757507 31.4360434,120.6757572 31.43606988,120.6757637 31.43609635,)
47:LineString(120.6757977 31.43593328,120.6758047 31.43595966,120.6758113 31.43598611,120.675818 31.43601256,120.6758245 31.43603902,120.6758311 31.4360655,120.6758376 31.43609197,120.675844 31.43611846,120.6758505 31.43614494,)
48:LineString(120.675848 31.43645139,120.6758531 31.4364781,120.6758586 31.43650474,120.6758643 31.43653136,120.6758701 31.43655796,120.6758759 31.43658455,120.6758815 31.43661117,120.6758871 31.4366378,120.6758929 31.4366644,120.6758988 31.43669099,120.6759051 31.43671751,120.6759119 31.4367439,120.675917 31.43677051,120.6759235 31.43679698,120.6759295 31.43682356,120.6759363 31.43685001,120.6759422 31.43687659,120.675948 31.43690316,120.675954 31.43692972,120.6759599 31.43695631,120.675966 31.43698286,120.675972 31.43700942,120.6759783 31.43703593,120.675984 31.43706254,120.67599 31.4370891,120.6759959 31.43711568,120.676002 31.43714222,120.6760079 31.4371688,120.676014 31.43719535,120.6760198 31.43722194,120.6760256 31.43724854,120.6760315 31.43727513,120.6760373 31.43730172,120.6760434 31.43732827,120.6760492 31.43735485,120.6760553 31.4373814,120.6760611 31.43740799,120.676067 31.43743457,120.6760729 31.43746116,120.6760786 31.43748776,120.6760847 31.43751432,120.6760903 31.43754094,120.6760961 31.43756754,120.676102 31.43759412,120.6761077 31.43762073,120.6761135 31.43764733,120.6761191 31.43767396,120.6761247 31.43770059,120.6761303 31.43772721,120.676136 31.43775382,120.6761419 31.4377804,120.6761482 31.43780692,120.6761542 31.43783348,120.67616 31.43786008,120.6761654 31.43788673,120.6761716 31.43791326,120.6761768 31.43793994,120.6761823 31.43796659,120.6761878 31.43799323,120.6761933 31.43801988,120.6761987 31.43804653,120.6762042 31.43807318,120.6762097 31.43809981,120.6762154 31.43812644,120.6762209 31.43815308,120.6762262 31.43817974,120.6762316 31.4382064,120.6762371 31.43823305,120.6762425 31.4382597,120.6762478 31.43828637,120.6762538 31.43831295,120.6762594 31.43833957,120.6762649 31.43836622,120.6762702 31.43839289,120.6762757 31.43841953,120.6762811 31.43844619,120.6762863 31.43847288,120.6762917 31.43849954,120.676297 31.43852621,120.6763021 31.4385529,120.6763073 31.43857959,120.6763125 31.43860629,120.6763177 31.43863298,120.6763228 31.43865967,120.6763282 31.43868633,120.6763337 31.43871297,120.6763393 31.4387396,120.6763446 31.43876627,120.6763498 31.43879297,120.6763547 31.43881969,120.6763602 31.43884632,120.6763653 31.43887302,120.6763708 31.43889967,120.6763761 31.43892634,120.6763812 31.43895304,120.6763864 31.43897973,120.6763917 31.4390064,120.6763967 31.43903312,120.6764023 31.43905973,120.6764072 31.43908646,120.6764122 31.43911317,120.6764173 31.43913987,120.6764222 31.4391666,120.6764277 31.43919326,120.6764326 31.43921998,120.676438 31.43924664,120.6764434 31.43927329,120.6764487 31.43929997,120.6764539 31.43932666,120.6764591 31.43935334,120.6764654 31.43937986,120.676471 31.4394065,120.6764763 31.43943316,120.6764815 31.43945985,120.6764865 31.43948656,120.6764917 31.43951324,120.6764966 31.43953993,120.6765027 31.43956638,120.6765073 31.43959315,120.6765125 31.43961985,120.6765171 31.43964664,120.6765226 31.43967329,120.6765279 31.43969996,120.6765331 31.43972666,120.6765381 31.43975337,120.6765431 31.43978008,120.6765482 31.43980678,120.6765533 31.43983348,120.6765583 31.4398602,120.6765638 31.43988684,120.6765691 31.43991351,120.6765745 31.43994017,120.67658 31.43996681,120.676585 31.43999352,120.6765898 31.44002027,120.6765951 31.44004693,120.6766001 31.44007365,120.6766053 31.44010035,120.6766103 31.44012705,120.6766153 31.44015377,120.6766204 31.44018048,120.6766256 31.44020717,120.6766307 31.44023385,120.6766365 31.44026045,120.6766414 31.44028718,120.6766465 31.44031388,120.6766515 31.4403406,120.6766567 31.44036729,120.676662 31.44039395,120.6766677 31.44042056,120.6766729 31.44044725,120.6766782 31.44047393,120.6766834 31.44050061,120.6766884 31.44052732,120.6766936 31.44055401,120.6766992 31.44058062,120.6767044 31.44060731,120.6767098 31.44063397,120.6767151 31.44066064,120.6767203 31.44068733,120.6767256 31.44071401,120.6767306 31.44074071,120.6767365 31.44076728,120.6767416 31.44079399,120.6767467 31.44082069,120.6767518 31.44084739,120.6767569 31.44087409,120.6767619 31.4409008,120.6767674 31.44092746,120.6767726 31.44095414,120.6767777 31.44098083,120.6767829 31.44100752,120.6767882 31.4410342,120.6767934 31.44106089,120.6767985 31.44108758,120.6768043 31.44111417,120.6768097 31.44114083,120.676815 31.44116751,120.6768201 31.44119421,120.6768254 31.44122088,120.6768306 31.44124757,120.676836 31.44127422,120.6768416 31.44130086,120.6768466 31.44132757,120.6768517 31.44135427,120.6768567 31.44138099,120.6768619 31.44140767,120.6768668 31.4414344,120.6768721 31.44146106,120.6768771 31.44148779,120.6768822 31.44151448,120.6768872 31.44154119,120.6768927 31.44156784,120.6768979 31.44159452,120.6769033 31.44162118,120.6769083 31.44164789,120.6769135 31.44167458,120.6769187 31.44170128,120.6769242 31.44172791,120.6769297 31.44175456,120.6769348 31.44178126,120.67694 31.44180795,120.6769452 31.44183464,120.6769504 31.44186132,120.6769555 31.44188801,120.6769611 31.44191464,120.6769661 31.44194135,120.6769713 31.44196805,120.6769762 31.44199478,120.6769815 31.44202145,120.6769867 31.44204814,120.676992 31.44207481,120.6769971 31.44210152,120.6770021 31.44212822,120.6770073 31.44215492,120.6770127 31.44218157,120.6770183 31.4422082,120.6770236 31.44223488,120.6770286 31.44226159,120.6770337 31.44228829,120.6770389 31.44231497,120.6770439 31.44234169,120.6770495 31.44236831,120.6770548 31.44239499,120.67706 31.44242167,120.6770651 31.44244837,120.6770704 31.44247505,120.6770755 31.44250176,120.6770808 31.44252842,120.6770861 31.4425551,120.6770911 31.4425818,120.6770963 31.4426085,120.6771014 31.44263519,120.6771069 31.44266185,120.6771121 31.44268854,120.6771174 31.4427152,120.6771224 31.44274192,120.6771275 31.44276862,120.6771326 31.44279532,120.6771377 31.44282202,120.677143 31.4428487,120.677148 31.44287541,120.6771531 31.44290212,120.6771581 31.44292883,120.6771631 31.44295554,120.6771683 31.44298223,120.6771732 31.44300895,120.6771784 31.44303564,120.6771836 31.44306234,120.6771887 31.44308903,120.6771941 31.44311569,120.6771994 31.44314236,120.6772051 31.44316898,120.6772102 31.44319567,120.6772154 31.44322237,120.6772206 31.44324905,120.6772257 31.44327575,120.6772307 31.44330246,120.6772361 31.44332911,120.6772412 31.44335582,120.6772462 31.44338253,120.6772512 31.44340924,120.6772564 31.44343593,120.6772619 31.44346257,120.6772674 31.44348922,120.6772724 31.44351593,120.6772775 31.44354264,120.6772826 31.44356934,120.6772879 31.44359601,120.6772931 31.44362269,120.6772989 31.44364929,120.6773039 31.443676,120.677309 31.44370271,120.6773141 31.44372941,120.6773192 31.44375612,120.6773246 31.44378277,120.6773298 31.44380946,120.6773349 31.44383616,120.67734 31.44386286,120.6773451 31.44388956,120.6773505 31.44391623,120.6773556 31.44394292,120.6773611 31.44396955,120.677366 31.44399628,120.6773711 31.44402298,120.6773764 31.44404966,120.6773818 31.44407632,120.6773871 31.44410299,120.6773922 31.44412969,120.6773973 31.44415639,120.6774025 31.44418307,120.6774079 31.44420973,120.6774132 31.44423641,120.6774185 31.44426308,120.6774235 31.4442898,120.6774286 31.44431649,120.6774339 31.44434317,120.6774392 31.44436985,120.6774444 31.44439652,120.6774493 31.44442325,120.6774543 31.44444997,120.6774594 31.44447667,120.6774646 31.44450335,120.67747 31.44453001,120.677475 31.44455673,120.6774801 31.44458343,120.6774852 31.44461012,120.6774908 31.44463677,120.6774962 31.44466342,120.6775017 31.44469006,120.6775067 31.44471678,120.6775118 31.44474347,120.677517 31.44477015,120.6775222 31.44479684,120.6775273 31.44482354,120.677533 31.44485016,120.6775381 31.44487685,120.6775433 31.44490354,120.6775484 31.44493025,120.6775535 31.44495694,120.6775589 31.4449836,120.6775643 31.44501026,120.6775696 31.44503694,120.6775747 31.44506364,120.6775797 31.44509035,120.6775851 31.44511701,120.6775903 31.44514369,120.677596 31.44517031,120.677601 31.44519703,120.677606 31.44522373,120.6776112 31.44525043,120.6776164 31.44527712,120.6776217 31.44530378,120.6776273 31.4453304,120.6776323 31.44535712,120.6776374 31.44538382,120.6776425 31.44541052,120.6776478 31.44543719,120.6776531 31.44546387,120.6776587 31.44549049,120.6776636 31.44551722,120.6776687 31.44554392,120.6776741 31.44557058,120.6776796 31.44559722,120.6776848 31.4456239,120.6776902 31.44565056,120.6776953 31.44567726,120.6777006 31.44570393,120.6777057 31.44573064,120.6777107 31.44575734,120.677716 31.44578403,120.6777212 31.4458107,120.6777266 31.44583737,120.6777318 31.44586405,120.6777371 31.44589073,120.6777422 31.44591742,120.6777476 31.44594409,120.6777526 31.4459708,120.6777582 31.44599741,120.677763 31.44602415,120.6777682 31.44605083,120.6777734 31.44607752,120.6777786 31.44610421,120.6777838 31.4461309,120.6777889 31.44615759,120.6777941 31.44618429,120.6777992 31.44621098,120.6778045 31.44623766,120.6778097 31.44626434,120.6778149 31.44629102,120.6778202 31.4463177,120.6778255 31.44634437,120.6778309 31.44637103,120.6778362 31.4463977,120.6778414 31.44642439,120.6778465 31.4464511,120.6778518 31.44647775,120.6778569 31.44650446,120.6778621 31.44653114,120.6778672 31.44655785,120.6778723 31.44658454,120.6778775 31.44661123,120.6778828 31.44663791,120.6778882 31.44666456,120.6778934 31.44669126,120.6778985 31.44671795,120.6779038 31.44674462,120.677909 31.4467713,120.6779144 31.44679797,120.6779194 31.44682469,120.6779246 31.44685137,120.6779298 31.44687806,120.6779348 31.44690477,120.6779401 31.44693144,120.6779453 31.44695813,120.6779505 31.44698482,120.677956 31.44701146,120.6779611 31.44703816,120.6779664 31.44706483,120.6779719 31.44709148,120.677977 31.44711818,120.6779823 31.44714485,120.6779879 31.44717148,120.6779933 31.44719813,120.6779987 31.4472248,120.6780042 31.44725143,120.6780096 31.44727809,120.6780145 31.44730483,120.6780194 31.44733156,120.6780244 31.44735827,120.6780295 31.44738497,120.6780345 31.44741168,120.6780394 31.44743841,120.6780444 31.44746512,120.6780496 31.44749179,120.6780545 31.44751852,120.6780597 31.44754518,120.678065 31.44757186,120.6780703 31.44759854,120.6780756 31.44762521,120.6780808 31.4476519,120.6780861 31.44767857,120.6780915 31.44770523,120.6780966 31.44773192,120.6781018 31.44775859,120.6781072 31.44778525,120.6781121 31.44781198,120.6781173 31.44783867,120.6781224 31.44786538,120.6781274 31.44789208,120.6781325 31.44791879,120.6781378 31.44794546,120.6781429 31.44797216,120.6781481 31.44799884,120.6781533 31.44802552,120.6781585 31.44805222,120.6781637 31.4480789,120.6781689 31.44810559,120.6781741 31.44813227,120.6781794 31.44815894,120.6781846 31.44818563,120.6781901 31.44821228,120.6781955 31.44823894,120.678201 31.44826558,120.6782065 31.44829222,120.678212 31.44831886,120.6782177 31.44834547,120.6782234 31.44837209,120.678229 31.4483987,120.6782345 31.44842536,120.6782399 31.44845201,120.6782456 31.44847862,120.6782509 31.44850529,120.6782564 31.44853193,120.6782619 31.44855856,120.6782674 31.44858521,120.6782731 31.44861183,120.6782788 31.44863843,120.6782845 31.44866504,120.6782903 31.44869165,120.6782959 31.44871827,120.6783016 31.44874487,120.6783073 31.44877149,120.678313 31.4487981,120.6783188 31.4488247,120.6783245 31.44885131,120.6783303 31.4488779,120.6783362 31.44890449,120.6783419 31.44893109,120.6783477 31.44895769,120.6783535 31.44898428,120.6783594 31.44901088,120.6783653 31.44903746,120.6783711 31.44906404,120.6783768 31.44909066,120.6783827 31.44911723,120.6783886 31.44914381,120.6783947 31.44917036,120.6784008 31.44919691,120.6784068 31.44922347,120.6784128 31.44925004,120.6784188 31.44927659,120.6784249 31.44930315,120.6784311 31.44932968,120.6784369 31.44935626,120.6784434 31.44938274,120.6784491 31.44940934,120.6784554 31.44943586,120.6784615 31.4494624,120.6784676 31.44948895,120.6784738 31.44951549,120.6784799 31.44954202,120.6784863 31.44956852,120.6784927 31.44959501,120.6784992 31.44962149,120.6785054 31.44964802,120.6785117 31.44967452,120.6785181 31.44970102,120.6785243 31.44972754,120.6785305 31.44975406,120.6785371 31.44978051,120.6785434 31.44980702,120.6785495 31.44983357,120.678556 31.44986005,120.6785622 31.44988658,120.6785685 31.44991309,120.6785748 31.4499396,120.6785813 31.44996608,120.6785877 31.44999258,120.6785942 31.45001904,120.6786006 31.45004554,120.6786074 31.45007197,120.6786139 31.45009844,120.6786206 31.45012488,120.678627 31.45015137,120.6786338 31.4501778,120.6786404 31.45020425,120.6786472 31.45023066,120.6786542 31.45025705,120.6786606 31.45028355,120.6786672 31.45031001,120.6786738 31.45033646,120.6786804 31.45036291,120.6786871 31.45038937,120.6786935 31.45041585,120.6787003 31.45044228,120.6787069 31.45046873,120.6787135 31.45049519,120.6787202 31.45052163,120.6787267 31.4505481,120.6787335 31.45057452,120.6787403 31.45060094,120.678747 31.45062739,120.6787539 31.45065378,120.6787608 31.45068017,120.6787676 31.45070661,120.6787747 31.45073297,120.6787819 31.45075932,120.6787889 31.45078568,120.6787962 31.450812,120.6788031 31.45083842,120.6788101 31.45086479,120.6788173 31.45089113,120.6788244 31.4509175,120.6788315 31.45094386,120.6788385 31.45097024,120.6788454 31.45099664,120.6788529 31.45102293,120.6788601 31.45104927,120.6788674 31.45107559,120.6788745 31.45110197,120.6788817 31.45112829,120.678889 31.45115464,120.6788962 31.45118097,120.6789033 31.45120731,120.6789107 31.45123362,120.6789177 31.45126001,120.678925 31.45128632,120.6789322 31.45131267,120.6789396 31.45133897,120.6789466 31.45136534,120.678954 31.45139165,120.6789614 31.45141795,120.6789688 31.45144426,120.6789761 31.45147058,120.6789832 31.45149694,120.6789906 31.45152324,120.678998 31.45154954,120.6790055 31.45157583,120.6790129 31.45160213,120.6790202 31.45162845,120.6790276 31.45165476,120.6790351 31.45168104,120.6790424 31.45170735,120.6790499 31.45173363,120.6790573 31.45175993,120.6790649 31.4517862,120.6790724 31.45181248,120.67908 31.45183873,120.6790877 31.45186498,120.6790954 31.45189122,120.679103 31.45191747,120.6791109 31.45194366,120.6791189 31.45196985,120.6791268 31.45199603,120.6791348 31.45202219,120.679143 31.45204832,120.6791512 31.45207446,120.6791595 31.45210056,120.6791676 31.4521267,120.6791758 31.45215284,120.6791834 31.4521791,120.6791915 31.4522052,120.6791986 31.45223153,120.6792062 31.4522578,120.6792142 31.45228398,120.6792217 31.45231024,120.6792292 31.45233651,120.6792376 31.45236256,120.6792451 31.45238881,120.6792524 31.45241516,120.6792596 31.45244149,120.6792674 31.45246771,)
49:LineString(120.675913 31.43658495,120.6759193 31.43661146,120.6759255 31.43663798,120.6759318 31.4366645,120.675938 31.43669102,120.6759443 31.43671754,120.6759505 31.43674407,120.6759567 31.4367706,120.6759629 31.43679713,120.6759691 31.43682366,120.6759752 31.4368502,120.6759813 31.43687674,120.6759873 31.43690332,120.6759933 31.43692987,120.6759993 31.43695644,120.6760053 31.436983,120.6760114 31.43700954,120.6760172 31.43703614,120.6760233 31.43706269,120.6760292 31.43708926,120.6760351 31.43711584,120.6760412 31.43714239,120.6760472 31.43716896,120.6760532 31.43719552,120.676059 31.43722211,120.6760649 31.43724869,120.6760708 31.43727528,120.6760766 31.43730186,120.6760826 31.43732843,120.6760885 31.43735502,120.6760944 31.4373816,120.6761002 31.4374082,120.6761061 31.43743477,120.6761118 31.43746138,120.6761178 31.43748795,120.6761234 31.43751456,120.6761292 31.43754116,120.6761352 31.43756773,120.676141 31.43759433,120.6761468 31.43762092,120.6761524 31.43764755,120.6761583 31.43767412,120.6761639 31.43770076,120.6761695 31.43772738,120.6761752 31.43775399,120.676181 31.43778059,120.676187 31.43780716,120.6761928 31.43783376,120.6761984 31.43786038,120.6762044 31.43788694,120.6762099 31.43791359,120.6762155 31.43794021,120.6762212 31.43796683,120.6762268 31.43799345,120.6762324 31.43802009,120.6762379 31.43804672,120.6762435 31.43807335,120.6762491 31.43809998,120.6762547 31.43812661,120.6762601 31.43815326,120.6762656 31.43817991,120.676271 31.43820656,120.6762765 31.43823321,120.6762819 31.43825986,120.6762872 31.43828653,120.6762928 31.43831317,120.6762984 31.4383398,120.6763038 31.43836646,120.6763092 31.43839311,120.6763145 31.43841979,120.67632 31.43844643,120.6763253 31.4384731,120.6763307 31.43849975,120.6763361 31.43852641,120.6763414 31.43855308,120.6763468 31.43857975,120.676352 31.43860643,120.6763575 31.43863306,120.6763627 31.43865976,120.676368 31.43868643,120.6763734 31.43871309,120.6763788 31.43873974,120.6763841 31.43876642,120.6763894 31.4387931,120.6763945 31.4388198,120.6763998 31.43884647,120.676405 31.43887316,120.6764103 31.43889983,120.6764155 31.43892652,120.6764207 31.4389532,120.676426 31.43897988,120.6764312 31.43900656,120.6764365 31.43903324,120.6764419 31.43905989,120.676447 31.43908659,120.6764522 31.43911328,120.6764573 31.43913998,120.6764625 31.43916667,120.6764679 31.43919333,120.6764729 31.43922004,120.6764782 31.43924671,120.6764835 31.43927338,120.6764889 31.43930005,120.6764941 31.43932673,120.6764993 31.43935341,120.6765048 31.43938006,120.67651 31.43940675,120.6765152 31.43943343,120.6765203 31.43946014,120.6765256 31.4394868,120.6765309 31.43951348,120.6765361 31.43954017,120.6765415 31.43956683,120.6765466 31.43959352,120.6765518 31.43962021,120.676557 31.4396469,120.6765624 31.43967356,120.6765676 31.43970025,120.6765728 31.43972693,120.6765779 31.43975363,120.6765831 31.43978032,120.6765882 31.43980703,120.6765935 31.4398337,120.6765985 31.43986041,120.6766037 31.43988709,120.676609 31.43991376,120.6766144 31.43994042,120.6766198 31.43996708,120.6766248 31.4399938,120.6766303 31.44002044,120.6766353 31.44004716,120.6766404 31.44007385,120.6766456 31.44010054,120.6766508 31.44012724,120.6766559 31.44015393,120.676661 31.44018063,120.6766662 31.44020732,120.6766713 31.44023402,120.6766766 31.44026069,120.6766817 31.4402874,120.6766868 31.44031409,120.6766919 31.4403408,120.6766971 31.44036749,120.6767022 31.44039418,120.6767074 31.44042088,120.6767125 31.44044757,120.6767177 31.44047425,120.6767229 31.44050094,120.6767281 31.44052763,120.6767333 31.44055432,120.6767387 31.44058097,120.676744 31.44060765,120.6767493 31.44063433,120.6767545 31.44066101,120.6767597 31.4406877,120.676765 31.44071437,120.6767702 31.44074106,120.6767756 31.44076772,120.6767807 31.44079441,120.6767859 31.44082111,120.676791 31.4408478,120.6767961 31.4408745,120.6768013 31.44090119,120.6768065 31.44092788,120.6768117 31.44095457,120.6768168 31.44098127,120.676822 31.44100796,120.6768272 31.44103464,120.6768323 31.44106134,120.6768375 31.44108802,120.6768431 31.44111465,120.6768483 31.44114134,120.6768535 31.44116803,120.6768586 31.44119473,120.6768639 31.4412214,120.6768691 31.44124809,120.6768744 31.44127475,120.6768797 31.44130144,120.6768848 31.44132814,120.6768899 31.44135484,120.6768951 31.44138152,120.6769003 31.44140822,120.6769056 31.44143488,120.6769107 31.44146159,120.6769158 31.44148829,120.6769209 31.44151498,120.6769262 31.44154166,120.6769313 31.44156836,120.6769367 31.44159502,120.6769417 31.44162173,120.6769469 31.44164842,120.676952 31.44167511,120.6769572 31.4417018,120.6769625 31.44172848,120.6769677 31.44175517,120.6769729 31.44178186,120.6769781 31.44180854,120.6769832 31.44183523,120.6769886 31.4418619,120.6769938 31.44188858,120.6769991 31.44191526,120.6770043 31.44194194,120.6770095 31.44196863,120.6770147 31.44199533,120.6770198 31.44202202,120.6770251 31.44204868,120.6770303 31.44207538,120.6770355 31.44210207,120.6770407 31.44212876,120.6770459 31.44215544,120.6770511 31.44218213,120.6770563 31.44220881,120.6770617 31.44223547,120.6770669 31.44226217,120.6770719 31.44228887,120.6770772 31.44231554,120.6770825 31.44234223,120.6770878 31.4423689,120.6770931 31.44239557,120.6770983 31.44242226,120.6771035 31.44244895,120.6771087 31.44247563,120.6771138 31.44250232,120.6771192 31.44252898,120.6771243 31.44255568,120.6771295 31.44258237,120.6771346 31.44260908,120.6771398 31.44263576,120.6771451 31.44266244,120.6771502 31.44268913,120.6771553 31.44271584,120.6771604 31.44274254,120.6771655 31.44276924,120.6771708 31.44279592,120.6771759 31.44282262,120.6771812 31.44284928,120.6771863 31.44287598,120.6771915 31.44290268,120.6771966 31.44292938,120.6772017 31.44295607,120.6772074 31.44298269,120.6772126 31.44300938,120.6772178 31.44303607,120.677223 31.44306275,120.6772281 31.44308944,120.6772335 31.44311611,120.6772386 31.44314281,120.6772441 31.44316944,120.6772492 31.44319614,120.6772545 31.44322283,120.6772596 31.44324953,120.6772648 31.44327621,120.67727 31.44330289,120.6772752 31.44332958,120.6772804 31.44335627,120.6772856 31.44338295,120.6772908 31.44340964,120.6772962 31.44343631,120.6773015 31.44346298,120.6773068 31.44348965,120.6773119 31.44351635,120.6773171 31.44354304,120.6773223 31.44356972,120.6773275 31.44359641,120.6773327 31.44362309,120.677338 31.44364977,120.6773431 31.44367647,120.6773483 31.44370316,120.6773534 31.44372985,120.6773587 31.44375654,120.6773639 31.44378322,120.6773691 31.44380991,120.6773743 31.4438366,120.6773795 31.44386329,120.6773847 31.44388997,120.6773898 31.44391667,120.6773953 31.44394331,120.6774004 31.44397002,120.6774055 31.44399671,120.6774107 31.4440234,120.677416 31.44405008,120.6774212 31.44407676,120.6774265 31.44410344,120.6774316 31.44413014,120.6774368 31.44415683,120.677442 31.44418351,120.6774472 31.44421019,120.6774526 31.44423686,120.6774577 31.44426356,120.6774629 31.44429025,120.6774681 31.44431693,120.6774734 31.44434361,120.6774787 31.44437027,120.677484 31.44439695,120.677489 31.44442366,120.6774942 31.44445036,120.6774993 31.44447705,120.6775046 31.44450373,120.6775098 31.44453041,120.6775149 31.44455712,120.67752 31.44458381,120.6775253 31.44461049,120.6775306 31.44463716,120.6775359 31.44466384,120.6775412 31.4446905,120.6775463 31.4447172,120.6775515 31.4447439,120.6775567 31.44477057,120.6775618 31.44479727,120.6775672 31.44482394,120.6775724 31.44485063,120.6775777 31.4448773,120.6775828 31.444904,120.6775881 31.44493068,120.6775933 31.44495736,120.6775985 31.44498405,120.6776037 31.44501073,120.6776089 31.44503742,120.6776141 31.44506411,120.6776192 31.44509081,120.6776245 31.44511748,120.6776297 31.44514416,120.6776351 31.44517083,120.6776402 31.44519752,120.6776454 31.44522422,120.6776506 31.4452509,120.6776558 31.44527759,120.6776611 31.44530426,120.6776664 31.44533094,120.6776715 31.44535764,120.6776767 31.44538433,120.6776819 31.44541101,120.6776871 31.4454377,120.6776923 31.44546439,120.6776976 31.44549106,120.6777027 31.44551776,120.6777079 31.44554445,120.6777132 31.44557112,120.6777184 31.4455978,120.6777237 31.44562447,120.6777289 31.44565117,120.6777341 31.44567785,120.6777393 31.44570453,120.6777445 31.44573122,120.6777497 31.44575791,120.6777549 31.44578459,120.6777601 31.44581129,120.6777653 31.44583797,120.6777705 31.44586466,120.6777757 31.44589135,120.677781 31.44591802,120.6777863 31.44594469,120.6777914 31.44597139,120.6777967 31.44599806,120.6778019 31.44602475,120.6778071 31.44605144,120.6778123 31.44607813,120.6778175 31.44610482,120.6778226 31.44613151,120.6778278 31.4461582,120.6778329 31.44618491,120.6778381 31.44621159,120.6778433 31.44623828,120.6778484 31.44626498,120.6778535 31.44629168,120.6778587 31.44631836,120.677864 31.44634504,120.6778692 31.44637172,120.6778744 31.44639841,120.6778797 31.44642509,120.6778848 31.44645178,120.67789 31.44647847,120.6778952 31.44650516,120.6779004 31.44653184,120.6779056 31.44655854,120.6779107 31.44658523,120.6779159 31.44661192,120.6779211 31.4466386,120.6779263 31.44666529,120.6779315 31.44669199,120.6779367 31.44671868,120.6779418 31.44674537,120.6779471 31.44677205,120.6779523 31.44679874,120.6779574 31.44682544,120.6779626 31.44685213,120.6779677 31.44687882,120.677973 31.4469055,120.6779782 31.44693218,120.6779834 31.44695887,120.6779887 31.44698554,120.6779939 31.44701222,120.6779992 31.4470389,120.6780045 31.44706557,120.6780098 31.44709224,120.678015 31.44711893,120.6780203 31.4471456,120.6780256 31.44717227,120.6780309 31.44719895,120.678036 31.44722565,120.6780413 31.44725232,120.6780465 31.44727901,120.6780516 31.44730571,120.6780568 31.44733239,120.678062 31.44735909,120.6780672 31.44738578,120.6780723 31.44741247,120.6780774 31.44743917,120.6780825 31.44746587,120.6780877 31.44749256,120.6780929 31.44751924,120.6780982 31.44754593,120.6781035 31.4475726,120.6781088 31.44759927,120.6781141 31.44762594,120.6781193 31.44765263,120.6781246 31.4476793,120.67813 31.44770595,120.6781352 31.44773264,120.6781405 31.44775931,120.6781457 31.447786,120.678151 31.44781267,120.6781563 31.44783935,120.6781615 31.44786602,120.6781668 31.4478927,120.6781721 31.44791937,120.6781773 31.44794606,120.6781826 31.44797274,120.6781878 31.44799942,120.678193 31.44802611,120.6781983 31.44805279,120.6782035 31.44807947,120.6782087 31.44810615,120.6782141 31.44813281,120.6782194 31.44815949,120.6782246 31.44818617,120.6782301 31.44821282,120.6782354 31.44823949,120.6782408 31.44826614,120.6782462 31.4482928,120.6782517 31.44831945,120.6782572 31.44834609,120.6782627 31.44837273,120.6782683 31.44839936,120.6782737 31.448426,120.6782794 31.44845262,120.678285 31.44847925,120.6782905 31.44850589,120.6782961 31.44853251,120.6783018 31.44855913,120.6783075 31.44858574,120.6783131 31.44861237,120.678319 31.44863895,120.6783247 31.44866555,120.6783304 31.44869216,120.6783361 31.44871878,120.6783418 31.4487454,120.6783474 31.44877201,120.6783531 31.44879862,120.6783589 31.44882523,120.6783646 31.44885184,120.6783704 31.44887844,120.6783762 31.44890503,120.678382 31.44893163,120.6783878 31.44895822,120.6783937 31.4489848,120.6783997 31.44901137,120.6784055 31.44903796,120.6784116 31.44906451,120.6784173 31.44909111,120.6784234 31.44911767,120.6784292 31.44914426,120.6784353 31.44917081,120.6784413 31.44919738,120.6784473 31.44922394,120.6784533 31.4492505,120.6784594 31.44927705,120.6784654 31.44930361,120.6784715 31.44933015,120.6784775 31.44935672,120.6784839 31.44938321,120.6784897 31.44940979,120.678496 31.44943632,120.6785022 31.44946284,120.6785084 31.44948937,120.6785145 31.44951591,120.6785208 31.44954243,120.678527 31.44956896,120.6785334 31.44959545,120.6785396 31.44962198,120.678546 31.44964848,120.6785524 31.44967496,120.6785589 31.44970145,120.6785653 31.44972795,120.6785716 31.44975445,120.6785781 31.44978093,120.6785844 31.44980744,120.6785908 31.44983393,120.6785972 31.44986043,120.6786036 31.44988693,120.67861 31.44991342,120.6786164 31.44993991,120.6786229 31.44996639,120.6786293 31.44999288,120.6786357 31.45001937,120.6786423 31.45004585,120.6786487 31.45007234,120.6786552 31.45009882,120.6786616 31.4501253,120.678668 31.4501518,120.6786745 31.45017827,120.678681 31.45020475,120.6786876 31.45023121,120.6786943 31.45025765,120.6787008 31.45028414,120.6787074 31.45031059,120.678714 31.45033704,120.6787207 31.45036348,120.6787274 31.45038993,120.678734 31.45041638,120.6787407 31.45044283,120.6787473 31.45046928,120.678754 31.45049572,120.6787607 31.45052216,120.6787674 31.4505486,120.6787742 31.45057502,120.678781 31.45060144,120.6787878 31.45062786,120.6787947 31.45065428,120.6788016 31.45068068,120.6788083 31.4507071,120.6788154 31.45073347,120.6788224 31.45075985,120.6788294 31.45078623,120.6788365 31.45081261,120.6788434 31.450839,120.6788505 31.45086538,120.6788574 31.45089176,120.6788647 31.4509181,120.6788715 31.45094451,120.6788786 31.45097087,120.6788857 31.45099725,120.6788927 31.45102362,120.6788998 31.45104999,120.678907 31.45107633,120.678914 31.45110272,120.6789211 31.45112908,120.6789283 31.45115541,120.6789355 31.45118176,120.6789426 31.45120813,120.6789498 31.45123446,120.678957 31.45126081,120.6789641 31.45128716,120.6789714 31.45131349,120.6789787 31.45133982,120.6789858 31.45136618,120.6789931 31.45139249,120.6790004 31.45141882,120.6790078 31.45144512,120.6790151 31.45147144,120.6790224 31.45149778,120.6790297 31.45152409,120.6790371 31.45155039,120.6790446 31.45157668,120.6790519 31.451603,120.6790592 31.45162932,120.6790667 31.4516556,120.6790741 31.45168191,120.6790817 31.45170817,120.6790891 31.45173446,120.6790966 31.45176076,120.6791041 31.45178704,120.6791117 31.4518133,120.6791193 31.45183956,120.6791269 31.45186581,120.6791347 31.45189202,120.6791425 31.45191825,120.6791505 31.45194441,120.6791585 31.45197057,120.6791668 31.4519967,120.6791746 31.45202289,120.6791829 31.45204897,120.679191 31.45207515,120.6791987 31.45210138,120.6792068 31.45212751,120.6792147 31.45215369,120.6792222 31.45217997,120.6792303 31.45220611,120.6792376 31.45223241,120.6792456 31.45225858,120.6792528 31.45228487,120.6792613 31.45231095,120.6792687 31.4523372,120.6792771 31.45236327,120.6792851 31.45238943,120.6792929 31.45241568,120.6793008 31.45244185,120.6793095 31.45246787,120.6793176 31.45249401,120.6793255 31.45252017,120.679334 31.45254618,120.6793419 31.45257242,120.6793494 31.45259867,120.6793573 31.45262483,120.679365 31.45265106,120.6793721 31.45267742,120.6793799 31.45270361,120.6793877 31.45272984,120.6793954 31.45275609,120.679403 31.45278232,120.6794115 31.45280838,120.6794193 31.4528346,120.6794281 31.45286057,120.6794361 31.45288676,)
50:LineString(120.6759504 31.43657909,120.6759568 31.43660558,120.6759631 31.43663209,120.6759694 31.4366586,120.6759757 31.43668512,120.6759817 31.43671168,120.6759876 31.43673826,120.6759938 31.43676479,120.6760001 31.43679131,120.6760062 31.43681785,120.6760122 31.43684441,120.6760185 31.43687092,120.6760239 31.43689754,120.6760302 31.43692406,120.6760361 31.43695064,120.6760425 31.43697715,120.6760483 31.43700373,120.6760549 31.43703018,120.6760608 31.43705677,120.6760667 31.43708334,120.6760728 31.4371099,120.6760789 31.43713644,120.676085 31.43716299,120.676091 31.43718955,120.6760968 31.43721614,120.6761028 31.4372427,120.6761087 31.43726928,120.6761149 31.43729582,120.6761206 31.43732242,120.6761265 31.43734901,120.6761324 31.43737559,120.6761384 31.43740214,120.6761445 31.43742869,120.676151 31.43745517,120.6761565 31.4374818,120.6761629 31.4375083,120.6761695 31.43753476,120.6761765 31.43756116,120.6761827 31.43758768,120.6761886 31.43761426,120.6761947 31.4376408,120.676201 31.43766731,120.6762063 31.43769398,120.6762119 31.43772063,120.6762173 31.43774728,120.6762223 31.43777401,120.6762267 31.43780081,120.6762314 31.4378276,120.6762388 31.43785368,120.6762408 31.43788043,120.6762475 31.43790695,120.6762535 31.43793354,120.6762594 31.43796014,120.6762651 31.43798676,120.6762708 31.43801338,120.6762764 31.43804,120.6762821 31.43806662,120.6762875 31.43809327,120.6762931 31.4381199,120.6762985 31.43814655,120.676304 31.4381732,120.6763095 31.43819985,120.6763149 31.43822651,120.6763204 31.43825314,120.6763254 31.43827985,120.6763311 31.43830646,120.6763368 31.43833308,120.6763423 31.43835972,120.6763478 31.43838636,120.6763531 31.43841303,120.6763589 31.43843963,120.6763642 31.43846631,120.6763696 31.43849297,120.676375 31.43851962,120.6763804 31.43854628,120.6763858 31.43857293,120.6763911 31.43859961,120.6763967 31.43862624,120.6764019 31.43865292,120.6764072 31.43867959,120.6764125 31.43870626,120.6764178 31.43873294,120.676423 31.43875962,120.6764283 31.4387863,120.6764336 31.43881297,120.6764387 31.43883968,120.6764439 31.43886636,120.6764491 31.43889305,120.6764543 31.43891973,120.6764597 31.4389464,120.676465 31.43897307,120.6764703 31.43899973,120.6764757 31.43902639,120.6764811 31.43905305,120.6764863 31.43907974,120.6764916 31.43910642,120.6764968 31.43913311,120.676502 31.43915978,120.6765075 31.43918644,120.6765124 31.43921316,120.6765178 31.43923981,120.6765233 31.43926646,120.6765287 31.43929312,120.6765339 31.4393198,120.676539 31.4393465,120.6765445 31.43937312,120.6765493 31.43939987,120.6765545 31.43942656,120.6765596 31.43945326,120.6765649 31.43947993,120.6765703 31.43950659,120.6765759 31.43953322,120.6765813 31.43955987,120.6765867 31.43958653,120.676592 31.4396132,120.6765974 31.43963986,120.6766026 31.43966655,120.6766075 31.43969328,120.6766131 31.43971988,120.6766181 31.43974658,120.6766235 31.43977325,120.6766285 31.43979997,120.6766339 31.43982662,120.6766389 31.43985333,120.676644 31.43988004,120.676649 31.43990675,120.6766543 31.43993343,120.6766595 31.43996011,120.6766649 31.43998678,120.67667 31.44001347,120.6766756 31.44004008,120.6766804 31.44006683,120.6766854 31.44009355,120.6766906 31.44012024,120.6766958 31.44014692,120.676701 31.44017361,120.6767059 31.44020034,120.6767113 31.44022699,120.6767158 31.44025376,120.676721 31.44028046,120.6767261 31.44030715,120.6767312 31.44033386,120.6767363 31.44036056,120.6767416 31.4403872,120.6767459 31.44041397,120.6767514 31.4404406,120.6767566 31.4404673,120.6767621 31.44049395,120.6767671 31.44052066,120.6767724 31.44054734,120.6767776 31.44057402,120.6767828 31.44060071,120.676788 31.44062739,120.6767933 31.44065407,120.6767985 31.44068075,120.6768038 31.44070742,120.676809 31.44073412,120.6768141 31.44076082,120.6768192 31.44078752,120.6768244 31.44081421,120.6768296 31.4408409,120.6768347 31.44086759,120.6768399 31.44089429,120.676845 31.44092098,120.6768499 31.4409477,120.6768552 31.44097438,120.6768603 31.44100108,120.6768655 31.44102778,120.6768706 31.44105447,120.6768759 31.44108114,120.676881 31.44110784,120.6768862 31.44113453,120.6768915 31.44116121,120.6768967 31.44118789,120.6769019 31.44121458,120.676907 31.44124129,120.6769123 31.44126795,120.6769174 31.44129465,120.6769226 31.44132133,120.6769278 31.44134803,120.676933 31.44137471,120.6769383 31.44140138,120.6769436 31.44142806,120.6769488 31.44145475,120.676954 31.44148144,120.6769592 31.44150812,120.6769644 31.4415348,120.6769695 31.44156151,120.6769747 31.44158818,120.6769797 31.4416149,120.6769849 31.44164159,120.67699 31.44166829,120.6769951 31.44169499,120.6770002 31.44172169,120.6770052 31.4417484,120.6770105 31.44177509,120.6770157 31.44180178,120.6770209 31.44182846,120.6770261 31.44185514,120.6770315 31.4418818,120.6770368 31.44190848,120.6770421 31.44193515,120.6770473 31.44196183,120.6770526 31.44198851,120.6770577 31.4420152,120.6770631 31.44204185,120.6770682 31.44206856,120.6770734 31.44209525,120.6770786 31.44212193,120.6770838 31.44214863,120.6770889 31.44217532,120.6770938 31.44220205,120.677099 31.44222874,120.6771043 31.44225542,120.6771095 31.4422821,120.6771148 31.44230877,120.6771201 31.44233545,120.6771251 31.44236216,120.6771304 31.44238883,120.6771357 31.44241551,120.6771409 31.44244219,120.6771462 31.44246886,120.6771515 31.44249554,120.6771568 31.44252221,120.6771619 31.44254891,120.6771671 31.4425756,120.6771721 31.44260232,120.6771773 31.44262899,120.6771826 31.44265568,120.6771877 31.44268237,120.6771929 31.44270906,120.677198 31.44273576,120.6772032 31.44276245,120.6772084 31.44278913,120.6772138 31.4428158,120.6772191 31.44284247,120.6772244 31.44286915,120.6772296 31.44289583,120.6772348 31.44292251,120.6772399 31.44294922,120.6772456 31.44297581,120.6772507 31.44300252,120.6772559 31.4430292,120.6772612 31.44305588,120.6772663 31.44308257,120.6772717 31.44310924,120.6772768 31.44313594,120.6772824 31.44316256,120.6772877 31.44318924,120.6772929 31.44321592,120.6772982 31.44324259,120.6773035 31.44326927,120.6773088 31.44329594,120.6773142 31.4433226,120.6773196 31.44334926,120.677325 31.44337592,120.6773303 31.44340258,120.6773357 31.44342924,120.6773408 31.44345595,120.6773461 31.44348262,120.6773513 31.44350932,120.6773565 31.44353605,120.6773618 31.44356294,120.6773669 31.44359023,120.6773727 31.44361918,120.6773769 31.44364366,120.6773823 31.44366971,120.6773875 31.44369621,120.6773929 31.44372282,120.677398 31.44374949,120.6774034 31.44377615,120.6774083 31.44380286,120.6774135 31.44382956,120.6774187 31.44385625,120.6774238 31.44388295,120.677429 31.44390963,120.6774342 31.44393631,120.6774397 31.44396296,120.677445 31.44398963,120.6774503 31.4440163,120.6774555 31.44404299,120.6774605 31.44406971,120.6774657 31.4440964,120.6774708 31.4441231,120.677476 31.44414979,120.6774812 31.44417647,120.6774863 31.44420316,120.6774916 31.44422985,120.6774969 31.44425652,120.677502 31.44428321,120.6775072 31.4443099,120.6775125 31.44433658,120.6775177 31.44436326,120.6775229 31.44438995,120.6775282 31.44441663,120.6775334 31.44444331,120.6775386 31.44447,120.6775437 31.4444967,120.6775489 31.44452338,120.6775542 31.44455005,120.6775595 31.44457673,120.6775647 31.44460341,120.6775699 31.44463011,120.6775749 31.44465682,120.6775801 31.44468351,120.6775854 31.44471018,120.6775906 31.44473686,120.6775958 31.44476356,120.677601 31.44479024,120.6776063 31.44481691,120.6776111 31.44484365,120.6776164 31.44487032,120.6776218 31.44489699,120.677627 31.44492367,120.6776322 31.44495035,120.6776375 31.44497702,120.6776426 31.44500372,120.6776478 31.44503041,120.677653 31.44505709,120.6776582 31.44508378,120.6776634 31.44511047,120.6776686 31.44513717,120.6776736 31.44516388,120.6776789 31.44519055,120.6776841 31.44521723,120.6776894 31.44524391,120.6776946 31.4452706,120.6776997 31.4452973,120.6777048 31.44532399,120.67771 31.44535068,120.6777152 31.44537737,120.6777204 31.44540406,120.6777256 31.44543074,120.677731 31.44545741,120.677736 31.44548412,120.6777413 31.44551079,120.6777466 31.44553746,120.6777521 31.4455641,120.6777576 31.44559074,120.6777628 31.44561744,120.6777679 31.44564414,120.6777729 31.44567084,120.6777781 31.44569754,120.6777832 31.44572423,120.6777885 31.44575091,120.6777936 31.44577761,120.6777987 31.44580431,120.6778038 31.44583101,120.6778089 31.44585771,120.6778139 31.44588442,120.6778193 31.44591108,120.6778244 31.44593777,120.6778295 31.44596448,120.6778351 31.44599111,120.6778401 31.44601782,120.6778453 31.4460445,120.6778505 31.4460712,120.6778556 31.4460979,120.6778605 31.44612463,120.6778658 31.44615129,120.6778707 31.44617802,120.6778759 31.44620471,120.677881 31.4462314,120.6778862 31.44625809,120.6778914 31.44628478,120.6778966 31.44631147,120.6779018 31.44633815,120.677907 31.44636484,120.6779122 31.44639153,120.6779173 31.44641823,120.6779224 31.44644492,120.6779275 31.44647162,120.6779327 31.44649832,120.677938 31.44652499,120.6779431 31.44655169,120.6779485 31.44657835,120.6779538 31.44660502,120.677959 31.44663171,120.6779642 31.44665839,120.6779694 31.44668508,120.6779745 31.44671178,120.6779796 31.44673848,120.6779847 31.44676519,120.6779899 31.44679187,120.677995 31.44681857,120.6780002 31.44684525,120.6780055 31.44687193,120.6780107 31.44689862,120.678016 31.44692529,120.6780212 31.44695198,120.6780264 31.44697867,120.6780316 31.44700536,120.678037 31.447032,120.6780419 31.44705873,120.6780473 31.44708539,120.678052 31.44711214,120.6780573 31.44713881,120.6780624 31.44716551,120.6780673 31.44719224,120.6780723 31.44721896,120.6780773 31.44724566,120.6780825 31.44727235,120.6780879 31.44729901,120.6780933 31.44732566,120.6780986 31.44735234,120.6781034 31.44737909,120.6781088 31.44740574,120.6781139 31.44743248,120.678119 31.44745915,120.6781244 31.44748685,120.6781304 31.44751223,120.6781364 31.44753884,120.6781422 31.44756536,120.6781489 31.44759182,120.678154 31.44761853,120.67816 31.44764506,120.6781651 31.4476717,120.6781693 31.44769867,120.6781753 31.44772372,120.6781789 31.44775009,120.6781827 31.44777716,120.6781902 31.44780448,120.6781915 31.44782883,120.6781978 31.44785518,120.6782046 31.44788221,120.6782091 31.44790899,120.6782147 31.4479356,120.67822 31.44796228,120.6782254 31.44798895,120.6782304 31.44801565,120.678236 31.44804227,120.6782411 31.44806896,120.6782467 31.4480956,120.6782519 31.44812229,120.6782573 31.44814895,120.6782625 31.44817563,120.6782679 31.44820228,120.6782728 31.448229,120.6782782 31.44825567,120.6782837 31.4482823,120.6782891 31.44830895,120.6782946 31.44833559,120.6783 31.44836225,120.6783055 31.4483889,120.6783109 31.44841556,120.6783166 31.44844217,120.6783222 31.4484688,120.6783281 31.44849538,120.6783342 31.44852192,120.6783401 31.4485485,120.6783457 31.4485751,120.6783518 31.44860167,120.6783572 31.44862831,120.6783628 31.44865495,120.6783685 31.44868153,120.6783739 31.44870818,120.6783796 31.44873479,120.6783851 31.44876141,120.678391 31.44878799,120.6783966 31.44881461,120.6784024 31.44884121,120.6784082 31.4488678,120.678414 31.44889439,120.6784197 31.44892101,120.6784256 31.44894759,120.6784315 31.44897415,120.6784375 31.44900072,120.6784434 31.4490273,120.6784495 31.44905384,120.6784555 31.44908041,120.6784616 31.44910695,120.6784675 31.44913354,120.6784734 31.44916011,120.6784794 31.44918668,120.6784854 31.44921324,120.6784915 31.44923978,120.6784974 31.44926636,120.6785036 31.44929289,120.6785096 31.44931945,120.6785158 31.44934598,120.6785221 31.4493725,120.6785283 31.44939903,120.6785345 31.44942555,120.6785408 31.44945207,120.678547 31.44947861,120.6785533 31.44950511,120.6785595 31.44953164,120.6785654 31.44955823,120.6785717 31.44958474,120.6785779 31.44961126,120.6785844 31.44963774,120.6785908 31.44966424,120.6785973 31.44969071,120.6786039 31.44971717,120.6786103 31.44974366,120.6786168 31.44977014,120.6786232 31.44979663,120.6786297 31.44982311,120.6786361 31.44984961,120.6786428 31.44987605,120.6786488 31.44990262,120.6786558 31.44992897,120.6786619 31.44995552,120.6786685 31.44998197,120.6786749 31.45000847,120.6786814 31.45003494,120.6786879 31.45006142,120.6786945 31.45008787,120.6787009 31.45011437,120.6787075 31.45014083,120.6787138 31.45016734,120.6787202 31.45019383,120.6787265 31.45022034,120.6787329 31.45024683,120.6787393 31.45027333,120.678746 31.45029978,120.6787525 31.45032625,120.6787592 31.45035269,120.6787659 31.45037912,120.6787726 31.45040556,120.6787793 31.450432,120.6787861 31.45045842,120.678793 31.45048482,120.6787997 31.45051126,120.6788065 31.45053768,120.6788134 31.45056408,120.6788202 31.4505905,120.678827 31.45061693,120.6788339 31.45064332,120.678841 31.45066968,120.6788478 31.4506961,120.6788547 31.45072251,120.6788613 31.45074898,120.6788681 31.45077539,120.6788754 31.45080173,120.6788821 31.45082814,120.6788893 31.45085447,120.6788962 31.45088088,120.6789041 31.45090703,120.678911 31.4509334,120.6789168 31.45095996,120.6789241 31.45098628,120.6789301 31.45101283,120.6789367 31.45103929,120.6789435 31.45106571,120.6789509 31.45109204,120.6789579 31.45111841,120.6789653 31.45114473,120.6789722 31.45117112,120.6789793 31.45119747,120.6789867 31.45122377,120.6789938 31.45125013,120.6790011 31.45127646,120.679008 31.45130282,120.6790155 31.4513291,120.6790227 31.45135543,120.6790299 31.45138177,120.6790373 31.45140809,120.6790445 31.45143443,120.6790517 31.45146076,120.6790591 31.45148706,120.6790664 31.45151339,120.6790736 31.45153974,120.679081 31.45156603,120.6790883 31.45159236,120.6790958 31.45161864,120.679103 31.45164497,120.6791105 31.45167125,120.6791182 31.45169751,120.6791255 31.45172382,120.6791331 31.45175008,120.6791407 31.45177635,120.6791481 31.45180265,120.6791558 31.45182888,120.6791635 31.45185513,120.6791712 31.45188137,120.679179 31.45190759,120.6791868 31.4519338,120.6791948 31.45195996,120.6792029 31.45198612,120.6792109 31.45201228,120.6792193 31.45203835,120.6792274 31.45206451,120.6792353 31.45209071,120.6792432 31.45211689,120.6792512 31.45214308,120.6792586 31.45216938,120.6792668 31.45219552,120.679274 31.45222181,120.6792828 31.4522502,120.679289 31.45227431,120.6792975 31.45230032,120.6793051 31.45232652,120.679313 31.4523527,120.679321 31.45237886,120.6793288 31.45240509,120.6793365 31.4524313,120.679345 31.45245734,120.679353 31.45248353,120.6793606 31.45250977,120.6793687 31.45253587,120.6793762 31.45256215,120.6793837 31.45258846,120.6793915 31.45261466,120.6793996 31.45264082,120.6794068 31.45266714,120.6794148 31.45269328,120.6794228 31.45271947,120.6794309 31.45274563,120.6794377 31.45277194,120.6794476 31.45279746,120.6794547 31.45282385,120.6794626 31.45285005,120.67947 31.45287637,120.6794789 31.45290231,120.679486 31.45292867,120.6794943 31.45295478,120.6795024 31.45298091,120.6795106 31.45300705,120.6795187 31.4530332,120.6795268 31.45305934,120.6795349 31.45308549,)
51:LineString(120.6792979 31.45216688,120.6793055 31.45219315,120.6793132 31.45221937,120.6793211 31.45224558,120.6793288 31.4522718,120.6793367 31.45229801,120.6793446 31.45232421,120.6793525 31.45235039,120.6793604 31.4523766,120.6793683 31.45240279,120.6793763 31.45242895,120.6793845 31.45245509,120.6793924 31.45248129,120.6794004 31.45250746,120.6794077 31.45253377,120.6794156 31.45255998,120.6794234 31.45258618,120.6794309 31.45261247,120.6794386 31.45263871,120.6794465 31.45266489,120.6794538 31.45269119,120.6794619 31.45271734,120.6794699 31.45274352,120.679477 31.45276979,120.679487 31.45279535,120.6794951 31.45282152,120.6795026 31.45284783,120.6795121 31.45287363,120.6795197 31.45289986,120.6795297 31.4529255,120.6795378 31.45295166,120.6795462 31.45297775,120.6795546 31.45300382,120.6795631 31.45302988,120.6795715 31.45305595,120.6795799 31.45308204,)
52:LineString(120.6794615 31.45257691,120.6794691 31.45260316,120.6794769 31.45262938,120.6794846 31.45265562,120.6794924 31.45268186,120.6795002 31.45270806,120.6795083 31.45273422,120.6795164 31.45276036,120.6795245 31.45278651,120.6795328 31.45281262,120.6795412 31.4528387,120.6795497 31.45286475,120.6795582 31.45289082,120.6795665 31.45291692,120.6795753 31.45294287,120.679584 31.45296887,120.6795922 31.45299498,120.6796004 31.45302111,120.6796094 31.45304701,120.6796178 31.45307308,120.6796267 31.45309904,120.6796356 31.45312499,120.6796444 31.45315099,120.679653 31.453177,120.6796621 31.4532029,120.6796712 31.4532288,120.6796799 31.45325479,120.6796892 31.45328061,120.6796985 31.45330645,120.6797061 31.45333269,120.6797151 31.45335861,120.679724 31.45338458,120.6797329 31.45341053,120.6797418 31.45343649,120.6797507 31.45346245,120.6797594 31.45348845,120.6797681 31.45351446,120.6797768 31.45354047,120.6797851 31.45356657,120.6797939 31.45359255,120.6798028 31.45361852,120.6798115 31.45364452,120.67982 31.45367054,120.679829 31.45369645,120.6798376 31.45372251,120.679846 31.45374858,120.6798548 31.45377455,120.6798632 31.45380063,120.6798723 31.45382653,120.6798808 31.45385257,120.6798898 31.45387851,120.6798986 31.45390449,120.6799069 31.45393052,120.6799165 31.4539562,120.6799251 31.45398224,120.6799338 31.45400825,120.6799427 31.45403419,120.679952 31.45406006,120.6799602 31.45408614,120.6799697 31.45411196,120.6799786 31.45413791,120.6799876 31.45416385,120.6799962 31.45418988,120.6800056 31.45421569,120.680014 31.45424176,120.680023 31.4542677,120.6800322 31.45429359,120.680041 31.45431957,120.68005 31.45434551,120.6800592 31.45437138,120.6800681 31.45439733,120.6800775 31.45442317,120.6800863 31.45444914,120.6800953 31.45447507,120.6801048 31.45450086,120.6801136 31.45452686,120.6801228 31.45455272,120.680132 31.45457862,120.6801411 31.45460453,120.6801503 31.45463041,120.6801596 31.45465627,120.6801687 31.45468217,120.6801781 31.454708,120.6801873 31.45473388,120.6801967 31.45475971,120.6802061 31.45478554,120.6802156 31.45481134,120.680225 31.45483717,120.6802342 31.45486305,120.6802435 31.45488891,120.6802527 31.45491479,120.680262 31.45494063,120.6802712 31.45496651,120.6802806 31.45499235,120.68029 31.45501817,120.6802995 31.45504399,120.680309 31.45506979,120.6803185 31.45509559,120.6803276 31.45512149,120.6803372 31.45514726,120.6803467 31.45517307,120.6803559 31.45519895,120.6803653 31.45522477,120.6803745 31.45525067,120.6803841 31.45527642,120.6803933 31.45530231,120.680403 31.45532803,120.6804125 31.45535385,120.6804224 31.45537953,120.6804324 31.45540521,120.680442 31.45543095,120.6804522 31.45545655,120.6804615 31.4554824,120.6804717 31.45550795,120.6804815 31.45553368,120.6804909 31.45555948,120.6805009 31.45558513,120.6805103 31.45561097,120.6805203 31.45563659,120.6805298 31.4556624,120.6805399 31.45568803,120.6805497 31.45571374,120.6805597 31.45573939,120.6805702 31.45576494,120.6805799 31.45579066,120.6805902 31.45581623,120.6806002 31.45584187,120.68061 31.45586759,120.6806205 31.4558931,120.6806305 31.45591875,120.6806408 31.45594434,120.6806513 31.45596985,)
53:LineString(120.6796679 31.45333473,120.6796766 31.45336075,120.6796853 31.45338676,120.679694 31.45341277,120.6797026 31.4534388,120.6797113 31.45346481,120.67972 31.45349083,120.6797287 31.45351683,120.6797374 31.45354283,120.679746 31.45356886,120.6797546 31.45359489,120.6797634 31.45362088,120.6797723 31.45364685,120.679781 31.45367286,120.6797897 31.45369885,120.6797984 31.45372488,120.679807 31.45375089,120.6798157 31.45377691,120.6798242 31.45380297,120.6798329 31.45382897,120.6798415 31.453855,120.6798502 31.45388101,120.6798589 31.45390702,120.6798676 31.45393303,120.6798764 31.45395902,120.6798851 31.45398501,120.6798942 31.45401094,120.679903 31.45403691,120.6799119 31.45406288,120.6799208 31.45408882,120.6799298 31.45411476,120.6799388 31.4541407,120.6799478 31.45416662,120.6799567 31.45419258,120.6799655 31.45421857,120.6799748 31.45424442,120.6799832 31.45427049,120.6799923 31.45429642,120.6800013 31.45432234,120.6800101 31.45434832,120.6800193 31.45437422,120.6800283 31.45440015,120.6800373 31.45442606,120.6800464 31.45445197,120.6800554 31.4544779,120.6800647 31.45450377,120.6800737 31.45452971,120.6800829 31.45455559,120.680092 31.45458149,120.6801012 31.45460738,120.6801103 31.45463328,120.6801195 31.45465915,120.6801289 31.45468499,120.6801382 31.45471085,120.6801475 31.4547367,120.6801568 31.45476256,120.6801662 31.45478839,120.6801755 31.45481423,120.6801849 31.45484008,120.6801943 31.4548659,120.6802037 31.45489173,120.680213 31.45491759,120.6802225 31.45494338,120.6802318 31.45496923,120.6802412 31.45499507,120.6802505 31.45502091,120.6802601 31.45504671,120.6802695 31.45507253,120.6802789 31.45509834,120.6802883 31.45512418,120.680298 31.45514994,120.6803074 31.45517576,120.6803169 31.45520155,120.6803263 31.4552274,120.6803352 31.45525335,120.6803451 31.45527903,120.6803546 31.45530486,120.6803642 31.45533061,120.6803733 31.45535651,120.6803827 31.4553823,120.6803921 31.45540817,120.6804006 31.45543422,120.6804096 31.45546012,120.6804183 31.45548614,120.6804271 31.45551211,120.6804365 31.45553794,120.6804459 31.45556375,120.6804559 31.45558931,120.6804679 31.45561429,120.6804799 31.45563953,120.680491 31.45566529,120.6804992 31.45569154,120.680513 31.4557136,120.6805193 31.45573961,120.6805298 31.45576512,120.6805403 31.45579098,120.6805505 31.4558166,120.6805604 31.4558423,120.6805706 31.4558679,120.6805806 31.45589357,120.6805906 31.45591921,120.6806004 31.45594494,120.6806097 31.45597079,)
54:LineString(120.6804387 31.45560445,120.6804469 31.45563058,120.6804546 31.45565682,120.6804628 31.45568296,120.6804721 31.45570882,120.6804818 31.45573458,120.6804918 31.45576024,120.6805013 31.45578601,120.6805107 31.45581184,120.6805201 31.45583763,120.68053 31.4558633,120.6805397 31.455889,120.6805491 31.45591469,120.6805597 31.45593947,120.6805644 31.45596553,120.6805745 31.45599113,)
55:LineString(120.6799422 31.45627199,120.6799106 31.45627327,120.6798791 31.4562743,120.6798475 31.45627526,120.679816 31.45627619,120.6797845 31.45627708,120.6797529 31.45627799,120.6797214 31.45627885,120.6796898 31.45627976,120.6796583 31.4562805,120.6796267 31.45628118,120.6795952 31.45628146,120.6795636 31.45628185,120.6795321 31.45628199,120.6795005 31.45628222,120.6794689 31.45628192,120.6794374 31.45628073,120.6794058 31.45627947,120.6793743 31.45627866,120.6793428 31.45627793,120.6793112 31.45627789,120.6792796 31.45627783,120.6792481 31.45627848,120.6792165 31.45627917,120.6791844 31.45628004,120.6791537 31.45628119,120.6791221 31.45628242,120.6790906 31.45628312,120.6790591 31.45628427,120.6790275 31.45628504,120.678996 31.45628603,120.6789645 31.45628665,120.6789329 31.45628736,120.6789014 31.45628808,120.6788698 31.4562886,120.6788383 31.45628958,120.6788067 31.45629024,120.6787752 31.456291,120.6787436 31.45629175,120.6787121 31.45629229,120.6786805 31.45629327,120.678649 31.45629368,120.6786174 31.45629453,120.6785859 31.45629533,120.6785543 31.45629611,)
56:LineString(120.6799363 31.45624439,120.6799048 31.45624557,120.6798732 31.4562462,120.6798416 31.45624629,120.6798101 31.45624683,120.6797785 31.45624774,120.679747 31.45624868,120.6797154 31.45624953,120.6796839 31.45625042,120.6796524 31.45625131,120.6796208 31.45625196,120.6795893 31.45625253,120.6795577 31.45625292,120.6795261 31.45625408,120.6794946 31.45625455,120.679463 31.45625434,120.6794317 31.45625418,120.6793999 31.45625185,120.6793689 31.45625173,120.6793388 31.45624309,120.6793062 31.45623992,120.6792722 31.45624119,120.6792464 31.4562404,120.679214 31.45624212,120.6791868 31.4562447,120.6791553 31.45624487,120.6791237 31.45624625,120.6790921 31.45624703,120.6790607 31.45624791,120.679029 31.45624924,120.6789979 31.45624998,120.6789668 31.45625265,120.6789351 31.45625351,120.6789036 31.45625486,120.6788721 31.45625579,120.6788405 31.45625668,120.678809 31.4562577,120.6787774 31.45625846,120.6787459 31.45625915,120.6787143 31.45625989,120.6786828 31.45626072,)
57:LineString(120.6779837 31.45631023,120.6779521 31.45631101,120.6779206 31.45631179,120.677889 31.45631256,120.6778575 31.45631338,120.6778259 31.45631425,120.6777944 31.45631509,120.6777628 31.45631594,120.6777313 31.45631684,120.6776997 31.45631773,120.6776682 31.45631861,120.6776366 31.45631949,120.6776051 31.45632023,120.6775735 31.45632108,120.677542 31.45632177,120.6775104 31.45632257,120.6774789 31.45632331,120.6774473 31.45632403,120.6774158 31.45632472,120.6773842 31.45632539,120.6773527 31.45632613,120.6773211 31.45632681,120.6772896 31.45632759,120.677258 31.45632833,120.6772265 31.45632911,120.6771949 31.45632981,120.6771634 31.45633055,120.6771318 31.45633124,120.6771003 31.45633199,120.6770687 31.45633275,120.6770372 31.4563335,120.6770056 31.45633432,120.6769741 31.45633505,120.6769425 31.45633582,120.676911 31.45633666,120.6768794 31.45633746,120.6768479 31.45633831,120.6768163 31.45633908,120.6767848 31.45633974,120.6767532 31.45634026,120.6767217 31.45634089,120.6766901 31.45634157,120.6766585 31.45634234,120.676627 31.45634319,120.6765955 31.45634393,120.6765639 31.45634481,120.6765323 31.45634574,120.6765009 31.4563465,120.6764694 31.45634755,120.6764379 31.45634822,120.6764063 31.45634894,120.6763748 31.45634977,120.6763432 31.45635043,120.6763117 31.4563513,120.6762801 31.45635196,120.6762486 31.45635262,120.676217 31.45635328,120.6761854 31.45635386,120.6761539 31.45635449,120.6761223 31.45635513,120.6760908 31.45635586,120.6760592 31.45635656,120.6760277 31.45635732,120.6759961 31.4563582,120.6759646 31.45635892,120.675933 31.45635975,120.6759015 31.4563604,120.6758699 31.45636132,120.6758384 31.45636206,120.6758069 31.45636315,120.6757753 31.45636388,120.6757438 31.4563647,120.6757122 31.45636524,120.6756807 31.45636609,120.6756491 31.45636649,120.6756175 31.45636683,120.675586 31.45636739,120.6755544 31.45636773,120.6755229 31.45636838,120.6754913 31.45636885,120.6754598 31.45636932,120.6754282 31.45636991,120.6753967 31.456369,120.6753656 31.45636303,120.6753342 31.4563601,120.6753011 31.45636071,120.6752762 31.45635942,120.6752437 31.45636081,120.6752118 31.45636122,120.6751801 31.45636186,120.6751484 31.45636252,120.6751168 31.45636316,120.6750853 31.45636378,120.6750537 31.45636437,120.6750221 31.45636505,120.6749906 31.45636557,120.6749591 31.45636644,120.6749275 31.45636702,120.674896 31.45636794,120.6748644 31.45636918,120.6748329 31.45637006,120.6748014 31.45637085,120.6747698 31.45637138,120.6747382 31.45637176,120.6747067 31.45637209,120.6746751 31.45637243,120.6746436 31.45637443,)
58:LineString(120.6779618 31.45627796,120.6779303 31.45627873,120.6778987 31.45627964,120.6778672 31.45628036,120.6778356 31.45628111,120.6778041 31.45628185,120.6777725 31.45628254,120.6777409 31.45628324,120.6777094 31.45628401,120.6776778 31.45628474,120.6776463 31.45628542,120.6776147 31.45628616,120.6775832 31.4562869,120.6775516 31.45628761,120.6775201 31.45628842,120.6774885 31.45628924,120.677457 31.4562901,120.6774254 31.45629081,120.6773939 31.45629164,120.6773623 31.45629223,120.6773308 31.45629307,120.6772992 31.45629375,120.6772677 31.45629456,120.6772361 31.45629544,120.6772046 31.4562962,120.677173 31.45629693,120.6771415 31.4562978,120.6771099 31.45629842,120.6770784 31.45629924,120.6770469 31.4563,120.6770153 31.45630086,120.6769838 31.45630158,120.6769522 31.45630237,120.6769207 31.4563031,120.6768891 31.45630387,120.6768576 31.45630467,120.676826 31.45630559,120.6767945 31.45630636,120.6767629 31.45630703,120.6767314 31.45630775,120.6766998 31.45630829,120.6766682 31.45630904,120.6766367 31.45630974,120.6766051 31.45631052,120.6765736 31.45631129,120.676542 31.45631214,120.6765105 31.45631262,120.676479 31.45631331,120.6764475 31.45631374,120.6764159 31.45631417,120.6763844 31.45631489,120.6763528 31.4563155,120.6763213 31.45631618,120.6762897 31.45631673,120.6762581 31.45631753,120.6762266 31.45631814,120.676195 31.45631916,120.6761635 31.45631969,120.676132 31.456321,120.6761005 31.45632145,120.6760689 31.45632253,120.6760374 31.45632342,120.6760059 31.45632413,120.6759743 31.45632503,120.6759428 31.45632597,120.6759112 31.45632687,120.6758797 31.45632781,120.6758482 31.4563288,120.6758166 31.45632967,120.6757851 31.45633044,120.6757535 31.45633146,120.675722 31.45633205,120.6756904 31.4563326,120.6756589 31.45633278,120.6756273 31.45633275,120.6755958 31.45633238,120.6755642 31.45633209,120.6755327 31.4563314,120.6755011 31.4563312,120.6754696 31.45633042,120.675438 31.45632989,120.6754065 31.45632983,120.6753748 31.45633004,120.6753433 31.45632928,120.675312 31.45633251,120.6752806 31.45633038,)
59:LineString(120.6779844 31.45634126,120.6779529 31.45634218,120.6779213 31.45634291,120.6778898 31.4563437,120.6778582 31.45634447,120.6778267 31.45634534,120.6777951 31.45634624,120.6777636 31.4563471,120.677732 31.45634795,120.6777005 31.45634879,120.6776689 31.45634959,120.6776374 31.45635039,120.6776058 31.45635111,120.6775743 31.45635178,120.6775427 31.45635275,120.6775112 31.45635388,)
60:LineString(120.6767814 31.45637016,120.6767498 31.45637145,120.6767183 31.45637255,120.6766868 31.45637373,120.6766552 31.4563748,120.6766237 31.45637578,120.6765921 31.45637665,120.6765606 31.45637742,120.676529 31.45637813,120.6764975 31.4563788,120.6764659 31.45637954,120.6764344 31.45638027,)
61:LineString(120.6761671 31.45638592,120.6761356 31.45638764,120.6761041 31.45638858,120.6760725 31.45638942,120.676041 31.4563903,120.6760094 31.45639113,120.6759779 31.45639194,120.6759463 31.45639271,120.6759148 31.45639347,120.6758832 31.45639418,120.6758517 31.45639493,120.6758201 31.45639591,)
62:LineString(120.6753854 31.45638631,120.6753538 31.45638677,120.6753222 31.45638748,120.6752907 31.45638817,120.6752591 31.45638884,120.6752276 31.45638951,120.675196 31.45639014,120.6751645 31.45639085,120.6751329 31.45639145,120.6751014 31.45639209,120.6750698 31.45639277,120.6750383 31.45639354,120.6750067 31.45639426,120.6749752 31.45639498,120.6749436 31.45639572,120.6749121 31.45639645,120.6748805 31.45639722,120.674849 31.4563979,120.6748174 31.45639873,120.6747859 31.45639934,120.6747543 31.45640002,120.6747228 31.45640072,120.6746912 31.45640132,120.6746597 31.45640243,)
63:LineString(120.6741563 31.45642148,120.6741249 31.45641905,120.6740933 31.45641771,120.6740618 31.45641677,120.6740302 31.45641608,120.6739987 31.45641563,120.6739671 31.45641543,120.6739355 31.45641538,120.673904 31.45641548,120.6738724 31.45641595,120.6738408 31.45641654,120.6738093 31.45641773,120.6737778 31.45641885,120.6737463 31.45642077,120.6737148 31.45642287,120.6736834 31.45642538,120.673652 31.45642833,120.6736207 31.45643171,120.6735894 31.45643512,120.6735582 31.45643895,120.673527 31.45644273,120.6734957 31.45644649,120.6734644 31.45645021,120.6734332 31.45645402,120.6734019 31.45645778,120.6733707 31.45646143,120.6733394 31.45646496,120.673308 31.4564685,120.6732768 31.45647202,120.6732454 31.45647502,120.6732141 31.4564782,120.6731827 31.4564813,120.6731514 31.45648495,120.6731201 31.45648902,120.673089 31.45649382,120.6730581 31.45649907,120.6730273 31.45650507,120.6729966 31.45651171,120.672966 31.45651831,120.6729361 31.4565265,120.6729053 31.4565334,120.6728763 31.45654174,120.672846 31.45654995,120.6728161 31.45655841,120.6727863 31.4565673,120.6727566 31.45657631,120.6727268 31.45658527,120.6726971 31.45659454,120.6726675 31.4566039,120.6726379 31.45661325,120.6726084 31.45662284,120.6725788 31.45663224,120.6725492 31.45664168,120.6725197 31.45665139,120.6724902 31.45666084,120.6724607 31.4566706,120.6724313 31.45668034,120.6724018 31.45669004,120.6723724 31.45669996,120.6723431 31.45670989,120.6723137 31.45671985,120.6722844 31.4567299,120.6722551 31.45673992,120.6722258 31.45675006,120.6721966 31.4567602,120.6721673 31.4567704,120.6721381 31.45678059,120.6721089 31.45679079,120.6720796 31.45680094,120.6720504 31.45681115,120.6720211 31.45682137,120.6719919 31.45683158,120.6719627 31.45684182,120.6719335 31.45685212,120.6719043 31.45686239,120.6718751 31.45687267,120.671846 31.45688302,120.6718168 31.45689339,120.6717877 31.45690376,120.6717585 31.45691409,120.6717293 31.45692445,120.6717001 31.45693477,120.671671 31.45694507,120.6716417 31.45695531,120.6716125 31.45696559,120.6715834 31.45697589,120.6715541 31.45698612,120.671525 31.45699652,120.6714958 31.45700682,120.6714667 31.45701719,120.6714376 31.45702766,120.6714084 31.45703796,120.6713793 31.45704847,120.6713503 31.45705924,)
64:LineString(120.6741662 31.45639015,120.6741347 31.45638901,120.6741031 31.45638858,120.6740716 31.45638827,120.67404 31.4563878,120.6740085 31.45638728,120.6739769 31.4563869,120.6739454 31.45638669,120.6739138 31.45638651,120.6738822 31.45638662,120.6738507 31.45638699,120.6738187 31.45638719,120.6737873 31.45638933,120.673756 31.45638966,120.6737257 31.45639244,120.6736942 31.45639468,120.6736629 31.45639726,120.6736316 31.45640062,120.6736003 31.45640399,120.6735691 31.45640764,120.6735378 31.45641146,120.6735066 31.45641511,120.6734753 31.45641884,120.673444 31.45642236,120.6734128 31.45642599,120.6733815 31.4564295,120.6733501 31.45643277,120.6733188 31.45643588,120.6732872 31.45643627,120.6732557 31.45643728,120.6732243 31.45643867,120.6731929 31.45644061,120.6731624 31.45644542,120.6731337 31.45644691,120.673103 31.45645311,120.6730717 31.45645863,120.673041 31.45646457,120.6730107 31.45647127,120.6729806 31.45647854,120.6729505 31.45648631,120.6729203 31.45649401,120.6728903 31.45650201,120.6728602 31.45651019,120.6728302 31.45651846,120.6728004 31.45652722,120.6727706 31.45653605,120.6727409 31.45654507,120.6727112 31.45655426,120.6726815 31.45656346,120.6726519 31.45657287,120.6726223 31.45658228,120.6725928 31.45659196,120.6725633 31.45660158,120.6725338 31.45661113,120.6725044 31.45662095,120.6724748 31.45663047,120.6724454 31.45664021,120.672416 31.45665004,120.6723865 31.45665959,120.6723571 31.45666956,120.6723277 31.45667935,120.6722984 31.45668933,120.672269 31.45669931,120.6722397 31.45670937,120.6722105 31.45671948,120.6721812 31.45672961,120.672152 31.45673983,120.6721227 31.45674998,120.6720935 31.45676021,120.6720642 31.45677026,120.6720349 31.45678037,120.6720056 31.45679051,120.6719764 31.45680064,120.6719471 31.45681083,120.6719179 31.45682109,120.6718887 31.45683128,120.6718595 31.45684152,120.6718303 31.45685188,120.6718011 31.45686214,120.671772 31.45687252,120.6717428 31.45688293,120.6717137 31.45689332,120.6716845 31.45690369,120.6716553 31.45691393,120.6716262 31.45692428,120.671597 31.45693465,120.6715678 31.456945,120.6715387 31.45695541,120.6715096 31.45696589,120.6714804 31.45697611,120.6714513 31.45698664,120.6714222 31.45699713,120.6713931 31.45700752,120.6713641 31.45701817,120.6713348 31.45702836,)
65:LineString(120.6719602 31.45687713,120.6719312 31.45688781,120.6719022 31.45689845,120.6718731 31.45690898,120.671844 31.45691947,120.6718149 31.45692989,120.6717857 31.45694024,120.6717565 31.45695053,120.6717273 31.45696075,120.6716981 31.45697093,120.6716688 31.45698099,120.6716394 31.45699096,)
66:LineString(120.6711687 31.45709032,120.6711391 31.45709987,120.6711097 31.45710953,120.6710802 31.45711931,120.6710508 31.45712904,120.6710214 31.45713885,120.670992 31.45714871,120.6709625 31.45715841,120.6709331 31.45716829,120.6709037 31.45717808,120.6708746 31.45718858,120.6708453 31.45719864,120.6708158 31.45720807,120.6707875 31.45722007,120.6707577 31.45722909,)
67:LineString(120.6711678 31.45712441,120.6711383 31.45713412,120.6711089 31.4571439,120.6710796 31.45715398,120.6710504 31.45716422,120.6710212 31.45717454,120.6709919 31.45718458,120.6709626 31.45719462,120.6709334 31.45720498,120.6709045 31.45721572,120.6708768 31.45722887,120.6708502 31.45724367,120.6708227 31.45725687,120.6707941 31.45726898,120.6707633 31.45727831,120.67074 31.45729157,120.67071 31.45729978,120.6706811 31.45731059,120.6706507 31.45732003,120.6706223 31.45733191,120.6705928 31.45734157,120.6705638 31.45735217,120.6705345 31.45736229,120.6705053 31.45737257,120.6704761 31.45738283,120.6704469 31.45739304,120.6704176 31.4574032,120.6703884 31.45741337,120.6703592 31.45742369,)
68:LineString(120.6708496 31.45722137,120.6708204 31.45723147,120.6707911 31.45724159,120.6707618 31.4572517,120.6707325 31.45726184,120.6707033 31.45727202,120.6706741 31.45728227,120.670645 31.45729288,120.670616 31.45730343,120.6705867 31.4573135,120.6705577 31.4573241,120.6705284 31.45733426,120.6704993 31.45734463,120.67047 31.45735484,120.6704407 31.45736488,120.6704114 31.45737482,120.670382 31.45738481,120.6703526 31.45739455,)
69:LineString(120.6699671 31.45753196,120.6699379 31.45754226,120.6699087 31.45755239,120.6698794 31.45756258,120.6698502 31.45757273,120.669821 31.45758307,120.6697918 31.45759335,120.6697626 31.45760371,120.6697335 31.45761408,120.6697043 31.4576244,120.6696751 31.4576347,120.6696455 31.45764395,120.6696157 31.45765295,)
70:LineString(120.6699621 31.45756481,120.6699329 31.45757508,120.6699037 31.45758524,120.6698744 31.45759542,120.6698452 31.45760558,120.6698159 31.45761574,120.6697867 31.45762593,120.6697574 31.45763617,120.6697283 31.45764647,120.6696991 31.45765676,120.6696699 31.45766708,120.6696407 31.45767745,120.6696116 31.45768776,120.6695824 31.45769817,120.6695532 31.45770844,120.6695241 31.45771893,120.6694948 31.45772896,120.6694656 31.45773916,120.6694361 31.45774886,120.6694067 31.45775876,120.6693772 31.45776822,120.6693476 31.45777761,120.6693179 31.45778684,120.6692883 31.4577962,120.6692587 31.4578056,120.669229 31.45781483,120.6691993 31.45782408,120.6691697 31.45783337,120.6691401 31.45784287,120.6691107 31.45785256,120.6690813 31.4578624,120.6690519 31.45787237,120.6690226 31.45788246,120.6689934 31.45789262,120.6689641 31.45790268,120.6689349 31.45791299,120.6689055 31.45792289,120.6688764 31.45793325,120.6688471 31.4579433,120.6688179 31.45795354,120.6687886 31.45796368,120.6687594 31.45797396,120.6687302 31.4579841,120.668701 31.4579944,120.6686718 31.45800464,120.6686426 31.45801495,120.6686135 31.45802541,120.6685843 31.45803577,120.6685551 31.45804606,120.6685259 31.45805641,120.6684967 31.45806663,120.6684675 31.45807691,120.6684383 31.45808711,120.6684091 31.45809733,120.6683798 31.45810753,120.6683506 31.45811774,120.6683214 31.45812796,120.6682921 31.45813815,120.6682629 31.45814841,120.6682338 31.4581588,120.6682045 31.45816895,120.6681753 31.45817916,120.6681461 31.45818943,120.6681168 31.45819955,120.6680877 31.45821003,120.6680586 31.45822044,)
71:LineString(120.6679146 31.45827126,120.6678854 31.45828164,120.6678563 31.45829206,120.6678272 31.45830249,120.667798 31.45831287,120.6677688 31.45832313,120.6677396 31.45833336,120.6677103 31.45834356,120.6676811 31.45835376,120.6676518 31.45836391,120.6676226 31.45837397,120.6675932 31.45838401,120.667564 31.45839418,120.6675348 31.45840444,120.6675056 31.45841474,120.6674765 31.45842512,120.6674474 31.45843556,120.6674182 31.45844584,120.667389 31.45845628,120.6673598 31.45846654,120.6673307 31.45847697,120.6673015 31.4584872,120.6672723 31.45849753,120.6672431 31.45850779,120.6672139 31.45851803,120.6671847 31.45852834,120.6671555 31.45853853,120.6671263 31.45854873,120.6670971 31.45855905,120.6670679 31.45856937,120.6670387 31.45857962,120.6670095 31.45858986,120.6669802 31.45859995,120.6669509 31.45861006,120.6669216 31.45862007,120.6668923 31.45863014,120.6668629 31.45864006,120.6668336 31.45865016,120.6668044 31.45866022,120.666775 31.45867018,120.6667458 31.45868041,120.6667169 31.45869122,120.6666892 31.45870428,120.666662 31.45871798,120.6666347 31.45873147,120.6666065 31.45874366,120.6665778 31.45875472,120.6665478 31.45876533,120.6665208 31.45877582,120.6664913 31.4587857,120.666462 31.45879609,120.6664328 31.45880637,120.6664036 31.4588166,120.6663743 31.45882682,120.6663451 31.45883704,120.6663159 31.4588473,120.6662868 31.45885768,120.6662576 31.4588681,120.6662285 31.45887845,120.6661993 31.45888878,120.6661701 31.45889911,120.666141 31.45890944,120.6661118 31.45891985,120.6660828 31.45893051,120.6660534 31.45894051,120.6660237 31.45894962,)
72:LineString(120.6679001 31.45824181,120.6678708 31.45825188,120.6678416 31.45826217,120.6678124 31.45827239,120.6677832 31.45828265,120.667754 31.45829295,120.6677248 31.45830331,120.6676957 31.45831372,120.6676666 31.45832418,120.6676375 31.45833466,120.6676084 31.45834511,120.6675793 31.4583556,)
73:LineString(120.6679081 31.45830876,120.6678793 31.45831976,120.6678502 31.45833032,120.6678212 31.45834084,120.667792 31.45835122,120.6677628 31.45836154,120.6677336 31.45837175,120.6677044 31.458382,120.6676752 31.45839224,120.6676459 31.45840242,120.6676167 31.45841253,120.6675874 31.45842268,120.6675581 31.45843274,120.6675291 31.45844336,120.6674999 31.45845373,120.6674709 31.45846431,120.6674417 31.45847461,120.6674131 31.45848569,120.6673836 31.45849545,120.6673542 31.45850538,120.6673248 31.45851528,120.6672955 31.4585253,120.6672662 31.45853539,120.6672371 31.45854574,120.6672078 31.45855578,120.6671786 31.45856605,120.6671493 31.4585761,120.66712 31.45858618,120.6670906 31.45859609,120.6670614 31.45860639,120.6670322 31.4586165,120.6670029 31.45862668,120.6669737 31.4586369,120.6669445 31.45864723,120.6669153 31.45865753,120.6668866 31.45866863,120.6668575 31.45867916,120.6668285 31.45868979,120.6667994 31.45870041,120.6667706 31.45871133,)
74:LineString(120.6666985 31.45868275,120.6666692 31.4586929,120.6666399 31.45870306,120.6666107 31.45871319,120.6665814 31.45872334,120.6665522 31.45873359,120.666523 31.45874387,120.6664938 31.45875416,120.6664646 31.45876449,120.6664354 31.45877477,120.6664062 31.45878503,120.666377 31.45879529,120.6663478 31.45880558,120.6663187 31.45881598,120.6662895 31.45882624,120.6662603 31.45883659,120.6662312 31.45884692,120.666202 31.45885725,120.6661728 31.45886756,120.6661436 31.45887786,120.6661144 31.45888816,120.6660852 31.45889846,120.666056 31.45890872,120.6660268 31.45891899,120.6659977 31.45892932,)
75:LineString(120.6657942 31.4589234,120.6657915 31.45889645,120.6657879 31.45886956,120.6657832 31.45884281,120.6657782 31.45881608,120.6657725 31.45878948,120.665767 31.45876298,120.6657605 31.45873656,120.6657546 31.45870992,120.6657491 31.45868352,120.6657425 31.4586574,120.6657344 31.45863133,120.6657278 31.4586052,120.6657192 31.45857986,120.6657157 31.45855343,120.6657083 31.45852726,120.6657022 31.45850074,120.6656969 31.45847408,120.6656905 31.4584476,120.6656846 31.45842101,120.6656786 31.45839445,120.6656725 31.4583679,120.6656669 31.45834128,120.6656604 31.45831482,120.6656542 31.45828827,120.6656481 31.45826174,120.6656417 31.45823527,120.6656361 31.45820865,120.66563 31.45818211,120.6656238 31.45815559,120.6656177 31.45812903,120.6656113 31.45810254,120.6656052 31.45807598,120.6655992 31.45804943,120.6655931 31.45802289,120.665587 31.45799633,120.6655811 31.45796976,120.6655747 31.45794326,120.6655687 31.4579167,120.6655627 31.45789014,120.6655567 31.45786358,120.6655507 31.457837,120.6655446 31.45781046,120.6655388 31.45778386,120.6655325 31.45775736,120.6655266 31.45773079,120.6655204 31.45770425,120.6655141 31.45767773,120.665508 31.45765119,120.6655018 31.45762465,120.6654958 31.45759809,120.6654893 31.45757162,120.6654833 31.45754506,120.665477 31.45751855,120.6654706 31.45749206,120.6654642 31.45746556,120.6654577 31.45743908,120.6654514 31.45741257,120.6654449 31.4573861,120.6654388 31.45735955,120.6654321 31.45733312,120.6654258 31.45730659,120.6654194 31.45728011,120.6654128 31.45725365,120.6654064 31.45722715,120.6653998 31.4572007,120.6653934 31.45717421,120.6653871 31.45714769,120.6653804 31.45712126,120.6653739 31.45709478,120.6653673 31.45706831,120.6653608 31.45704185,120.6653541 31.45701539,120.6653474 31.45698895,120.6653409 31.45696249,120.6653339 31.4569361,120.6653271 31.45690967,120.6653203 31.45688326,120.6653135 31.45685683,120.6653066 31.45683044,120.6652996 31.45680406,120.6652926 31.45677767,120.6652858 31.45675125,120.6652789 31.45672484,120.6652719 31.45669846,120.6652649 31.45667209,120.6652582 31.45664564,120.6652513 31.45661925,120.6652442 31.45659288,120.6652372 31.4565665,120.6652302 31.45654012,120.665223 31.45651376,120.6652158 31.45648742,120.665209 31.45646101,)
76:LineString(120.6657551 31.45894083,120.6657527 31.45891385,120.6657503 31.45888687,120.6657463 31.45886004,120.6657416 31.45883329,120.6657363 31.45880661,120.6657303 31.45878002,120.6657247 31.45875338,120.6657189 31.45872677,120.6657141 31.45870049,120.6657071 31.45867477,120.6656982 31.4586484,120.6656917 31.45862177,120.6656815 31.45859813,120.6656802 31.45857209,120.6656717 31.45854521,120.6656667 31.45851971,120.6656616 31.45849289,120.6656543 31.45846516,120.6656499 31.45844008,120.6656432 31.45841364,120.6656372 31.45838712,120.6656311 31.45836057,120.6656249 31.45833404,120.6656183 31.45830758,120.6656114 31.45828117,120.6656048 31.45825471,120.6655989 31.45822812,120.6655926 31.45820163,120.6655863 31.45817511,120.6655805 31.45814855,120.6655741 31.45812213,120.6655687 31.45809546,120.6655628 31.45806887,120.6655573 31.45804221,120.6655513 31.45801565,120.6655452 31.45798911,120.6655399 31.45796246,120.6655338 31.45793591,120.6655278 31.45790935,120.6655218 31.45788278,120.6655159 31.45785621,120.6655099 31.45782964,120.665504 31.45780306,120.665498 31.4577765,120.665492 31.45774994,120.665486 31.45772338,120.6654799 31.45769682,120.6654738 31.45767029,120.6654675 31.45764377,120.6654614 31.45761722,120.6654551 31.45759071,120.6654488 31.4575642,120.665442 31.45753777,120.6654343 31.45751152,120.6654272 31.45748513,120.6654207 31.45745869,120.6654139 31.45743227,120.6654072 31.45740584,120.6654011 31.45737933,120.6653934 31.45735326,120.6653876 31.45732664,120.6653811 31.45730014,120.6653746 31.45727366,120.6653683 31.45724715,120.6653617 31.4572207,120.6653552 31.45719422,120.6653487 31.45716774,)
77:LineString(120.6658275 31.45890209,120.6658264 31.45887505,120.6658245 31.45884805,120.665822 31.4588211,120.6658184 31.4587942,120.6658154 31.45876725,120.6658123 31.45874035,)
78:LineString(120.6653741 31.45727311,120.6653678 31.45724659,120.6653614 31.45722009,120.6653553 31.45719354,120.6653491 31.457167,120.6653439 31.45714033,120.6653374 31.45711386,120.665331 31.45708737,120.6653244 31.45706092,120.6653177 31.45703449,120.6653106 31.45700812,120.6653041 31.45698169,120.6652962 31.45695557,120.6652898 31.45692906,120.6652831 31.45690262,120.6652762 31.4568762,120.6652694 31.45684978,120.6652631 31.45682327,120.6652562 31.45679687,120.6652494 31.45677045,120.6652426 31.45674404,120.6652358 31.45671761,120.6652289 31.4566912,120.6652221 31.45666479,120.6652151 31.4566384,120.6652084 31.45661198,120.6652013 31.45658562,120.665194 31.45655929,120.6651871 31.45653288,120.66518 31.45650652,120.6651731 31.45648011,)
79:LineString(120.6651717 31.45617883,120.6651642 31.45615253,120.6651569 31.45612619,120.6651504 31.45609975,120.6651428 31.45607349,120.6651354 31.45604718,120.665128 31.45602089,120.66512 31.45599471,120.6651124 31.45596845,120.6651047 31.45594222,120.6650967 31.45591604,)
80:LineString(120.6651313 31.45618066,120.6651242 31.4561543,120.6651168 31.45612798,120.6651095 31.45610166,120.6651021 31.45607536,120.6650947 31.45604907,120.665087 31.45602282,120.665079 31.45599664,120.6650712 31.45597042,120.6650635 31.45594419,120.6650555 31.45591802,120.6650478 31.45589182,120.6650394 31.45586578,120.6650319 31.4558395,120.6650245 31.45581319,120.6650167 31.45578696,120.6650086 31.45576082,120.6650012 31.45573452,120.6649929 31.45570842,120.6649858 31.45568213,120.6649772 31.45565613,120.6649686 31.45563004,120.6649613 31.45560374,120.6649527 31.45557775,120.6649449 31.45555152,120.6649368 31.45552536,120.6649292 31.45549911,120.6649207 31.45547307,120.6649131 31.45544681,120.6649051 31.45542063,120.6648971 31.45539447,120.6648891 31.45536829,120.6648807 31.45534223,120.6648728 31.45531602,120.6648651 31.45528978,120.6648572 31.45526359,120.6648492 31.45523742,120.6648411 31.45521126,120.6648335 31.45518499,120.664826 31.45515874,120.6648182 31.45513251,120.6648104 31.45510628,120.6648024 31.45508011,120.6647946 31.4550539,120.6647867 31.45502772,120.664779 31.45500148,120.6647709 31.45497533,120.664763 31.45494912,120.6647548 31.45492301,120.6647467 31.45489687,120.6647381 31.45487084,120.6647299 31.4548447,120.6647217 31.45481857,)
81:LineString(120.665093 31.45618891,120.6650859 31.45616255,120.6650785 31.45613625,120.6650711 31.45610994,120.6650637 31.45608365,120.6650561 31.45605738,120.6650483 31.45603117,120.6650403 31.45600498,120.6650325 31.45597877,120.6650247 31.45595257,120.6650164 31.45592644,120.665009 31.45590019,120.6650001 31.45587431,120.6649929 31.45584796,120.6649852 31.45582171,120.6649775 31.45579546,120.6649699 31.45576922,120.6649625 31.45574289,120.664954 31.45571688,120.6649482 31.45569033,120.6649403 31.45566413,120.664932 31.45563798,120.6649242 31.45561177,120.6649161 31.45558564,120.6649081 31.45555945,120.6649006 31.45553316,120.6648927 31.45550699,120.6648839 31.45548104,120.6648772 31.45545479,120.6648687 31.45542878,120.6648606 31.45540261,120.6648523 31.45537652,120.6648439 31.45535042,120.664836 31.45532423,120.6648284 31.45529796,120.6648201 31.45527187,120.664812 31.45524573,120.6648037 31.45521961,120.6647958 31.45519341,120.6647878 31.45516724,120.6647799 31.45514104,120.6647719 31.45511487,120.664764 31.45508868,120.6647561 31.45506248,120.6647482 31.45503628,120.6647403 31.45501009,120.6647323 31.45498391,120.6647244 31.45495773,120.6647164 31.45493154,120.6647084 31.45490537,120.6647006 31.45487916,120.6646925 31.45485301,120.6646845 31.45482685,)
82:LineString(120.6648859 31.45558835,120.664877 31.45556239,120.6648687 31.45553629,120.6648603 31.45551021,120.6648518 31.45548416,120.6648436 31.45545803,120.6648354 31.45543189,120.6648273 31.45540575,120.6648192 31.45537959,120.6648111 31.45535344,120.6648027 31.45532735,120.6647938 31.45530138,120.6647876 31.45527492,120.6647755 31.45524997,120.6647675 31.45522379,)
83:LineString(120.6647766 31.45525649,120.6647685 31.45523034,120.6647608 31.4552041,120.6647529 31.4551779,120.6647447 31.45515176,120.6647366 31.4551256,120.6647286 31.45509944,120.6647206 31.45507326,120.6647129 31.45504703,120.6647048 31.45502087,120.6646969 31.45499468,120.6646891 31.45496846,120.6646812 31.45494226,120.6646734 31.45491605,120.6646654 31.45488988,120.6646577 31.45486364,120.6646498 31.45483744,)
84:LineString(120.6646047 31.45456632,120.6645965 31.4545402,120.6645884 31.45451404,120.6645803 31.45448789,120.6645722 31.45446175,120.664564 31.45443561,120.6645559 31.45440947,120.6645478 31.45438332,120.6645397 31.45435717,120.6645316 31.45433101,120.6645235 31.45430485,120.6645156 31.45427866,120.664507 31.45425263,120.6644993 31.45422638,120.6644913 31.45420022,120.6644836 31.45417398,120.6644758 31.45414776,120.6644683 31.45412147,120.6644602 31.45409533,120.6644528 31.45406903,120.6644449 31.45404283,120.6644371 31.45401662,120.6644293 31.4539904,120.6644217 31.45396413,)
85:LineString(120.6646438 31.45455813,120.6646355 31.45453202,120.6646272 31.45450591,120.6646189 31.45447981,120.6646109 31.45445364,120.6646027 31.4544275,120.6645947 31.45440134,120.6645866 31.45437517,120.6645785 31.45434904,120.6645706 31.45432284,120.6645627 31.45429664,120.6645547 31.45427046,120.6645459 31.45424448,120.6645381 31.45421825,120.6645304 31.45419201,120.6645228 31.45416575,120.6645152 31.45413949,120.6645075 31.45411326,120.6644996 31.45408707,120.6644921 31.4540608,120.6644838 31.45403471,120.6644761 31.45400847,120.6644688 31.45398213,120.6644599 31.45395616,)
86:LineString(120.6645642 31.45456997,120.6645547 31.45454416,120.6645456 31.45451827,120.6645367 31.45449229,120.6645281 31.45446625,120.6645199 31.45444014,120.6645119 31.45441397,120.6645041 31.45438774,)
87:LineString(120.6643474 31.4537321,120.6643394 31.45370592,120.6643315 31.45367973,120.6643235 31.45365354,120.6643156 31.45362735,120.6643077 31.45360116,120.6642998 31.45357497,120.6642918 31.45354878,120.6642839 31.45352259,120.664276 31.4534964,120.6642681 31.4534702,120.6642602 31.45344401,120.6642523 31.45341781,120.6642442 31.45339166,)
88:LineString(120.6643844 31.45372368,120.664377 31.45369737,120.6643692 31.45367116,120.6643614 31.45364494,120.6643536 31.45361873,120.6643458 31.45359251,120.6643379 31.45356631,120.6643301 31.45354011,120.6643222 31.45351391,120.6643142 31.45348772,120.6643064 31.45346152,120.6642984 31.45343534,120.6642907 31.45340909,120.6642822 31.45338305,)
89:LineString(120.6642809 31.45338054,120.664273 31.45335434,120.6642652 31.45332811,120.6642573 31.45330191,120.6642493 31.45327575,120.6642412 31.45324959,120.6642331 31.45322346,120.6642246 31.45319739,120.6642163 31.45317128,120.6642082 31.45314514,120.6641999 31.45311903,120.6641917 31.45309289,120.6641837 31.45306673,120.6641747 31.45304081,120.6641671 31.45301456,120.6641591 31.4529884,120.6641512 31.45296219,120.6641431 31.45293605,120.6641346 31.45290997,120.6641269 31.45288378,120.664118 31.45285786,120.6641099 31.45283169,120.6641012 31.45280573,120.6640917 31.45277988,120.6640823 31.45275441,120.6640707 31.45272956,120.6640625 31.45270318,120.6640545 31.45267695,120.6640456 31.45265113,120.6640373 31.45262518,120.6640293 31.45259902,120.6640209 31.45257291,120.6640143 31.45254673,120.6640055 31.45252084,120.6639979 31.4524946,120.66399 31.45246839,120.6639814 31.4524424,120.6639741 31.45241607,120.6639662 31.45238988,120.6639582 31.45236368,)
90:LineString(120.6640485 31.45275823,120.6640402 31.45273212,120.664032 31.45270601,120.6640236 31.45267991,120.6640152 31.45265384,120.6640068 31.45262776,120.6639983 31.45260169,120.66399 31.4525756,120.6639816 31.45254951,120.6639732 31.45252344,120.6639648 31.45249736,120.6639565 31.45247124,120.6639479 31.45244523,120.6639397 31.45241911,120.6639313 31.45239301,120.6639232 31.45236686,)
91:LineString(120.6639099 31.45217111,120.6639019 31.45214492,120.6638943 31.45211866,120.6638862 31.45209252,120.6638786 31.45206625,120.6638706 31.45204008,120.6638627 31.45201388,120.6638546 31.45198774,120.6638466 31.45196156,120.6638386 31.45193539,120.6638302 31.45190931,120.663822 31.45188319,120.6638138 31.45185706,120.6638054 31.45183099,120.663797 31.45180489,120.663789 31.45177873,120.6637807 31.45175268,120.6637727 31.4517265,120.6637649 31.4517003,120.6637568 31.45167415,120.663749 31.45164793,120.663741 31.45162176,120.6637334 31.45159551,120.6637253 31.45156937,120.6637173 31.45154318,120.6637094 31.45151698,120.6637015 31.45149079,120.6636934 31.45146464,120.6636856 31.45143844,120.6636773 31.45141234,120.6636692 31.45138618,120.6636609 31.45136008,120.6636528 31.45133393,120.6636448 31.45130777,120.6636368 31.45128157,120.6636296 31.45125523,)
92:LineString(120.6638589 31.4521376,120.663851 31.4521114,120.6638431 31.4520852,120.6638352 31.45205901,120.6638273 31.45203283,120.6638192 31.45200666,120.6638112 31.45198049,120.6638032 31.45195432,120.6637951 31.45192817,120.6637869 31.45190203,120.6637789 31.45187587,120.6637709 31.45184971,120.6637622 31.45182369,120.6637545 31.45179744,120.6637459 31.45177144,120.6637381 31.45174523,120.66373 31.45171909,120.6637221 31.4516929,120.6637141 31.45166671,120.6637062 31.45164052,120.6636981 31.45161437,120.6636903 31.45158816,120.6636823 31.45156199,120.6636743 31.4515358,120.6636665 31.4515096,120.6636584 31.45148343,120.6636506 31.45145723,120.6636424 31.4514311,120.6636345 31.45140491,120.6636265 31.45137874,120.6636183 31.4513526,120.6636103 31.45132643,120.6636021 31.4513003,120.6635941 31.45127412,120.6635857 31.45124805,)
93:LineString(120.6636125 31.45120668,120.6636045 31.4511805,120.6635965 31.45115434,120.6635885 31.45112815,120.6635806 31.45110197,120.6635726 31.45107579,120.6635647 31.4510496,120.6635568 31.45102339,120.663549 31.45099718,120.663541 31.45097099,120.6635333 31.45094477,120.6635251 31.45091865,120.6635171 31.4508925,120.6635092 31.4508663,120.663501 31.45084017,120.6634931 31.45081397,120.6634853 31.45078775,120.6634774 31.45076158,120.6634698 31.45073532,120.6634618 31.45070914,120.6634537 31.45068301,120.6634459 31.45065685,120.6634372 31.45063084,120.6634292 31.45060467,120.6634208 31.4505786,120.6634127 31.45055244,120.6634048 31.45052626,120.6633967 31.45050012,120.6633889 31.45047389,120.6633811 31.45044767,120.663373 31.45042152,120.6633653 31.4503953,120.6633573 31.45036913,120.6633493 31.45034294,120.6633415 31.45031674,120.6633335 31.45029057,120.6633256 31.45026438,120.6633175 31.45023822,120.6633095 31.45021205,120.6633015 31.45018588,120.6632935 31.4501597,120.6632855 31.45013353,120.6632775 31.45010735,120.6632695 31.45008118,120.6632614 31.45005504,120.663253 31.45002894,120.6632447 31.45000285,120.6632365 31.44997673,120.6632282 31.44995063,120.6632199 31.44992452,120.6632118 31.44989837,120.6632036 31.44987224,120.6631956 31.44984608,120.6631876 31.44981991,120.6631794 31.44979379,120.6631717 31.44976757,120.6631637 31.4497414,120.6631558 31.44971518,120.6631479 31.449689,120.6631401 31.44966277,120.6631322 31.44963659,120.6631242 31.44961042,120.6631163 31.44958423,120.6631082 31.44955806,120.6631 31.44953194,120.6630919 31.4495058,120.6630836 31.44947968,120.6630755 31.44945355,120.6630672 31.44942743,120.6630592 31.44940127,120.6630513 31.44937507,120.663044 31.44934876,120.6630366 31.44932244,120.6630294 31.44929613,120.6630225 31.44926976,120.6630146 31.44924358,120.6630055 31.44921764,120.662997 31.44919158,120.6629885 31.44916556,120.6629804 31.44913948,120.6629717 31.44911359,120.6629632 31.44908754,120.662955 31.44906102,120.6629466 31.4490356,120.6629386 31.44900935,120.6629302 31.44898361,120.6629225 31.44895733,120.6629149 31.44893122,120.6629068 31.44890314,120.6628996 31.44887875,120.6628922 31.44885233,120.6628846 31.44882616,120.6628769 31.4487999,120.6628693 31.44877365,120.6628608 31.44874761,120.6628525 31.44872156,120.6628443 31.4486955,120.6628363 31.44866933,120.6628282 31.44864318,120.66282 31.44861706,120.6628119 31.44859093,120.6628034 31.44856489,120.6627953 31.44853872,120.6627871 31.44851258,120.6627791 31.44848639,120.6627703 31.44846043,)
94:LineString(120.6635684 31.4511933,120.6635604 31.45116712,120.6635525 31.45114094,120.6635445 31.45111476,120.6635365 31.45108859,120.6635285 31.45106241,120.6635205 31.45103623,120.6635125 31.45101006,120.6635045 31.45098389,120.6634966 31.4509577,120.6634886 31.45093152,120.6634806 31.45090536,120.6634726 31.45087917,120.6634646 31.45085302,120.6634565 31.45082687,120.6634486 31.45080067,120.6634404 31.45077454,120.6634324 31.45074835,120.6634243 31.45072221,120.6634164 31.45069601,120.6634087 31.45066978,120.6634004 31.45064367,120.6633935 31.45061728,120.6633856 31.45059108,120.6633779 31.45056485,120.6633696 31.45053875,)
95:LineString(120.6633737 31.45055928,120.6633661 31.45053301,120.6633583 31.45050682,120.6633504 31.45048061,120.6633425 31.45045441,120.6633346 31.45042822,120.6633266 31.45040205,120.6633186 31.45037587,120.6633107 31.45034968,120.6633027 31.4503235,120.6632947 31.45029733,120.6632867 31.45027116,120.6632787 31.45024498,120.6632707 31.4502188,120.6632627 31.45019264,120.6632547 31.45016646,120.6632465 31.45014033,120.6632382 31.45011423,120.6632301 31.45008808,120.663222 31.45006192,120.6632139 31.45003577,120.6632057 31.45000965,120.6631979 31.44998344,120.6631897 31.44995731,120.6631818 31.44993112,120.6631737 31.44990497,120.6631657 31.4498788,120.6631576 31.44985264,120.6631492 31.44982656,)
96:LineString(120.6630974 31.44965613,120.6630896 31.44962991,120.6630817 31.44960373,120.6630733 31.44957764,120.6630645 31.44955166,120.6630551 31.44952583,120.6630453 31.4495001,120.6630352 31.44947449,)
97:LineString(120.663043 31.44948216,120.663035 31.44945599,120.6630271 31.44942979,120.6630192 31.4494036,120.6630114 31.44937739,120.6630036 31.44935116,120.6629959 31.44932492,120.6629883 31.44929868,120.6629806 31.44927243,120.6629728 31.44924621,120.6629649 31.44922002,120.6629569 31.44919385,120.6629488 31.44916769,120.6629408 31.44914152,120.6629326 31.44911539,120.6629246 31.44908923,120.6629164 31.44906312,120.6629085 31.44903692,120.6629004 31.44901076,120.6628923 31.44898461,120.6628838 31.44895856,120.6628754 31.44893248,120.6628674 31.44890629,120.6628582 31.44888044,120.6628509 31.44885411,)
98:LineString(120.6628576 31.44887633,120.6628497 31.44885013,120.6628418 31.44882393,120.662834 31.44879772,120.6628262 31.44877151,120.6628183 31.4487453,120.6628105 31.44871909,120.6628027 31.44869287,120.6627949 31.44866665,120.6627871 31.44864043,120.6627794 31.44861419,120.6627718 31.44858794,120.6627641 31.4485617,120.6627565 31.44853543,120.6627486 31.44850926,120.6627411 31.44848296,)
99:LineString(120.6626893 31.44819947,120.6626808 31.44817341,120.6626727 31.44814728,120.6626645 31.44812115,120.6626563 31.44809501,120.6626484 31.44806883,120.6626405 31.44804262,120.6626327 31.44801642,120.6626248 31.44799022,120.6626168 31.44796404,120.6626091 31.44793782,120.6626011 31.44791163,120.6625934 31.44788541,120.6625853 31.44785926,120.6625774 31.44783306,120.6625695 31.44780688,120.6625614 31.44778072,120.6625536 31.4477545,120.6625456 31.44772832,120.662538 31.44770208,120.66253 31.44767591,120.6625223 31.44764966,120.6625144 31.44762347,120.6625068 31.44759723,120.6624987 31.44757107,120.6624907 31.44754491,120.6624829 31.4475187,120.6624748 31.44749254,120.6624669 31.44746634,120.662459 31.44744016,120.662451 31.44741397,120.6624431 31.44738779,120.6624351 31.44736163,120.6624269 31.44733548,120.662419 31.4473093,120.6624108 31.44728317,120.6624028 31.44725701,120.6623947 31.44723085,120.6623865 31.44720474,120.6623782 31.44717863,120.6623704 31.44715241,120.6623622 31.44712628,120.6623543 31.44710008,120.6623464 31.4470739,120.6623385 31.44704769,120.6623305 31.44702153,120.6623226 31.44699533,120.6623147 31.44696914,120.6623068 31.44694295,120.662299 31.44691671,120.662291 31.44689054,120.6622832 31.44686433,120.6622752 31.44683817,120.6622673 31.44681197,120.6622594 31.44678578,120.6622516 31.44675957,120.6622437 31.44673338,120.6622356 31.44670723,120.6622274 31.44668109,120.6622193 31.44665495,120.6622112 31.44662879,120.6622034 31.44660257,120.6621956 31.44657638,120.6621874 31.44655023,120.6621796 31.44652402,120.6621716 31.44649786,120.6621636 31.44647168,120.6621556 31.44644551,120.6621475 31.44641935,120.6621395 31.4463932,120.6621313 31.44636707,120.6621231 31.44634092,120.6621149 31.4463148,120.6621065 31.44628873,120.6620985 31.44626257,120.6620904 31.44623642,120.6620823 31.44621029,120.6620741 31.44618418,120.6620659 31.44615803,120.6620579 31.44613187,120.6620498 31.44610569,120.662042 31.44607948,120.6620335 31.44605344,120.6620259 31.4460272,120.6620177 31.44600109,120.6620098 31.44597491,120.6620017 31.44594876,120.6619937 31.44592257,120.6619856 31.44589643,120.6619775 31.44587028,120.6619695 31.44584412,120.6619614 31.44581796,120.6619534 31.44579179,120.6619453 31.44576564,120.6619374 31.44573944,120.6619294 31.44571329,120.6619214 31.44568711,120.6619133 31.44566095,120.6619052 31.44563479,120.6618972 31.44560863,120.661889 31.44558249,120.6618811 31.44555631,120.661873 31.44553016,120.6618644 31.44550412,120.6618556 31.44547814,120.6618472 31.44545204,120.6618385 31.44542602,120.6618299 31.44539999,120.6618219 31.44537383,120.6618141 31.44534759,120.6618064 31.44532135,120.6617987 31.44529512,120.6617912 31.44526881,120.6617826 31.44524286,120.6617759 31.44521641,120.6617679 31.44519023,120.6617602 31.445164,120.6617526 31.44513775,120.6617446 31.44511159,120.6617367 31.4450854,120.6617289 31.44505919,120.6617209 31.44503301,120.6617131 31.44500681,120.6617049 31.44498068,120.6616966 31.44495457,120.6616887 31.44492837,120.6616809 31.44490217,120.6616728 31.444876,120.661665 31.44484979,120.6616568 31.44482366,120.6616489 31.44479747,120.6616407 31.44477135,120.6616326 31.44474519,120.6616246 31.44471901,120.6616168 31.4446928,120.6616086 31.44466669,120.6616008 31.44464046,120.6615927 31.44461431,120.6615848 31.44458812,120.661577 31.4445619,120.661569 31.44453574,120.6615613 31.4445095,120.6615534 31.4444833,120.6615455 31.4444571,120.6615377 31.44443089,120.6615296 31.44440474,120.6615217 31.44437855,120.6615136 31.44435241,120.6615056 31.44432624,120.6614974 31.4443001,120.6614894 31.44427393,120.6614812 31.4442478,120.661473 31.44422169,120.6614648 31.44419554,120.6614567 31.44416941,120.6614484 31.44414329,120.6614402 31.44411718,120.6614318 31.44409109,120.6614236 31.44406496,120.6614157 31.44403876,120.6614072 31.44401269,120.661399 31.44398658,120.6613906 31.44396049,120.6613824 31.44393434,120.6613746 31.44390814,120.6613661 31.44388212,120.6613579 31.44385597,120.6613499 31.4438298,120.6613423 31.44380353,120.6613343 31.44377736,120.661327 31.44375104,120.6613195 31.44372474,120.661312 31.44369847,120.6613045 31.44367219,120.6612966 31.44364599,120.6612886 31.44361983,120.6612805 31.44359369,120.6612723 31.44356757,120.6612641 31.44354145,120.6612561 31.44351527,120.6612482 31.44348911,120.6612397 31.44346306,120.6612314 31.44343693,120.6612235 31.44341075,120.6612152 31.44338466,120.6612073 31.44335849,120.6611992 31.44333233,120.661191 31.44330622,120.6611828 31.44328007,120.6611747 31.44325393,120.6611665 31.44322783,120.6611584 31.44320168,120.6611504 31.44317552,120.6611421 31.44314941,120.6611342 31.44312321,120.6611259 31.44309713,120.6611181 31.44307091,120.6611099 31.44304477,120.661102 31.44301859,120.6610939 31.44299243,120.661086 31.44296623,120.6610779 31.4429401,120.6610697 31.44291397,120.6610619 31.44288776,120.6610539 31.44286158,120.661046 31.44283539,120.661038 31.44280922,120.6610302 31.44278299,120.6610221 31.44275685,120.6610145 31.4427306,120.6610065 31.44270443,120.6609985 31.44267826,120.6609906 31.44265205,120.6609827 31.44262587,120.6609747 31.44259969,120.6609669 31.44257349,120.6609585 31.4425474,120.6609505 31.44252123,120.6609427 31.44249502,120.6609347 31.44246883,120.6609268 31.44244264,120.6609189 31.44241646,120.6609108 31.44239031,120.6609028 31.44236414,120.6608947 31.44233798,120.6608867 31.44231182,120.6608787 31.44228564,120.6608707 31.44225947,120.6608627 31.4422333,120.6608547 31.44220711,120.6608467 31.44218096,120.6608387 31.44215477,120.6608306 31.44212862,120.6608226 31.44210247,120.6608145 31.44207631,120.6608065 31.44205013,120.6607987 31.44202391,120.6607903 31.44199782,)
100:LineString(120.662624 31.44819426,120.6626159 31.4481681,120.6626078 31.44814196,120.6625995 31.44811585,120.6625913 31.44808973,120.6625831 31.4480636,120.6625749 31.44803747,120.6625668 31.44801131,120.6625587 31.44798516,120.6625507 31.447959,)
101:LineString(120.662572 31.44794463,120.6625641 31.44791844,120.6625562 31.44789225,120.6625482 31.44786607,120.6625402 31.44783989,120.6625322 31.44781372,120.6625242 31.44778755,120.6625163 31.44776136,120.6625084 31.44773516,120.6625005 31.44770896,120.6624927 31.44768275,120.6624849 31.44765652,120.6624768 31.44763037,120.6624693 31.44760409,120.6624612 31.44757794,120.6624533 31.44755174,120.6624457 31.44752549,120.6624375 31.44749936,120.6624296 31.44747317,)
102:LineString(120.662129 31.44649769,120.6621209 31.44647154,120.662113 31.44644535,120.662105 31.44641916,120.6620971 31.44639297,120.6620892 31.44636678,120.6620813 31.44634058,120.6620734 31.44631439,120.6620655 31.44628818,120.6620577 31.44626198,120.6620498 31.44623579,120.6620418 31.4462096,120.6620341 31.44618336,120.6620258 31.44615725,)
103:LineString(120.662015 31.44612492,120.662007 31.44609874,120.6619991 31.44607255,120.6619911 31.44604638,120.6619831 31.44602021,120.6619751 31.44599403,120.661967 31.44596787,120.661959 31.4459417,120.661951 31.44591553,120.661943 31.44588936,120.661935 31.44586318,120.6619269 31.44583702,120.6619189 31.44581085,120.6619109 31.44578469,120.6619029 31.4457585,120.661895 31.44573232,120.6618869 31.44570616,120.661879 31.44567998,120.6618709 31.44565382,120.6618629 31.44562764,120.6618549 31.44560148,120.6618468 31.44557531,120.6618388 31.44554914,120.6618307 31.445523,120.6618227 31.44549683,)
104:LineString(120.6617933 31.445403,120.6617853 31.44537682,120.6617774 31.44535063,120.6617694 31.44532445,120.6617615 31.44529827,120.6617535 31.44527209,120.6617455 31.44524591,120.6617376 31.44521973,120.6617296 31.44519354,120.6617217 31.44516736,120.6617137 31.44514117,120.6617058 31.44511498,120.6616978 31.4450888,120.6616897 31.44506265,120.6616817 31.44503647,120.6616739 31.44501027,120.6616656 31.44498416,120.6616576 31.444958,120.6616495 31.44493184,120.6616415 31.44490567,120.6616335 31.44487949,120.6616257 31.44485328,120.6616176 31.44482713,120.6616096 31.44480095,120.6616017 31.44477475,120.6615934 31.44474865,120.6615855 31.44472247,120.6615772 31.44469635,120.6615693 31.44467016,120.6615614 31.44464396,120.6615533 31.44461781,120.6615453 31.44459164,120.6615373 31.44456546,120.6615294 31.44453928,120.6615214 31.44451311,120.6615133 31.44448694,120.6615054 31.44446076,120.6614969 31.4444347,120.661489 31.44440849,120.6614811 31.4443823,120.6614732 31.44435612,120.6614651 31.44432995,)
105:LineString(120.6614272 31.44420875,120.6614191 31.4441826,120.6614111 31.44415642,120.6614032 31.44413023,120.6613953 31.44410403,120.6613874 31.44407784,120.6613794 31.44405165,120.6613714 31.44402548,120.6613634 31.44399931,120.6613554 31.44397314,120.6613474 31.44394697,120.6613394 31.44392078,120.6613314 31.44389463,120.6613232 31.44386849,120.6613152 31.44384232,120.6613073 31.44381611,120.6612994 31.44378994,120.6612916 31.44376372,120.6612836 31.44373755,120.6612757 31.44371135,120.6612679 31.44368512,120.6612598 31.44365898,120.6612518 31.4436328,120.6612437 31.44360665,120.6612356 31.4435805,120.6612276 31.44355434,120.6612191 31.44352828,120.6612116 31.443502,120.6612032 31.44347593,120.6611952 31.44344975,120.6611871 31.4434236,120.661179 31.44339744,120.661171 31.44337128,120.661163 31.44334511,120.6611548 31.44331897,120.6611467 31.44329282,120.6611388 31.44326664,120.6611306 31.44324051,120.6611226 31.44321433,120.6611145 31.44318817,120.6611065 31.44316201,120.6610985 31.44313582,120.6610905 31.44310966,120.6610825 31.44308348,120.6610746 31.44305729,120.6610664 31.44303116,120.6610585 31.44300497,120.6610505 31.4429788,120.6610424 31.44295264,120.6610343 31.44292649,120.6610262 31.44290034,120.6610184 31.44287412,120.6610103 31.44284797,120.6610024 31.44282178,120.6609944 31.44279562,120.6609863 31.44276946,120.6609784 31.44274326,120.6609703 31.44271712,120.6609623 31.44269095,120.6609542 31.44266479,120.6609461 31.44263865,120.6609382 31.44261246,120.6609302 31.44258629,120.6609219 31.44256016,120.6609138 31.44253403,120.6609058 31.44250785,120.6608979 31.44248166,120.6608899 31.44245548,120.6608819 31.4424293,120.6608739 31.44240313,120.6608659 31.44237696,120.6608579 31.4423508,120.6608499 31.44232463,120.6608418 31.44229847,120.6608334 31.44227238,120.6608255 31.4422462,120.6608174 31.44222005,120.6608094 31.44219386,120.6608017 31.44216762,120.6607936 31.44214148,120.6607858 31.44211527,120.6607777 31.44208911,120.6607697 31.44206295,120.6607617 31.44203676,120.6607535 31.44201062,)
106:LineString(120.6607565 31.44189282,120.6607464 31.44186719,120.6607354 31.4418418,120.6607247 31.44181636,120.660714 31.44179091,120.6607032 31.44176548,120.6606924 31.44174005,)
107:LineString(120.6605494 31.44145133,120.6605415 31.44142515,120.6605336 31.44139895,120.6605257 31.44137275,120.6605178 31.44134655,120.66051 31.44132034,120.6605021 31.44129415,120.6604942 31.44126795,120.6604862 31.44124177,120.6604782 31.44121561,120.6604701 31.44118946,120.660462 31.44116332,120.6604539 31.44113717,120.6604456 31.44111106,120.6604376 31.4410849,120.6604288 31.44105892,120.6604208 31.44103275,120.6604122 31.44100673,120.6604038 31.44098064,120.6603949 31.44095469,120.6603872 31.44092844,120.6603729 31.44090448,)
108:LineString(120.6603867 31.44080127,120.6603784 31.44077518,120.6603698 31.44074913,120.6603615 31.44072302,120.6603539 31.44069677,120.6603458 31.4406706,120.6603379 31.4406444,120.6603301 31.44061819,120.6603223 31.44059196,120.6603146 31.44056573,120.6603069 31.44053949,120.6602993 31.44051323,120.6602917 31.44048697,120.6602841 31.44046059,120.6602757 31.44043475,120.660268 31.44040855,120.66026 31.4403824,120.6602521 31.44035621,120.6602438 31.44033008,120.6602359 31.44030388,120.6602277 31.44027777,120.6602198 31.44025159,120.6602118 31.44022542,120.6602037 31.44019926,120.6601957 31.44017312,120.6601873 31.44014707,120.660179 31.44012092,120.6601711 31.44009473,120.6601627 31.44006867,120.6601548 31.44004249,120.6601466 31.44001637,120.6601384 31.43999022,120.6601305 31.43996404,120.6601223 31.43993791,120.6601142 31.43991176,120.6601061 31.43988562,120.660098 31.43985946,120.6600902 31.43983325,120.6600819 31.43980713,120.660074 31.43978098,120.6600653 31.43975497,120.6600574 31.43972877,120.6600493 31.4397026,120.6600415 31.4396764,120.6600331 31.43965033,120.6600253 31.43962413,120.6600173 31.43959795,120.6600094 31.43957177,120.6600015 31.43954556,120.6599937 31.43951934,120.6599857 31.43949316,120.6599782 31.43946688,120.6599698 31.43944088,120.6599624 31.43941463,120.6599544 31.43938844,120.6599465 31.43936226,120.6599389 31.43933602,120.6599308 31.43930988,120.6599229 31.43928367,120.6599149 31.43925751,120.6599069 31.43923133,120.659899 31.43920515,120.659891 31.43917897,120.6598829 31.43915286,120.6598745 31.43912678,120.6598662 31.43910068,120.6598582 31.43907449,120.6598504 31.43904829,120.6598419 31.43902223,120.6598338 31.43899609,120.6598254 31.43896999,120.6598178 31.43894375,120.6598096 31.43891765,120.6598019 31.43889137,120.6597922 31.43886564,120.6597839 31.43883953,120.6597759 31.43881336,120.659768 31.43878722,120.6597602 31.43876104,120.6597525 31.43873484,120.6597448 31.4387086,120.6597371 31.43868237,120.6597293 31.43865613,120.6597214 31.43862996,120.6597124 31.438604,120.6597045 31.43857784,120.6596958 31.43855189,120.6596882 31.43852565,120.65968 31.43849954,120.6596724 31.43847327,120.659664 31.43844717,)
109:LineString(120.6594377 31.43793884,120.65943 31.4379126,120.6594228 31.43788627,120.6594153 31.43785998,120.6594077 31.43783371,120.6594001 31.43780747,120.6593924 31.43778123,120.6593845 31.43775503,120.6593766 31.43772883,120.6593688 31.43770261,120.6593609 31.43767643,120.659353 31.43765023,120.6593454 31.43762398,120.6593375 31.4375978,120.6593298 31.43757155,120.6593221 31.43754532,120.6593144 31.43751908,120.6593065 31.43749292,120.6592991 31.43746662,120.6592913 31.4374404,120.6592835 31.43741418,120.6592757 31.43738797,120.6592678 31.43736176,120.65926 31.43733555,120.6592521 31.43730936,120.6592442 31.43728316,120.6592363 31.43725695,120.6592285 31.43723075,120.6592206 31.43720455,120.6592127 31.43717836,120.6592051 31.4371521,120.6591972 31.4371259,120.6591896 31.43709965,120.6591818 31.43707342,120.6591741 31.43704718,120.6591664 31.43702094,120.6591587 31.43699472,120.659151 31.43696848,120.6591432 31.43694226,120.6591354 31.43691604,120.6591276 31.43688982,120.6591199 31.43686359,120.6591121 31.43683737,120.6591043 31.43681115,120.6590966 31.43678491,120.6590889 31.43675868,120.6590811 31.43673244,120.6590734 31.43670621,120.6590656 31.43667999,120.6590579 31.43665375,120.6590503 31.43662751,120.6590426 31.43660125,120.6590351 31.43657498,120.6590275 31.43654871,120.6590198 31.43652248,120.659012 31.43649625,120.6590043 31.43647002,120.6589966 31.43644379,120.6589889 31.43641755,120.658981 31.43639135,120.6589732 31.43636513,120.6589654 31.43633892,120.6589575 31.43631271,120.6589497 31.43628651,120.6589417 31.43626032,120.658934 31.43623409,120.6589261 31.43620788,120.6589185 31.43618163,120.6589108 31.4361554,120.6589031 31.43612916,120.6588954 31.43610291,120.6588877 31.43607668,120.6588801 31.43605043,120.6588721 31.43602423,120.6588643 31.43599803,120.6588565 31.43597181,120.6588488 31.43594558,120.6588409 31.43591938,120.6588331 31.43589316,120.6588253 31.43586694,120.6588176 31.4358407,120.6588099 31.43581447,120.6588022 31.43578823,120.6587944 31.43576201,120.6587866 31.43573579,120.6587788 31.43570956,120.658771 31.43568335,120.6587633 31.43565712,120.6587553 31.43563096,120.6587474 31.43560475,120.6587396 31.43557855,120.6587319 31.43555231,120.6587239 31.43552614,120.658716 31.43549992,120.6587082 31.43547372,120.6587002 31.43544754,120.6586927 31.43542125,120.6586844 31.43539516,120.658677 31.43536887,120.658669 31.43534269,120.6586611 31.43531649,120.6586532 31.43529031,120.6586452 31.43526414,120.6586372 31.43523795,120.658629 31.43521184,120.6586211 31.43518564,120.6586133 31.43515942,120.658605 31.43513332,120.658597 31.43510717,120.6585881 31.43508121,120.65858 31.43505505,)
110:LineString(120.6594683 31.4379201,120.6594608 31.43789383,120.6594532 31.43786757,120.6594455 31.43784132,120.6594378 31.43781508,120.6594302 31.43778882,120.6594225 31.43776257,120.6594148 31.43773633,120.6594072 31.43771009,120.6593994 31.43768386,120.6593917 31.43765764,120.6593838 31.43763142,120.659376 31.43760522,120.6593682 31.437579,120.6593603 31.4375528,120.6593527 31.43752655,120.6593449 31.43750034,120.6593371 31.43747412,120.6593293 31.43744791,120.6593214 31.43742171,120.6593135 31.4373955,120.6593058 31.43736928,120.6592979 31.43734309,120.65929 31.43731689,120.6592821 31.43729068,120.6592744 31.43726446,120.6592665 31.43723825,120.6592588 31.43721202,120.659251 31.43718579,120.6592432 31.43715957,120.6592355 31.43713334,120.6592278 31.43710711,120.65922 31.43708088,120.6592123 31.43705465,120.6592045 31.43702842,120.6591968 31.4370022,120.659189 31.43697596,120.6591813 31.43694974,120.6591735 31.43692352,120.6591657 31.43689729,120.659158 31.43687106,120.6591503 31.43684483,120.6591425 31.4368186,120.6591347 31.43679238,120.659127 31.43676614,120.6591193 31.4367399,120.6591116 31.43671366,120.6591039 31.43668744,120.6590962 31.4366612,120.6590884 31.43663497,120.6590808 31.43660872,120.6590731 31.43658247,120.6590654 31.43655623,120.6590577 31.43653,120.6590499 31.43650377,120.6590422 31.43647754,120.6590344 31.43645131,120.6590266 31.43642509,120.6590189 31.43639887,120.6590111 31.43637265,120.6590034 31.43634641,120.6589955 31.43632021,120.6589878 31.43629398,120.6589799 31.43626777,120.6589722 31.43624155,120.6589645 31.4362153,120.6589568 31.43618907,120.658949 31.43616284,120.6589413 31.43613661,120.6589336 31.43611037,120.6589259 31.43608413,120.6589181 31.4360579,120.6589103 31.43603168,120.6589025 31.43600547,120.6588948 31.43597924,120.658887 31.435953,120.6588793 31.43592678,120.6588714 31.43590059,120.6588636 31.43587436,120.6588559 31.43584813,120.6588482 31.43582188,120.6588405 31.43579564,120.6588328 31.4357694,120.6588251 31.43574316,120.6588174 31.43571694,120.6588097 31.4356907,120.6588019 31.43566447,120.6587942 31.43563824,120.6587863 31.43561204,120.6587785 31.43558581,120.6587708 31.43555958,120.658763 31.43553336,120.658755 31.4355072,120.6587471 31.43548099,120.6587393 31.43545479,120.6587316 31.43542854,120.6587236 31.43540236,120.6587158 31.43537615,120.658708 31.43534993,120.6587003 31.4353237,120.6586921 31.43529756,120.6586842 31.43527137,120.6586762 31.4352452,120.6586684 31.43521898,120.65866 31.43519291,120.658652 31.43516673,120.6586439 31.43514059,120.6586359 31.43511443,120.6586272 31.43508843,120.6586195 31.4350622,120.6586112 31.43503608,120.6586025 31.43501008,)
111:LineString(120.6594993 31.43790424,120.6594915 31.43787802,120.659484 31.43785174,120.6594762 31.43782552,120.6594684 31.4377993,120.6594607 31.43777305,120.659453 31.43774681,120.6594455 31.43772053,120.659438 31.43769426,120.6594304 31.437668,120.6594226 31.43764179,120.6594147 31.43761558,120.659407 31.43758935,120.6593992 31.43756313,120.6593915 31.43753693,120.6593838 31.43751069,120.6593761 31.43748446,120.6593681 31.4374583,120.6593601 31.43743212,120.6593524 31.4374059,120.6593445 31.4373797,120.6593367 31.43735348,120.6593288 31.43732729,120.6593209 31.43730109,120.6593131 31.43727487,120.6593054 31.43724863,120.6592976 31.43722241,120.6592899 31.43719619,120.6592821 31.43716996,120.6592744 31.43714373,120.6592667 31.43711748,120.659259 31.43709126,120.6592511 31.43706504,120.6592433 31.43703883,120.6592355 31.43701261,120.6592278 31.43698638,120.65922 31.43696017,120.6592122 31.43693394,120.6592045 31.43690771,120.6591967 31.43688148,120.6591891 31.43685523,120.6591813 31.436829,120.6591735 31.43680278,120.6591658 31.43677656,120.659158 31.43675033,120.6591503 31.43672409,120.6591425 31.43669788,120.6591347 31.43667166,120.659127 31.43664542,120.6591192 31.4366192,120.6591116 31.43659293,120.6591038 31.43656673,120.6590961 31.43654049,120.6590882 31.43651428,120.6590805 31.43648804,120.6590728 31.43646181,120.659065 31.43643559,120.6590573 31.43640936,120.6590495 31.43638315,120.6590417 31.43635693,120.6590341 31.43633066,120.6590263 31.43630445,120.6590186 31.4362782,120.659011 31.43625194,120.6590036 31.43622564,120.658996 31.43619937,120.6589883 31.43617313,120.6589805 31.43614693,120.6589727 31.43612069,120.6589651 31.43609443,120.6589573 31.43606823,120.6589497 31.43604198,120.6589416 31.43601585,120.6589337 31.43598963,120.6589262 31.43596337,120.6589182 31.4359372,120.6589107 31.43591093,120.658903 31.4358847,120.6588949 31.43585853,120.6588873 31.43583229,120.6588793 31.43580614,120.6588718 31.43577987,120.6588645 31.43575355,120.6588566 31.43572738,120.6588489 31.43570114,120.6588412 31.4356749,120.6588336 31.43564868,120.6588257 31.43562248,120.6588177 31.43559632,120.6588103 31.43557004,120.6588023 31.43554386,120.6587944 31.43551767,120.6587865 31.43549148,120.6587786 31.43546529,120.6587706 31.4354391,120.6587628 31.43541289,120.6587546 31.43538677,120.658747 31.43536051,120.6587393 31.43533426,120.6587312 31.43530813,120.6587237 31.43528186,120.6587155 31.43525575,120.6587076 31.43522956,120.6586997 31.43520335,120.6586916 31.43517721,120.6586832 31.43515114,120.6586747 31.43512507,120.6586667 31.4350989,120.6586583 31.43507282,120.6586504 31.43504663,120.6586428 31.43502036,)
112:LineString(120.6584751 31.43461986,120.6584667 31.43459379,120.658458 31.43456778,120.6584493 31.43454177,120.6584406 31.43451577,120.6584318 31.43448978,120.6584231 31.43446378,120.6584143 31.43443779,120.6584054 31.43441182,120.6583965 31.43438587,120.6583876 31.4343599,120.6583789 31.43433391,120.6583697 31.43430803,120.6583608 31.43428206,120.6583518 31.43425613,120.6583429 31.43423019,120.6583337 31.4342043,120.6583247 31.43417836,120.6583155 31.43415249,120.6583063 31.43412659,120.6582972 31.43410069,120.6582879 31.43407485,120.6582788 31.43404895,120.6582694 31.43402312,120.6582602 31.43399722,120.6582508 31.4339714,120.6582415 31.43394554,120.6582322 31.43391969,120.6582228 31.43389387,120.6582135 31.43386802,120.6582039 31.43384225,120.6581945 31.43381641,120.658185 31.43379061,120.6581753 31.43376486,120.6581659 31.43373904,120.658156 31.43371335,120.6581466 31.43368754,120.6581371 31.43366174,120.6581272 31.43363604,120.6581176 31.43361028,120.6581079 31.43358453,120.6580982 31.43355877,120.6580884 31.43353306,120.6580785 31.43350737,120.6580687 31.43348164,120.6580588 31.43345595,120.6580491 31.43343021,120.6580393 31.43340449,120.6580293 31.43337883,120.6580194 31.43335313,120.6580095 31.43332745,120.6579996 31.43330175,120.6579896 31.43327609,120.6579796 31.43325043,120.6579696 31.43322477,120.6579594 31.43319915,120.6579494 31.4331735,120.6579393 31.43314788,120.6579289 31.43312233,120.6579189 31.43309667,120.6579085 31.43307112,120.6578985 31.43304547,120.6578882 31.43301989,120.657878 31.43299429,120.6578676 31.43296874,120.6578574 31.43294313,120.6578472 31.43291754,120.6578368 31.43289198,120.6578264 31.43286645,120.6578161 31.43284088,120.6578055 31.4328154,120.6577951 31.43278985,120.6577846 31.43276434,120.6577738 31.4327389,120.6577632 31.43271342,120.6577525 31.432688,120.6577419 31.43266251,120.6577313 31.43263702,120.6577204 31.43261163,120.6577098 31.43258613,120.657699 31.43256073,120.6576883 31.43253526,120.6576777 31.43250978,120.6576668 31.43248439,120.6576559 31.432459,120.6576451 31.43243357,120.6576343 31.43240816,120.6576234 31.43238276,120.6576125 31.43235738,120.6576017 31.43233195,120.6575904 31.4323067,120.6575795 31.43228129,120.6575685 31.43225596,120.6575575 31.43223058,120.6575463 31.43220529,120.6575353 31.43217991,120.6575239 31.43215468,120.6575127 31.4321294,120.6575014 31.43210412,120.6574903 31.43207882,120.6574791 31.43205352,120.6574678 31.43202825,120.6574566 31.43200297,120.6574454 31.43197768,120.6574339 31.43195249,120.6574226 31.43192722,120.6574112 31.43190198,120.6573998 31.43187676,120.6573883 31.43185156,120.6573771 31.43182628,120.6573651 31.43180125,120.6573537 31.43177602,120.6573421 31.43175084,120.6573306 31.43172566,120.6573191 31.43170047,120.6573074 31.43167534,120.6572956 31.43165025,120.657284 31.43162509,120.6572724 31.43159991,120.6572609 31.43157473,120.6572495 31.43154949,120.6572376 31.43152445,120.6572262 31.43149923,120.6572148 31.43147401,120.6572029 31.43144895,120.6571911 31.43142386,120.6571792 31.43139878,120.6571673 31.43137373,120.6571556 31.43134862,120.6571433 31.43132369,120.6571314 31.43129862,120.6571194 31.43127362,120.6571072 31.43124865,120.6570951 31.43122368,120.657083 31.43119869,120.6570708 31.43117372,120.6570585 31.43114882,120.6570464 31.43112383,120.657034 31.43109894,120.6570217 31.43107403,120.6570094 31.43104911,120.6569971 31.4310242,120.6569848 31.43099929,120.6569727 31.43097429,120.6569598 31.43094961,120.6569477 31.43092463,120.6569354 31.43089973,120.6569231 31.43087481,120.6569108 31.4308499,120.6568985 31.43082497,120.6568861 31.43080008,120.6568738 31.43077516,120.6568613 31.43075034,120.6568489 31.43072545,120.6568364 31.4307006,120.656824 31.43067572,120.6568114 31.4306509,120.6567991 31.430626,120.6567861 31.43060137,120.6567737 31.43057648,120.6567612 31.43055165,120.6567487 31.43052681,120.6567361 31.43050199,120.6567236 31.43047716,120.6567109 31.43045238,120.6566984 31.43042754,120.6566858 31.43040271,120.6566733 31.4303779,120.6566607 31.4303531,120.656648 31.43032833,120.6566353 31.43030356,120.6566226 31.43027879,120.65661 31.43025398,120.6565974 31.43022918,120.6565847 31.43020441,120.6565721 31.43017958,120.6565592 31.43015491,120.6565465 31.43013011,120.6565339 31.43010531,120.6565214 31.43008047,120.6565088 31.43005565,120.6564961 31.43003091,120.6564835 31.43000611,120.6564708 31.42998132,120.6564582 31.42995652,120.6564456 31.4299317,120.6564331 31.42990689,120.6564205 31.42988208,120.6564076 31.42985736,120.6563951 31.42983254,120.6563825 31.42980772,120.6563699 31.42978292,120.6563572 31.42975813,120.6563446 31.42973333,120.6563321 31.42970851,120.6563194 31.42968373,120.6563069 31.4296589,120.6562942 31.42963411,120.6562815 31.42960935,120.6562686 31.42958465,120.6562559 31.42955987,120.6562431 31.42953515,120.6562307 31.42951026,)
113:LineString(120.6585073 31.43461199,120.6584988 31.43458593,120.6584903 31.43455989,120.6584817 31.43453385,120.6584731 31.43450782,120.6584644 31.4344818,120.6584558 31.43445578,120.6584471 31.43442977,120.6584383 31.43440379,120.6584294 31.43437783,120.6584206 31.43435185,120.658412 31.43432582,120.6584026 31.4343,120.6583938 31.43427402,120.6583846 31.43424813,120.6583758 31.43422216,120.6583666 31.43419628,120.6583577 31.43417033,120.6583484 31.43414447,120.6583392 31.43411857,120.6583302 31.43409265,120.6583208 31.43406683,120.6583117 31.43404091,120.6583023 31.43401508,120.6582932 31.43398918,120.6582839 31.43396332,120.6582746 31.43393748,120.6582653 31.43391161,120.6582558 31.43388581,120.6582465 31.43385998,120.658237 31.43383416,120.6582277 31.43380831,120.6582182 31.43378252,120.6582084 31.43375679,120.6581991 31.43373096,120.6581891 31.43370531,120.6581798 31.43367945,120.6581701 31.43365371,120.6581606 31.43362789,120.6581509 31.43360216,120.6581412 31.43357641,120.6581316 31.43355064,120.6581218 31.43352491,120.658112 31.43349919,120.6581024 31.43347344,120.6580925 31.43344773,120.6580828 31.43342199,120.658073 31.43339627,120.658063 31.4333706,120.6580533 31.43334487,120.6580435 31.43331913,120.6580336 31.43329344,120.6580235 31.43326782,120.6580137 31.43324208,120.6580041 31.43321632,120.6579941 31.43319067,120.6579842 31.43316497,120.6579739 31.43313937,120.6579636 31.43311374,120.6579515 31.4330886,120.6579455 31.43306358,120.6579343 31.43303885,120.6579237 31.43301273,120.6579109 31.43299087,120.657905 31.4329649,120.6578924 31.43294058,120.6578829 31.4329147,120.6578724 31.43288918,120.6578621 31.43286359,120.6578517 31.43283806,120.657841 31.43281262,120.6578308 31.43278702,120.6578202 31.43276155,120.6578094 31.43273612,120.6577986 31.43271069,120.6577883 31.43268512,120.6577773 31.43265979,120.6577667 31.4326343,120.6577563 31.43260876,120.6577456 31.43258332,120.6577348 31.43255791,120.6577243 31.43253238,120.6577136 31.43250692,120.657703 31.43248144,120.6576918 31.43245616,120.6576812 31.43243066,120.6576704 31.43240527,120.6576593 31.43237992,120.6576485 31.4323545,120.6576378 31.43232907,120.6576262 31.43230391,120.6576155 31.43227845,120.6576045 31.43225309,120.6575934 31.43222776,120.6575825 31.43220238,120.6575715 31.43217703,120.6575601 31.43215181,120.657549 31.43212648,120.6575376 31.43210123,120.6575264 31.43207595,120.6575153 31.43205063,120.6575038 31.4320254,120.6574927 31.4320001,120.6574815 31.43197479,120.6574698 31.43194966,120.6574586 31.43192439,120.6574472 31.43189915,120.657436 31.43187387,120.6574245 31.43184867,120.657413 31.43182346,120.6574011 31.43179841,120.6573893 31.43177329,120.6573777 31.43174814,120.6573663 31.43172292,120.6573548 31.43169772,120.6573432 31.43167255,120.6573315 31.43164744,120.6573197 31.43162237,120.6573082 31.43159716,120.6572967 31.43157196,120.6572853 31.43154674,120.6572736 31.43152162,120.6572618 31.43149651,120.6572507 31.43147124,120.6572386 31.43144626,120.6572267 31.4314212,120.6572149 31.4313961,120.6572027 31.43137116,120.6571912 31.43134596,120.6571789 31.43132105,120.6571671 31.43129597,120.6571551 31.43127094,120.6571431 31.43124591,120.6571312 31.43122087,120.657119 31.4311959,120.6571072 31.4311708,120.6570947 31.43114598,120.6570827 31.43112095,120.6570705 31.43109602,120.6570582 31.4310711,120.6570458 31.4310462,120.6570337 31.43102124,120.6570212 31.43099639,120.657009 31.43097143,120.6569961 31.43094674,120.6569839 31.4309218,120.6569715 31.43089692,120.6569591 31.43087204,120.6569469 31.43084708,120.6569346 31.43082217,120.6569221 31.4307973,120.6569099 31.43077237,120.6568971 31.43074762,120.6568844 31.43072285,120.6568715 31.43069815,120.6568584 31.43067354,120.6568457 31.43064878,120.6568322 31.43062432,)
114:LineString(120.6584419 31.434628,120.6584335 31.4346019,120.6584248 31.43457591,120.6584161 31.4345499,120.6584074 31.43452389,120.6583986 31.4344979,120.6583899 31.4344719,120.6583811 31.4344459,120.6583723 31.43441993,120.6583634 31.43439397,120.6583546 31.434368,120.6583456 31.43434204,120.6583368 31.43431606,120.6583277 31.43429016,120.6583186 31.43426426,120.6583096 31.43423832,120.6583002 31.4342125,120.6582913 31.43418655,120.658282 31.4341607,120.6582729 31.43413479,120.6582637 31.43410891,120.6582543 31.43408309,120.6582451 31.4340572,120.6582357 31.43403138,120.6582266 31.43400547,120.658217 31.43397969,120.6582078 31.4339538,120.6581985 31.43392796,120.6581891 31.43390214,120.6581797 31.4338763,120.6581701 31.43385054,120.6581607 31.43382471,120.6581512 31.43379891,120.6581415 31.43377316,120.6581322 31.43374731,120.6581221 31.43372171,120.6581126 31.43369591,120.6581031 31.4336701,120.658093 31.43364445,120.6580834 31.4336187,120.6580737 31.43359295,120.6580639 31.43356721,120.658054 31.43354154,120.658044 31.43351588,120.6580342 31.43349015,120.6580243 31.43346446,120.6580145 31.43343873,120.6580047 31.43341302,120.6579947 31.43338737,120.6579848 31.43336167,120.6579747 31.43333605,120.6579648 31.43331035,120.6579548 31.43328469,120.6579448 31.43325902,120.6579347 31.43323338,120.6579245 31.4332078,120.6579144 31.43318216,120.6579044 31.43315649,120.6578943 31.43313087,120.6578842 31.43310523,120.657874 31.43307962,120.6578639 31.433054,120.6578538 31.43302837,120.6578439 31.43300267,120.6578335 31.43297713,120.6578236 31.43295146,120.6578132 31.4329259,120.6578027 31.43290038,120.6577923 31.43287483,120.6577819 31.43284928,120.6577714 31.43282377,120.657761 31.43279824,120.6577503 31.43277277,120.6577397 31.43274729,120.6577293 31.43272177,120.6577183 31.43269643,120.657708 31.43267089,120.6576977 31.4326453,120.6576868 31.43261989,120.6576759 31.43259449,120.6576653 31.43256902,120.6576544 31.43254365,120.6576433 31.4325183,120.6576324 31.43249295,120.6576217 31.43246748,120.6576103 31.4324423,120.6575995 31.43241687,120.6575885 31.43239151,120.6575777 31.43236609,120.6575666 31.43234078,120.6575554 31.43231548,120.6575442 31.43229019,120.657533 31.43226489,120.6575217 31.43223962,120.6575106 31.43221428,120.6574996 31.43218894,120.6574881 31.43216375,120.6574777 31.4321382,120.6574671 31.43211271,120.657456 31.43208736,120.6574448 31.43206206,120.6574335 31.43203681,120.6574224 31.43201153,120.657411 31.43198629,120.6573997 31.43196104,120.6573883 31.43193579,120.657377 31.43191054,120.6573657 31.43188528,120.6573543 31.43186005,120.6573429 31.43183482,120.6573316 31.43180956,120.6573198 31.43178446,120.6573082 31.4317593,120.6572964 31.43173419,120.6572848 31.43170902,120.6572733 31.43168385,120.6572614 31.4316588,120.65725 31.43163357,120.6572385 31.43160837,120.6572269 31.43158319,120.6572157 31.4315579,120.6572038 31.43153288,120.6571924 31.43150766,120.6571813 31.43148237,120.6571693 31.43145734,120.6571574 31.43143227,120.6571455 31.4314072,120.6571336 31.43138217,120.6571219 31.43135703,120.6571095 31.43133217,120.6570977 31.43130708,120.6570856 31.43128207,120.6570735 31.4312571,120.6570613 31.43123213,120.6570492 31.43120715,120.6570369 31.43118222,120.6570244 31.4311574,120.6570124 31.43113238,120.6570003 31.43110741,120.6569879 31.43108251,120.6569756 31.43105761,120.6569632 31.43103272,120.6569508 31.43100782,120.6569388 31.43098283,120.6569262 31.430958,120.6569143 31.43093295,120.6569026 31.43090783,120.6568891 31.43088337,)
115:LineString(120.6568409 31.43063686,120.6568288 31.4306119,120.6568163 31.43058703,120.6568038 31.43056217,120.6567914 31.43053732,120.6567789 31.43051246,120.6567665 31.43048758,120.6567537 31.43046285,120.6567412 31.43043801,120.6567287 31.43041317,120.6567162 31.43038832,120.6567036 31.43036351,120.6566913 31.43033862,120.6566784 31.43031393,120.6566659 31.43028909,120.6566531 31.43026433,120.6566407 31.43023946,120.6566282 31.43021463,120.6566158 31.43018975,120.6566034 31.43016485,120.6565909 31.43014003,120.6565786 31.4301151,120.6565662 31.43009023,120.6565538 31.43006533,120.6565413 31.43004049,120.656529 31.4300156,120.6565162 31.42999087,120.6565032 31.42996618,120.6564906 31.42994141,120.656478 31.42991659,120.6564653 31.42989182,120.6564527 31.42986703,120.656439 31.42984264,120.6564263 31.42981788,120.6564136 31.4297931,120.6564007 31.42976841,120.6563881 31.42974363,120.6563751 31.42971896,120.6563628 31.42969406,120.6563495 31.42966956,120.6563372 31.42964463,120.6563246 31.42961983,120.6563119 31.42959507,120.6562994 31.42957023,120.6562864 31.42954558,120.6562738 31.42952075,)
116:LineString(120.656848 31.4308009,120.6568355 31.43077604,120.656823 31.43075118,120.6568105 31.43072634,120.6567981 31.43070149,120.6567856 31.43067664,120.6567731 31.43065178,120.6567607 31.43062691,120.6567482 31.43060207,120.6567357 31.43057724,120.6567231 31.43055241,120.6567106 31.43052758,120.656698 31.43050276,120.6566854 31.43047797,120.6566728 31.43045315,120.6566602 31.43042833,120.6566477 31.43040351,120.656635 31.43037872,120.6566224 31.43035393,120.6566096 31.43032919,120.6565969 31.43030443,120.6565841 31.4302797,120.6565714 31.43025494,120.6565587 31.43023017,120.6565458 31.43020546,120.6565327 31.43018085,120.6565197 31.4301562,120.6565069 31.43013147,120.6564941 31.43010672,120.6564814 31.43008198,120.6564689 31.43005712,120.6564554 31.4300327,120.6564431 31.43000775,120.6564305 31.42998297,120.6564179 31.42995816,120.6564052 31.42993339,120.6563926 31.42990856,120.6563806 31.42988355,120.6563684 31.4298586,120.6563562 31.42983367,120.6563437 31.42980881,120.6563314 31.42978389,120.656319 31.42975904,120.6563067 31.42973413,120.6562934 31.4297096,120.6562822 31.42968445,120.656269 31.42965987,120.6562564 31.42963509,120.6562429 31.42961056,120.6562307 31.42958562,120.6562174 31.4295611,120.6562047 31.4295363,)
117:LineString(120.6562175 31.42948332,120.6562049 31.42945851,120.6561924 31.42943367,120.6561799 31.42940883,120.6561674 31.42938398,120.6561549 31.42935913,120.6561424 31.42933428,120.65613 31.42930943,120.6561175 31.42928459,120.656105 31.42925974,120.6560925 31.42923488,120.65608 31.42921003,120.6560675 31.42918519,120.6560552 31.42916029,)
118:LineString(120.6562491 31.42947176,120.6562365 31.42944697,120.6562242 31.42942207,120.6562117 31.42939721,120.6561993 31.42937233,120.6561869 31.42934746,120.6561745 31.42932258,120.656162 31.42929772,120.6561496 31.42927285,120.6561371 31.42924799,120.6561247 31.42922313,120.6561122 31.42919827,120.6560997 31.42917342,120.6560873 31.42914854,)
119:LineString(120.6561852 31.42949511,120.656173 31.42947017,120.6561605 31.42944534,120.6561479 31.4294205,120.6561354 31.42939567,120.6561229 31.42937083,120.6561104 31.42934599,120.6560979 31.42932115,120.6560854 31.42929631,120.6560729 31.42927146,120.6560604 31.42924662,120.6560479 31.42922178,120.6560354 31.42919693,120.6560228 31.42917211,)
120:LineString(120.6560253 31.42917803,120.6560127 31.42915323,120.6560001 31.42912843,120.6559874 31.42910364,120.6559748 31.42907884,120.6559622 31.42905403,120.6559497 31.42902921,120.6559371 31.42900439,120.6559246 31.42897956,120.655912 31.42895474,120.6558994 31.42892995,120.6558868 31.42890515,120.6558739 31.42888045,120.6558615 31.42885558,120.6558488 31.4288308,120.6558363 31.42880597,120.6558236 31.42878118,120.6558109 31.42875639,120.6557983 31.42873159,120.6557857 31.42870679,120.6557731 31.428682,120.6557607 31.42865712,120.655748 31.42863236,120.6557355 31.4286075,120.655723 31.42858268,120.6557104 31.42855785,120.655698 31.42853299,120.6556852 31.42850823,120.6556727 31.42848341,120.6556602 31.42845854,120.6556475 31.42843377,120.6556351 31.42840891,120.6556226 31.42838408,120.6556101 31.42835922,120.6555974 31.42833444,120.6555847 31.42830968,120.655572 31.42828493,120.6555592 31.42826018,120.6555465 31.4282354,120.6555341 31.42821054,120.6555211 31.4281859,120.6555089 31.42816093,120.6554967 31.42813598,120.6554843 31.42811112,120.6554716 31.42808634,120.6554593 31.42806144,120.6554466 31.42803666,120.655434 31.42801185,120.6554214 31.42798704,120.6554088 31.42796223,120.6553962 31.42793742,120.6553836 31.42791263,120.6553709 31.42788785,120.6553583 31.42786305,120.6553458 31.4278382,120.6553332 31.42781341,120.6553206 31.4277886,120.6553078 31.42776386,120.6552953 31.42773903,120.6552828 31.42771417,120.6552702 31.42768938,120.6552576 31.42766456,120.6552451 31.42763974,120.6552325 31.42761492,120.6552199 31.4275901,120.6552073 31.4275653,120.6551946 31.42754054,120.6551813 31.427516,120.6551684 31.42749133,120.6551555 31.42746665,120.6551429 31.42744181,120.6551308 31.42741684,120.6551183 31.42739201,120.6551063 31.42736699,120.6550937 31.42734215,120.6550812 31.42731732,120.6550687 31.42729248,120.6550563 31.4272676,120.6550437 31.42724277,120.6550311 31.427218,120.6550187 31.42719314,120.6550059 31.42716842,120.6549933 31.42714362,120.6549804 31.4271189,120.6549681 31.42709401,120.6549553 31.42706927,120.6549428 31.42704444,120.6549302 31.42701962,120.6549177 31.42699479,120.654905 31.42697001,120.6548926 31.42694515,120.6548799 31.42692034,120.6548674 31.42689553,120.6548548 31.42687071,120.6548422 31.42684591,120.6548296 31.42682109,120.654817 31.4267963,120.6548044 31.42677149,120.6547918 31.42674669,120.6547793 31.42672186,120.6547667 31.42669704,120.6547542 31.42667218,120.6547417 31.42664736,120.6547291 31.42662253,120.6547167 31.42659767,120.6547041 31.42657286,120.6546917 31.42654799,120.6546794 31.42652308,120.6546668 31.42649826,120.6546542 31.42647345,120.6546418 31.42644857,120.6546291 31.42642382,120.6546165 31.42639899,120.6546039 31.42637418,120.6545912 31.42634942,120.6545785 31.42632464,120.6545659 31.42629986,120.6545533 31.42627507,120.6545407 31.42625025,120.6545283 31.42622539,120.6545157 31.42620058,120.6545034 31.42617565,120.6544907 31.42615087,120.6544783 31.42612602,120.6544658 31.42610116,120.6544532 31.42607635,120.6544406 31.42605154,120.6544281 31.4260267,120.6544155 31.42600189,120.654403 31.42597707,120.6543904 31.42595224,120.6543779 31.42592741,120.6543654 31.42590258,120.6543527 31.42587781,120.65434 31.42585304,120.6543274 31.42582823,120.6543148 31.42580341,120.6543022 31.42577861,120.6542895 31.42575386,120.6542767 31.42572914,120.654264 31.42570437,120.6542512 31.42567961,120.6542384 31.4256549,120.6542254 31.42563025,120.6542125 31.42560554,120.6541999 31.42558076,120.654187 31.42555606,120.6541746 31.42553118,120.6541619 31.42550641,120.6541493 31.42548162,120.6541366 31.42545682,120.6541239 31.42543208,120.6541112 31.42540732,120.6540986 31.42538251,120.6540859 31.42535773,120.6540732 31.42533296,120.6540606 31.42530818,120.6540477 31.42528347,120.654035 31.42525871,120.6540222 31.42523398,120.6540093 31.42520928,120.6539964 31.42518458,120.6539835 31.42515989,120.6539706 31.42513519,120.6539578 31.4251105,120.6539449 31.4250858,120.6539319 31.42506113,120.653919 31.42503644,120.6539062 31.4250117,120.6538932 31.42498705,120.6538802 31.4249624,120.6538671 31.42493778,120.6538542 31.42491309,120.6538412 31.42488843,120.6538283 31.42486377,120.6538152 31.42483915,120.653802 31.42481456,120.653789 31.42478993,120.653776 31.42476525,120.6537627 31.42474071,120.6537497 31.42471606,120.6537368 31.42469141,120.6537236 31.42466684,120.6537105 31.42464222,120.6536978 31.42461745,120.6536845 31.42459291,120.6536718 31.42456817,120.6536587 31.42454357,120.6536458 31.42451887,120.6536329 31.42449418,120.6536198 31.42446955,120.6536068 31.42444492,120.6535938 31.42442024,120.6535806 31.42439568,120.6535675 31.42437105,120.6535544 31.42434645,120.6535414 31.42432181,120.6535282 31.42429724,120.653515 31.42427266,120.6535019 31.42424805,120.6534889 31.42422341,120.6534757 31.42419882,120.6534626 31.42417419,120.6534495 31.42414959,120.6534363 31.42412501,120.6534232 31.42410041,120.6534101 31.42407579,120.6533969 31.42405122,120.6533839 31.42402656,120.6533708 31.42400196,120.6533576 31.42397736,120.6533447 31.4239527,120.6533315 31.42392809,120.6533184 31.42390349,120.6533051 31.42387894,120.653292 31.42385433,120.6532789 31.42382971,120.6532659 31.42380509,120.6532528 31.42378045,120.6532397 31.42375586,120.6532266 31.42373121,120.6532136 31.42370656,120.6532007 31.4236819,120.6531878 31.4236572,120.6531747 31.42363255,120.6531618 31.42360789,120.6531488 31.42358322,120.6531357 31.42355861,120.6531224 31.42353408,120.653109 31.42350958,120.6530959 31.42348494,120.6530831 31.42346023,)
121:LineString(120.6560541 31.42916078,120.6560416 31.42913596,120.656029 31.42911115,120.6560164 31.42908634,120.6560038 31.42906151,120.6559913 31.42903669,120.6559788 31.42901186,120.6559662 31.42898704,120.6559536 31.42896222,120.655941 31.42893744,120.6559283 31.42891266,120.6559157 31.42888785,120.6559031 31.42886305,120.6558906 31.4288382,120.655878 31.42881341,120.6558655 31.42878857,120.6558528 31.42876378,120.6558401 31.428739,120.6558275 31.42871419,120.655815 31.42868935,120.6558025 31.42866452,120.6557899 31.4286397,120.6557775 31.42861484,120.6557648 31.42859005,120.6557523 31.42856524,120.6557398 31.42854039,120.6557272 31.42851557,120.6557145 31.4284908,120.6557019 31.42846599,120.6556892 31.42844123,120.6556768 31.42841635,120.6556643 31.4283915,120.6556517 31.42836671,120.655639 31.42834194,120.6556264 31.42831712,120.6556139 31.4282923,120.6556014 31.42826745,120.6555888 31.42824263,120.6555762 31.42821782,120.6555638 31.42819295,120.6555511 31.42816819,120.6555386 31.42814336,120.6555259 31.42811858,120.6555133 31.42809375,120.6555008 31.4280689,120.6554881 31.42804414,120.6554755 31.42801934,120.655463 31.42799451,120.6554503 31.42796973,120.6554379 31.42794486,120.6554253 31.42792006,120.6554126 31.42789529,120.6553999 31.42787052,120.6553875 31.42784563,120.6553749 31.42782083,120.6553624 31.42779598,120.6553497 31.4277712,120.6553371 31.42774641,120.6553246 31.42772158,120.6553121 31.42769671,120.6552996 31.42767189,120.6552869 31.42764711,120.6552744 31.42762228,120.6552619 31.42759742,120.6552495 31.42757255,120.655237 31.42754769,120.6552245 31.42752285,120.6552118 31.42749808,120.6551992 31.42747328,120.6551866 31.42744846,120.6551742 31.42742361,120.6551615 31.42739882,120.6551489 31.42737403,120.6551362 31.42734926,120.6551237 31.42732441,120.6551112 31.42729957,120.6550986 31.42727477,120.6550859 31.42724998,120.6550733 31.42722518,120.6550609 31.42720032,120.6550481 31.42717557,120.6550356 31.42715074,120.655023 31.42712593,120.6550104 31.42710113,120.6549978 31.42707631,120.6549853 31.42705149,120.6549726 31.4270267,120.65496 31.42700188,120.6549474 31.42697708,120.6549349 31.42695224,120.6549224 31.42692741,120.6549098 31.42690259,120.6548973 31.42687776,120.6548847 31.42685294,120.6548722 31.42682811,120.6548597 31.42680324,120.6548471 31.42677844,120.6548346 31.42675362,120.654822 31.4267288,120.6548095 31.42670397,120.654797 31.42667913,120.6547844 31.42665431,120.6547718 31.4266295,120.6547593 31.42660468,120.6547467 31.42657986,120.6547342 31.42655502,120.6547216 31.42653019,120.6547091 31.42650537,120.6546965 31.42648054,120.654684 31.42645571,120.6546715 31.42643087,120.6546588 31.4264061,120.6546462 31.42638129,120.6546336 31.42635651,120.6546209 31.42633171,120.6546085 31.42630686,120.6545958 31.42628209,120.6545831 31.4262573,120.6545706 31.42623248,120.654558 31.42620766,120.6545454 31.42618285,120.6545328 31.42615805,120.6545203 31.42613321,120.6545076 31.42610845,120.654495 31.42608364,120.6544824 31.42605881,120.6544698 31.42603402,120.6544571 31.42600925,120.6544445 31.42598446,120.6544319 31.42595965,120.6544194 31.42593482,120.6544068 31.42591001,120.6543941 31.42588523,120.6543814 31.42586046,120.6543688 31.42583565,120.6543562 31.42581083,120.6543436 31.42578602,120.654331 31.42576122,120.6543184 31.42573643,120.6543057 31.42571165,120.6542932 31.42568681,120.6542805 31.42566204,120.6542677 31.4256373,120.6542551 31.42561251,120.6542424 31.42558776,120.6542298 31.42556295,120.654217 31.42553819,120.6542044 31.42551341,120.6541916 31.42548867,120.6541789 31.42546389,120.6541663 31.4254391,120.6541536 31.42541432,120.6541409 31.42538957,120.6541281 31.42536483,120.6541154 31.42534007,120.6541027 31.4253153,120.6540899 31.42529054,120.6540772 31.42526581,120.6540643 31.42524109,120.6540516 31.42521634,120.6540388 31.42519161,120.6540259 31.42516692,120.6540131 31.42514219,120.6540002 31.42511751,120.6539873 31.42509281,120.6539745 31.42506808,120.6539616 31.42504338,120.6539487 31.4250187,120.6539357 31.42499403,120.6539228 31.42496933,120.6539099 31.42494466,120.6538969 31.42491999,120.6538839 31.42489532,120.6538709 31.42487068,120.6538579 31.42484604,120.6538449 31.42482138,120.6538318 31.42479677,120.6538187 31.42477215,120.6538056 31.42474752,120.6537925 31.4247229,120.6537795 31.42469825,120.6537664 31.42467364,120.6537534 31.42464898,120.6537404 31.42462436,120.6537273 31.42459971,120.6537143 31.42457509,120.6537013 31.42455042,120.6536882 31.42452582,120.6536751 31.42450119,120.653662 31.42447656,120.653649 31.42445193,120.653636 31.42442728,120.6536228 31.42440268,120.6536097 31.42437807,120.6535967 31.42435344,120.6535836 31.4243288,120.6535706 31.42430418,120.6535575 31.42427955,120.6535443 31.42425495,120.6535312 31.42423036,120.6535181 31.42420573,120.6535051 31.42418109,120.6534919 31.42415649,120.6534787 31.42413191,120.6534656 31.42410732,120.6534525 31.4240827,120.6534394 31.42405807,120.6534263 31.42403347,120.6534131 31.42400889,120.6534 31.42398426,120.6533869 31.42395965,120.6533739 31.42393502,120.6533608 31.42391041,120.6533476 31.42388582,120.6533344 31.42386124,120.6533213 31.42383663,120.6533082 31.42381201,120.6532951 31.4237874,120.653282 31.4237628,120.6532689 31.42373818,120.6532558 31.42371354,120.6532428 31.42368891,120.6532297 31.42366428,120.6532166 31.42363966,120.6532035 31.42361505,120.6531905 31.42359041,120.6531772 31.42356586,120.6531642 31.42354121,120.6531512 31.42351656,120.6531382 31.42349191,120.6531253 31.42346723,120.6531124 31.42344254,)
122:LineString(120.6560854 31.4291491,120.6560729 31.42912423,120.6560604 31.4290994,120.6560479 31.42907456,120.6560354 31.42904973,120.6560228 31.42902489,120.6560103 31.42900006,120.6559978 31.42897523,120.6559852 31.42895041,120.6559725 31.42892562,120.6559599 31.42890082,120.6559474 31.42887599,120.6559349 31.42885117,120.6559224 31.4288263,120.6559099 31.42880147,120.6558974 31.42877662,120.6558847 31.42875184,120.655872 31.42872709,120.6558593 31.42870231,120.6558468 31.42867747,120.6558344 31.4286526,120.6558218 31.42862779,120.6558094 31.4286029,120.6557967 31.42857815,120.655784 31.42855337,120.6557715 31.42852851,120.655759 31.42850369,120.6557461 31.42847897,120.6557336 31.42845415,120.6557206 31.42842951,120.6557084 31.42840455,120.655696 31.42837969,120.6556833 31.42835489,120.6556707 31.42833009,120.6556582 31.42830526,120.6556458 31.42828038,120.6556333 31.42825554,120.6556208 31.42823069,120.6556083 31.42820584,120.655596 31.42818094,120.6555835 31.42815607,120.655571 31.42813125,120.6555581 31.42810656,120.6555456 31.4280817,120.6555332 31.42805683,120.6555209 31.42803192,120.655508 31.42800721,120.655495 31.42798256,120.6554826 31.4279577,120.6554698 31.42793297,120.6554572 31.42790816,120.6554442 31.42788349,120.6554316 31.42785868,120.6554192 31.42783379,120.6554068 31.42780894,120.6553944 31.42778407,120.6553815 31.42775936,120.655369 31.42773453,120.6553564 31.42770972,120.6553442 31.42768477,120.6553315 31.42765999,120.6553189 31.42763518,120.6553067 31.42761026,120.6552939 31.42758558,120.6552818 31.42756059,120.6552694 31.42753571,120.655257 31.42751081,120.6552445 31.42748599,120.6552314 31.42746138,120.6552189 31.42743651,120.6552065 31.42741166,120.6551936 31.42738697,120.6551807 31.42736228,120.6551675 31.4273377,120.6551552 31.42731277,120.6551427 31.42728793,120.6551302 31.4272631,120.6551176 31.4272383,120.655105 31.4272135,120.6550927 31.42718859,120.6550797 31.42716394,120.6550673 31.42713907,120.6550548 31.42711421,120.6550424 31.42708936,120.6550298 31.42706454,120.6550173 31.42703968,120.6550047 31.42701488,120.6549923 31.42699001,120.6549796 31.42696524,120.6549673 31.42694035,120.6549547 31.42691551,120.6549423 31.42689065,120.6549298 31.42686578,120.6549174 31.42684092,120.654905 31.42681604,120.6548925 31.42679118,120.65488 31.42676634,120.6548676 31.42674147,120.654855 31.42671667,120.6548423 31.42669189,120.6548298 31.42666704,120.6548171 31.4266423,120.6548043 31.42661757,120.6547916 31.42659279,120.6547789 31.426568,120.6547664 31.42654318,120.6547537 31.42651842,120.6547408 31.4264937,120.6547283 31.42646886,120.6547162 31.42644387,120.6547039 31.42641895,120.6546924 31.42639377,120.65468 31.42636886,120.6546671 31.4263442,120.654654 31.42631957,120.654641 31.4262949,120.6546279 31.42627029,120.6546149 31.42624566,120.6546021 31.42622092,120.6545896 31.42619607,120.654577 31.42617129,120.6545642 31.42614656,120.6545517 31.42612173,120.6545387 31.42609707,120.6545264 31.42607218,120.6545136 31.42604745,120.654501 31.42602263,120.6544885 31.42599782,120.6544758 31.42597303,120.6544633 31.4259482,120.6544508 31.42592336,120.6544382 31.42589854,120.6544256 31.42587373,120.6544128 31.42584899,120.6544004 31.42582415,120.6543878 31.42579932,120.6543753 31.42577448,120.6543627 31.4257497,120.6543501 31.42572488,120.6543374 31.4257001,120.654325 31.42567523,120.6543123 31.42565046,120.6542995 31.42562571,120.6542869 31.42560092,120.6542741 31.42557619,120.6542616 31.42555137,120.6542488 31.42552664,120.654236 31.42550188,120.6542232 31.42547717,120.6542106 31.42545237,120.654198 31.42542756,120.6541853 31.42540279,120.6541726 31.425378,120.6541599 31.42535326,120.6541471 31.4253285,120.6541345 31.42530372,120.6541217 31.42527897,120.6541088 31.42525428,120.654096 31.42522955,120.6540832 31.42520484,120.6540705 31.42518008,120.6540575 31.4251554,120.6540448 31.42513066,120.6540318 31.42510599,120.6540189 31.42508131,120.6540061 31.42505658,120.6539932 31.42503187,120.6539803 31.42500716,120.6539674 31.4249825,120.6539545 31.42495779,120.6539416 31.42493312,120.6539285 31.42490847,120.6539156 31.4248838,120.6539026 31.42485913,120.6538896 31.42483448,120.6538768 31.42480978,120.6538637 31.42478517,120.6538506 31.42476055,120.6538375 31.42473593,120.6538244 31.42471131,120.6538114 31.42468665,120.6537984 31.424662,120.6537854 31.42463736,120.6537724 31.4246127,120.6537594 31.42458804,120.6537464 31.42456337,120.6537336 31.42453867,120.6537205 31.42451403,120.6537073 31.42448945,120.6536942 31.42446486,120.653681 31.42444027,120.653668 31.42441562,120.6536547 31.42439107,120.6536417 31.42436645,120.6536286 31.4243418,120.6536158 31.4243171,120.6536028 31.42429243,120.6535899 31.42426773,120.653577 31.42424303,120.653564 31.4242184,120.653551 31.42419374,120.6535378 31.42416916,120.6535243 31.42414472,120.6535108 31.42412027,120.6534972 31.42409586,120.6534841 31.42407124,120.653471 31.42404661,120.6534579 31.42402198,120.653445 31.42399729,120.6534317 31.42397281,120.6534189 31.42394805,120.6534058 31.42392346,120.6533927 31.42389883,120.6533795 31.42387426,120.6533663 31.42384969,120.6533531 31.4238251,120.6533399 31.42380053,120.6533268 31.42377591,120.6533136 31.42375135,120.6533005 31.42372674,120.6532875 31.42370209,120.6532744 31.42367747,120.6532612 31.42365288,120.6532483 31.4236282,120.6532353 31.42360355,120.6532222 31.4235789,120.6532076 31.42355491,120.6531951 31.42353002,120.6531825 31.42350522,120.6531701 31.42348035,120.6531574 31.4234556,120.6531442 31.42343102,)
123:LineString(120.6529228 31.42308751,120.6529099 31.42306285,120.6528971 31.42303811,120.6528841 31.42301345,120.6528711 31.42298881,120.6528579 31.42296421,120.6528448 31.42293962,120.6528316 31.42291505,120.6528184 31.42289044,120.6528054 31.42286582,120.6527922 31.42284126,120.6527788 31.42281669,120.6527659 31.42279205,120.6527522 31.42276707,120.6527397 31.42274296,120.6527264 31.42271837,120.6527132 31.42269383,120.6527002 31.42266917,120.6526871 31.42264456,120.6526742 31.42261987,120.6526611 31.42259524,120.6526479 31.42257067,120.6526349 31.422546,120.6526218 31.42252142,120.652609 31.42249668,120.6525958 31.42247211,120.6525827 31.42244749,120.6525697 31.42242285,120.6525566 31.42239822,120.6525436 31.42237359,120.6525305 31.42234899,120.6525173 31.42232438,120.6525042 31.42229979,120.652491 31.42227519,120.652478 31.42225056,120.6524648 31.42222602,120.6524518 31.42220136,120.6524387 31.42217674,120.6524255 31.42215216,120.6524124 31.42212754,120.6523993 31.42210294,120.6523862 31.42207834,120.652373 31.42205376,120.6523598 31.42202917,120.6523467 31.42200455,120.6523336 31.42197993,120.6523205 31.42195532,120.6523075 31.42193068,120.6522944 31.42190608,)
124:LineString(120.6529537 31.4230761,120.6529409 31.42305136,120.652928 31.42302667,120.652915 31.42300203,120.6529019 31.4229774,120.6528889 31.42295275,120.6528758 31.42292813,120.6528628 31.42290348,120.6528498 31.42287882,120.6528368 31.42285417,120.6528237 31.42282955,120.6528106 31.42280494,120.6527979 31.42278017,120.6527845 31.42275573,120.652772 31.42273102,120.6527588 31.42270641,120.6527457 31.42268182,120.6527327 31.42265717,120.6527196 31.42263258,120.6527057 31.42260828,120.6526925 31.4225837,120.6526797 31.42255896,120.652667 31.42253416,120.6526537 31.42250981,120.6526416 31.42248499,120.6526284 31.4224604,120.6526155 31.42243571,120.6526025 31.42241105,120.6525897 31.42238633,120.6525767 31.42236166,120.6525638 31.42233697,120.6525507 31.42231236,120.6525377 31.4222877,120.6525248 31.42226303,120.652512 31.42223827,120.6524991 31.42221361,120.6524863 31.4221889,120.6524734 31.42216421,120.6524602 31.42213963,120.6524473 31.42211498,120.6524341 31.42209038,120.652421 31.42206577,120.6524078 31.42204119,120.6523946 31.42201664,120.6523814 31.42199208,120.6523685 31.42196738,120.6523554 31.42194276,120.6523427 31.42191797,120.6523297 31.42189332,)
125:LineString(120.6528919 31.42309897,120.6528788 31.42307433,120.6528661 31.42304957,120.6528532 31.42302488,120.6528402 31.42300025,120.6528268 31.42297572,120.6528136 31.42295116,120.6528003 31.42292663,120.652787 31.42290208,120.6527739 31.42287747,120.6527605 31.422853,120.6527469 31.42282856,120.6527338 31.42280391,120.6527204 31.4227795,120.6527074 31.42275487,120.6526939 31.42273042,120.6526806 31.42270589,120.6526675 31.42268129,120.6526544 31.42265666,120.6526414 31.42263201,120.6526284 31.42260737,120.6526152 31.42258278,120.652602 31.4225582,120.6525887 31.42253365,120.6525758 31.42250899,120.6525624 31.42248451,120.6525491 31.4224599,120.652536 31.4224354,120.6525223 31.42240953,120.6525096 31.42238629,120.6524964 31.42236161,120.6524834 31.42233699,120.6524703 31.4223124,120.6524572 31.42228778,120.6524437 31.42226336,120.6524305 31.42223879,120.6524172 31.42221425,120.652404 31.4221897,120.6523909 31.42216507,120.6523777 31.42214049,120.6523646 31.42211588,120.6523514 31.42209132,120.6523382 31.42206675,120.652325 31.42204218,120.652312 31.42201751,120.6522985 31.42199306,120.6522857 31.42196831,120.6522719 31.42194398,120.6522601 31.4219189,)
126:LineString(120.6520457 31.42142812,120.6520331 31.42140331,120.6520205 31.42137849,120.652008 31.42135366,120.6519954 31.42132884,120.6519829 31.421304,120.6519704 31.42127916,120.6519577 31.42125437,120.6519451 31.42122959,120.6519325 31.42120478,120.6519198 31.42118,120.6519071 31.42115522,120.6518947 31.42113037,120.6518819 31.42110562,120.6518696 31.42108072,120.651857 31.42105592,120.6518445 31.42103108,120.6518319 31.42100626,120.6518193 31.42098145,120.6518069 31.42095659,120.6517943 31.42093177,120.6517817 31.42090696,120.6517692 31.42088213,120.6517566 31.42085731,120.6517442 31.42083245,120.6517316 31.42080763,120.651719 31.42078283,120.6517064 31.42075804,120.6516938 31.42073322,120.6516813 31.42070837,120.6516687 31.42068357,120.6516561 31.42065878,120.6516434 31.42063401,120.6516308 31.4206092,120.6516182 31.42058439,120.6516056 31.42055959,120.6515929 31.4205348,120.6515803 31.42051002,120.6515677 31.4204852,120.6515551 31.42046039,120.6515425 31.42043558,120.6515299 31.42041079,120.6515173 31.42038597,120.6515047 31.42036116,120.6514922 31.42033632,120.6514797 31.42031147,120.6514672 31.42028663,120.6514549 31.42026174,)
127:LineString(120.6520771 31.42141646,120.6520643 31.42139171,120.6520516 31.42136696,120.652039 31.42134216,120.6520262 31.42131741,120.6520136 31.42129262,120.6520007 31.4212679,120.6519879 31.42124318,120.6519753 31.4212184,120.6519626 31.4211936,120.6519501 31.42116878,120.6519375 31.42114398,120.651925 31.42111916,120.6519125 31.42109432,120.6519 31.42106949,120.6518876 31.42104461,120.6518753 31.4210197,120.6518631 31.42099476,120.6518506 31.42096992,120.6518382 31.42094503,120.6518257 31.4209202,120.651813 31.42089541,120.6518004 31.42087062,120.6517878 31.42084582,120.6517753 31.42082096,120.6517627 31.42079614,120.6517501 31.42077134,120.6517377 31.42074649,120.6517251 31.42072167,120.6517127 31.4206968,120.6517002 31.42067194,120.6516876 31.42064712,120.6516751 31.4206223,120.6516628 31.4205974,120.6516503 31.42057256,120.6516377 31.42054777,120.6516251 31.42052294,120.6516124 31.42049817,120.6515999 31.42047334,120.6515873 31.42044854,120.6515748 31.42042371,120.6515621 31.42039895,120.6515494 31.42037416,120.651537 31.42034931,120.6515244 31.42032448,120.6515121 31.42029957,120.6514997 31.4202747,120.6514874 31.42024979,)
128:LineString(120.6520096 31.42143168,120.651997 31.42140684,120.6519846 31.42138198,120.6519723 31.42135706,120.6519598 31.42133222,120.6519474 31.42130733,120.6519351 31.42128242,120.6519227 31.42125755,120.6519101 31.42123272,120.6518976 31.42120789,120.651885 31.42118308,120.6518725 31.42115823,120.6518598 31.42113348,120.6518473 31.42110864,120.6518347 31.42108383,120.6518219 31.42105909,120.6518092 31.42103434,120.6517966 31.42100954,120.6517839 31.42098475,120.6517715 31.42095987,120.6517588 31.42093511,120.6517461 31.42091034,120.6517336 31.4208855,120.6517211 31.42086065,120.6517085 31.42083584,120.6516957 31.42081114,120.6516828 31.42078643,120.65167 31.4207617,120.6516575 31.42073685,120.6516451 31.420712,120.6516321 31.42068733,120.6516196 31.4206625,120.6516067 31.42063782,120.6515942 31.42061299,120.6515815 31.42058824,120.651569 31.42056339,120.6515562 31.42053866,120.6515434 31.42051391,120.6515309 31.42048909,120.6515182 31.42046432,120.6515058 31.42043944,120.6514931 31.42041466,120.6514806 31.42038985,120.6514679 31.42036505,120.6514553 31.42034026,120.6514427 31.42031545,120.6514302 31.42029061,120.6514175 31.42026585,)
129:LineString(120.6513136 31.41991452,120.6513014 31.41988957,120.6512889 31.41986474,120.6512762 31.41983995,120.6512638 31.41981509,120.6512513 31.41979024,120.6512388 31.41976539,120.6512263 31.41974057,120.6512136 31.41971579,120.651201 31.41969098,120.6511884 31.41966618,120.6511758 31.41964137,120.6511642 31.41961622,)
130:LineString(120.6512354 31.41990744,120.6512228 31.41988261,120.6512103 31.41985779,120.6511977 31.41983297,120.6511852 31.41980814,120.6511726 31.41978334,120.6511599 31.41975856,120.6511473 31.41973375,120.6511348 31.41970892,120.6511223 31.41968404,120.6511098 31.41965922,120.6510975 31.41963432,120.6510849 31.41960949,120.6510724 31.41958467,120.6510597 31.41955988,120.651047 31.41953512,120.6510346 31.41951025,120.6510222 31.41948537,120.6510095 31.41946061,120.6509969 31.41943582,120.6509842 31.41941105,120.6509709 31.41938646,120.650957 31.41936222,120.6509405 31.4193388,120.6509293 31.41931333,120.6509185 31.41928798,120.6509072 31.41926269,120.6508957 31.41923751,120.6508838 31.41921243,120.6508716 31.4191875,120.6508592 31.41916265,120.6508464 31.41913794,120.6508336 31.41911321,120.650821 31.41908842,120.6508082 31.41906372,120.6507959 31.41903878,120.6507832 31.41901403,120.6507708 31.41898916,120.6507581 31.41896441,120.6507455 31.41893961,120.6507326 31.4189149,120.6507202 31.41889005,120.6507073 31.41886541,120.6506949 31.41884054,120.6506822 31.41881577,120.6506697 31.41879095,120.6506572 31.4187661,120.6506446 31.41874129,120.6506321 31.41871644,120.6506195 31.41869164,120.650607 31.4186668,120.6505945 31.41864196,120.650582 31.41861711,120.6505695 31.41859229,120.6505568 31.41856751,120.6505443 31.41854267,120.6505317 31.41851787,120.6505191 31.41849305,120.6505064 31.41846829,120.6504937 31.4184435,120.650481 31.41841874,120.6504684 31.41839393,120.6504558 31.41836914,120.6504431 31.41834439,120.6504304 31.41831961,120.6504177 31.41829484,120.6504051 31.41827004,120.6503925 31.41824525,120.6503799 31.41822043,120.6503672 31.41819567,120.6503545 31.41817089,120.6503419 31.41814609,120.6503292 31.41812132,120.6503164 31.41809658,120.6503038 31.4180718,120.6502909 31.4180471,120.6502782 31.41802233,120.6502655 31.41799754,120.6502529 31.41797276,120.6502402 31.41794797,120.6502275 31.41792323,120.6502148 31.41789846,120.6502021 31.41787367,120.6501897 31.4178488,120.6501771 31.41782401,120.6501646 31.41779914,120.6501524 31.41777421,120.6501401 31.41774927,120.6501276 31.41772444,120.6501153 31.41769952,120.6501029 31.41767467,120.6500904 31.4176498,120.6500779 31.41762498,120.6500653 31.41760018,120.6500527 31.41757535,120.65004 31.41755058,120.6500273 31.4175258,120.6500149 31.41750096,120.6500021 31.41747621,120.6499895 31.41745141,120.6499767 31.41742666,120.6499641 31.41740188,120.6499518 31.41737697,120.6499391 31.41735218,120.6499266 31.41732736,120.649914 31.41730257,120.6499014 31.41727774,120.649889 31.41725288,120.6498762 31.41722813,120.6498632 31.41720349,120.6498508 31.41717861,120.6498384 31.41715373,120.649826 31.41712885,120.6498136 31.41710397,120.6498012 31.4170791,120.6497888 31.41705422,120.6497764 31.41702935,120.6497639 31.41700449,120.6497515 31.41697961,120.6497388 31.41695483,120.6497258 31.4169302,120.6497133 31.41690537,120.6497004 31.41688069,120.6496879 31.41685585,120.6496751 31.41683108,120.6496625 31.41680628,120.6496499 31.4167815,120.6496372 31.41675671,)
131:LineString(120.651182 31.41987634,120.6511691 31.41985166,120.6511561 31.41982701,120.651143 31.41980238,120.6511302 31.41977765,120.6511176 31.41975285,120.6511051 31.419728,120.6510927 31.41970314,120.6510803 31.41967825,120.6510678 31.41965339,120.6510554 31.4196285,120.6510425 31.41960383,120.6510301 31.41957901,120.6510173 31.41955429,120.651005 31.41952936,120.650992 31.41950471,120.6509797 31.41947979,120.6509679 31.41945471,120.6509557 31.41942978,120.6509437 31.41940473,120.6509314 31.41937992,120.6509201 31.41935472,120.6509095 31.41932959,120.6509019 31.41930289,120.6508898 31.4192778,120.6508921 31.41925354,120.6508776 31.41922989,)
132:LineString(120.6509811 31.41933383,120.6509685 31.41930902,120.6509564 31.41928404,120.6509442 31.41925856,120.6509311 31.41923381,120.6509194 31.41920699,120.6509086 31.41918663,120.6508949 31.41915908,120.6508842 31.41913724,120.6508714 31.41911231,120.6508585 31.41908752,120.650846 31.4190627,120.6508328 31.41903827,120.6508208 31.41901336,120.650808 31.41898868,120.6507953 31.41896393,120.6507828 31.41893913,120.6507699 31.41891447,120.6507571 31.41888969,120.6507446 31.41886489,120.6507316 31.41884026,120.6507191 31.41881542,120.6507062 31.41879072,120.6506938 31.41876587,120.6506811 31.4187411,120.6506685 31.41871629,120.6506558 31.41869153,120.6506432 31.41866672,120.6506306 31.41864189,120.6506182 31.41861703,120.6506056 31.41859219,120.6505931 31.41856743,120.6505804 31.41854202,120.650568 31.41851779,120.6505555 31.41849287,120.6505429 31.4184681,120.6505304 31.41844326,120.6505176 31.41841851,120.650505 31.41839372,120.6504924 31.41836893,120.6504798 31.4183441,120.6504674 31.41831922,120.6504549 31.4182944,120.6504422 31.4182696,120.6504297 31.41824477,120.6504171 31.41821995,120.6504047 31.41819509,120.6503923 31.4181702,120.6503797 31.41814539,120.6503673 31.41812053,120.6503545 31.41809581,120.6503419 31.41807101,120.6503294 31.41804617,120.6503169 31.41802136,120.6503044 31.41799652,120.650292 31.41797164,120.6502795 31.41794681,120.6502671 31.41792189,120.6502545 31.41789712,120.6502422 31.41787218,120.6502297 31.41784739,120.6502173 31.41782249,120.6502049 31.41779764,120.6501922 31.41777287,120.6501796 31.41774806,120.650167 31.41772328,120.6501544 31.41769848,120.6501417 31.41767372,120.650129 31.41764896,120.6501162 31.4176242,120.6501036 31.41759939,120.6500909 31.41757466,120.6500784 31.41754979,120.6500658 31.41752498,120.6500532 31.41750018,120.6500408 31.4174753,120.6500281 31.41745054,120.6500151 31.41742588,120.6500023 31.41740117,120.6499896 31.41737639,120.6499772 31.41735153,120.6499647 31.41732673,120.6499519 31.41730199,120.6499392 31.41727722,120.6499266 31.4172524,120.6499146 31.41722737,120.6499007 31.41720309,120.649888 31.41717832,120.6498758 31.41715334,120.6498635 31.41712842,120.6498513 31.41710349,120.649839 31.41707857,120.6498268 31.41705365,120.6498145 31.41702874,120.6498022 31.41700385,120.64979 31.41697892,120.6497774 31.41695407,120.6497648 31.41692921,120.6497507 31.41690517,120.6497398 31.41688006,120.6497266 31.41685561,120.6497134 31.41683109,120.6497013 31.41680613,120.6496883 31.41678147,120.649676 31.41675654,)
133:LineString(120.6501007 31.41772892,120.650087 31.41770456,120.6500731 31.41768027,120.6500592 31.41765594,120.6500459 31.41763143,120.6500326 31.41760688,120.6500194 31.41758231,120.6500062 31.41755771,120.6499932 31.41753305,120.6499805 31.41750831,120.6499678 31.41748352,120.6499551 31.41745873,120.6499421 31.41743408,120.6499296 31.41740924,120.649917 31.41738449,120.6499042 31.41735975,120.6498916 31.41733496,120.649879 31.41731016,120.6498665 31.41728532,120.6498539 31.41726051,120.6498413 31.41723569,120.6498292 31.41721071,120.6498165 31.41718593,120.649804 31.41716111,120.6497914 31.4171363,120.6497788 31.41711149,120.6497663 31.41708666,120.6497538 31.41706182,120.6497413 31.41703697,120.6497288 31.41701211,120.6497163 31.41698727,120.6497033 31.41696262,120.6496913 31.41693761,120.6496787 31.41691279,120.6496657 31.41688816,120.6496533 31.41686328,120.6496405 31.41683857,120.6496277 31.41681383,120.6496154 31.41678892,)
134:LineString(120.6493243 31.41621691,120.6493114 31.41619222,120.6492987 31.41616745,120.6492861 31.41614265,120.6492735 31.41611783,120.649261 31.41609301,120.6492484 31.41606818,120.649236 31.41604331,120.6492237 31.41601839,120.6492113 31.41599351,120.6491987 31.4159687,120.6491861 31.41594391,120.6491735 31.41591911,120.6491606 31.41589439,120.6491477 31.4158697,120.6491345 31.41584513,120.6491219 31.41582033,120.6491099 31.41579531,120.6490984 31.41577007,120.6490861 31.41574535,120.6490748 31.41572029,120.6490646 31.41569491,120.6490522 31.41567,120.6490396 31.41564516,120.6490264 31.41562065,120.6490124 31.41559636,120.6489992 31.41557185,120.6489866 31.41554734,120.648972 31.41552381,120.64896 31.41549867,120.6489471 31.41547394,120.6489343 31.4154492,120.6489213 31.41542451,120.6489083 31.41539986,120.6488953 31.41537525,120.6488828 31.4153504,120.6488703 31.41532555,120.6488577 31.41530073,120.6488452 31.41527589,120.6488328 31.41525102,120.6488204 31.41522616,120.6488083 31.41520118,120.648796 31.41517629,120.6487835 31.41515141,120.6487712 31.4151265,120.6487589 31.41510159,120.6487464 31.41507674,120.648734 31.41505187,120.6487214 31.41502706,120.6487088 31.41500227,120.6486961 31.41497748,120.6486834 31.41495273,120.648671 31.41492784,120.6486581 31.41490317,120.6486459 31.41487823,120.6486331 31.41485351,120.6486207 31.41482862,120.6486081 31.41480382,120.6485954 31.41477905,120.6485829 31.41475423,120.6485702 31.41472945,120.6485577 31.4147046,120.6485451 31.41467978,120.6485326 31.41465495,120.64852 31.41463013,120.6485075 31.41460529,120.648495 31.41458046,120.6484825 31.41455561,120.64847 31.41453079,)
135:LineString(120.6493357 31.41616349,120.6493232 31.41613865,120.6493107 31.4161138,120.6492983 31.41608895,120.6492858 31.41606411,120.6492733 31.41603926,120.6492607 31.41601444,120.6492482 31.41598961,120.6492355 31.41596482,120.6492229 31.41594003,120.6492102 31.41591526,120.6491974 31.41589054,120.6491846 31.41586581,120.6491713 31.41584127,120.6491586 31.41581649,120.6491465 31.41579149,120.6491351 31.41576623,120.6491231 31.41574138,120.6491115 31.41571645,120.6491024 31.41569081,120.6490899 31.4156659,120.6490768 31.41564121,120.6490634 31.41561679,120.6490488 31.41559267,120.6490354 31.41556803,120.6490251 31.41554321,120.6490088 31.41552209,120.6489975 31.41549654,120.6489844 31.41547182,120.6489716 31.41544705,120.6489586 31.41542238,120.6489461 31.41539743,120.6489329 31.4153729,120.6489203 31.41534807,120.648908 31.41532318,120.6488954 31.41529837,120.6488829 31.41527353,120.6488703 31.41524872,120.648858 31.41522381,120.6488454 31.41519902,120.6488333 31.41517406,120.648821 31.41514918,120.6488082 31.41512442,120.648796 31.41509945,120.6487836 31.41507458,120.6487712 31.41504971,120.6487588 31.41502484,120.6487462 31.41500002,120.6487338 31.41497516,120.648721 31.4149504,120.6487086 31.41492557,120.6486956 31.41490095,120.6486832 31.41487605,120.6486707 31.4148512,120.6486576 31.4148266,120.6486453 31.41480167,120.6486327 31.41477685,120.64862 31.41475211,120.6486075 31.41472727,120.648595 31.4147024,120.6485824 31.4146776,120.6485699 31.41465275,120.6485571 31.41462802,120.6485448 31.41460311,120.6485324 31.41457822,120.64852 31.41455336,120.6485074 31.41452855,)
136:LineString(120.6493717 31.41615974,120.6493592 31.41613488,120.6493468 31.41611002,120.6493344 31.41608515,120.6493219 31.41606028,120.6493096 31.4160354,120.6492969 31.41601061,120.6492843 31.41598581,120.6492715 31.41596107,120.6492589 31.41593627,120.6492462 31.41591152,120.6492333 31.41588681,120.6492204 31.41586213,120.6492075 31.41583745,120.6491934 31.41581323,120.6491812 31.41578826,120.6491691 31.41576325,120.6491581 31.41573783,120.6491451 31.41571348,120.6491364 31.41568772,120.6491242 31.41566272,120.649112 31.41563775,120.6490991 31.41561304,120.6490856 31.41558866,120.6490712 31.41556438,120.6490602 31.4155397,120.6490471 31.41551598,120.6490322 31.4154929,120.6490202 31.41546773,120.6490072 31.415443,120.6489944 31.41541823,120.6489813 31.41539361,120.6489687 31.4153687,120.6489552 31.41534426,120.6489428 31.41531938,120.64893 31.41529463,120.6489174 31.41526984,120.6489047 31.41524507,120.6488921 31.41522025,120.648879 31.41519564,120.6488663 31.41517089,120.6488533 31.41514622,120.6488404 31.41512152,120.6488282 31.41509661,)
137:LineString(120.6482799 31.41444644,120.648254 31.4144619,120.6482281 31.41447737,120.6482024 31.4144931,120.6481766 31.41450857,120.6481504 31.41452367,120.6481239 31.41453841,120.6480972 31.41455271,120.6480702 31.41456701,120.6480438 31.4145809,120.6480149 31.41459551,120.6479903 31.41460898,120.6479619 31.41462233,120.6479347 31.41463694,120.6479086 31.41464843,120.6478819 31.41466299,120.6478552 31.4146768,120.647828 31.41468968,120.6478016 31.41470417,120.6477744 31.41471769,120.6477474 31.4147316,120.6477204 31.41474569,120.6476934 31.41475959,120.6476664 31.41477361,120.6476395 31.41478767,120.6476125 31.41480171,120.6475855 31.41481578,120.6475586 31.41482989,120.6475316 31.41484392,120.6475047 31.414858,120.6474778 31.41487219,120.6474509 31.41488632,120.647424 31.41490046,120.647397 31.41491441,120.64737 31.41492844,120.647343 31.41494243,120.6473162 31.4149567,120.6472893 31.41497084,120.6472624 31.41498497,120.6472355 31.41499907,120.6472086 31.41501316,120.6471817 31.41502726,120.6471548 31.41504141,120.6471278 31.4150555,120.6471009 31.4150696,120.647074 31.41508367,120.647047 31.41509771,120.6470201 31.4151118,120.6469932 31.4151259,120.6469662 31.41514001,120.6469393 31.41515407,120.6469123 31.41516815,120.6468854 31.41518223,120.6468585 31.4151964,120.6468316 31.41521053,120.6468047 31.41522462,120.6467777 31.41523867,120.6467507 31.4152527,120.6467237 31.41526668,120.6466967 31.41528066,120.6466697 31.41529455,120.6466429 31.41530886,120.6466159 31.41532287,)
138:LineString(120.6482754 31.4144093,120.64825 31.41442535,120.6482245 31.41444129,120.6481989 31.41445713,120.6481732 31.41447286,120.6481473 31.41448823,120.6481211 31.41450331,120.6480946 31.41451807,120.6480682 31.41453253,120.6480411 31.41454651,120.6480144 31.41456056,120.6479879 31.41457419,120.6479604 31.41458759,120.6479286 31.4146036,120.6479062 31.41461423,120.6478786 31.41462822,120.6478523 31.41464239,120.6478251 31.41465526,120.6477985 31.41466973,120.6477715 31.41468361,120.6477443 31.41469734,120.6477173 31.41471136,120.6476901 31.41472511,120.6476631 31.41473908,120.647636 31.41475289,120.647609 31.41476685,120.6475816 31.41478028,120.6475541 31.41479352,120.6475269 31.41480719,120.6474987 31.41481927,120.6474707 31.41483172,)
139:LineString(120.6476067 31.41477136,120.6475797 31.41478534,120.6475527 31.4147994,120.6475259 31.41481357,120.647499 31.41482768,120.647472 31.41484175,120.647445 31.41485579,120.6474181 31.41486982,120.6473911 31.4148839,120.6473641 31.4148979,120.6473371 31.41491182,120.6473103 31.41492606,120.6472833 31.41494019,120.6472565 31.41495433,120.6472296 31.41496846,120.6472026 31.41498253,120.6471757 31.41499662,120.6471487 31.41501071,120.6471218 31.41502475,120.6470949 31.41503886,120.6470679 31.41505286,120.6470409 31.4150669,120.6470138 31.41508079,120.6469869 31.41509485,120.64696 31.41510899,120.646933 31.41512303,120.6469063 31.41513747,120.6468787 31.4151506,120.6468516 31.41516439,120.6468248 31.41517867,120.6467978 31.41519271,120.6467709 31.41520677,120.6467438 31.41522071,120.6467168 31.41523461,120.6466896 31.41524827,120.6466623 31.41526185,120.6466348 31.41527517,120.6466099 31.41529174,)
140:LineString(120.6464236 31.41542372,120.6463968 31.41543792,120.6463698 31.41545202,120.6463428 31.41546601,120.646316 31.41548019,120.6462891 31.41549435,120.6462622 31.41550849,120.6462353 31.4155226,120.6462083 31.4155367,120.6461814 31.41555083,120.6461545 31.41556491,120.6461276 31.41557902,120.6461006 31.41559305,120.6460736 31.41560712,120.6460466 31.41562105,120.6460196 31.41563505,120.6459926 31.41564903,120.6459656 31.41566301,120.6459386 31.41567709,120.6459117 31.41569113,120.6458847 31.41570522,120.6458579 31.41571939,120.6458309 31.41573347,120.6458041 31.41574767,120.6457772 31.4157618,120.6457503 31.41577594,120.6457234 31.41579008,120.6456964 31.41580411,120.6456695 31.41581821,120.6456425 31.41583232,120.6456156 31.41584637,120.6455886 31.41586043,120.6455616 31.41587446,120.6455347 31.41588849,120.6455077 31.41590248,120.6454807 31.41591646,120.6454536 31.41593045,120.6454267 31.41594454,120.6453998 31.41595863,120.6453729 31.41597274,120.645346 31.41598693,120.6453192 31.41600115,120.6452923 31.41601529,120.6452654 31.41602944,120.6452384 31.41604353,120.6452115 31.41605765,120.6451846 31.41607169,120.6451576 31.41608572,120.6451306 31.41609967,120.6451036 31.41611374,120.6450766 31.41612772,120.6450497 31.41614181,120.6450227 31.41615589,120.6449958 31.41616999,120.6449689 31.41618413,120.6449419 31.41619819,120.644915 31.41621233,120.6448881 31.41622639,120.6448612 31.41624047,120.6448342 31.41625452,120.6448073 31.4162686,)
141:LineString(120.6464043 31.41539676,120.6463777 31.41541133,120.6463509 31.4154255,120.6463237 31.41543922,120.6462968 31.4154533,120.6462698 31.41546733,120.6462429 31.41548142,120.6462159 31.41549545,120.6461889 31.41550947,120.646162 31.41552355,120.6461351 31.41553773,120.6461081 31.41555173,120.6460812 31.41556583,120.6460543 31.41558001,120.6460273 31.41559405,120.6460004 31.4156082,120.6459736 31.41562238,120.6459466 31.41563635,120.6459197 31.41565056,120.6458928 31.41566465,120.6458659 31.41567871,120.645839 31.41569292,120.645812 31.41570694,120.6457852 31.41572114,120.6457582 31.41573518,120.6457312 31.41574925,120.6457044 31.41576344,120.6456774 31.4157775,120.6456505 31.41579164,120.6456237 31.4158058,120.6455969 31.41582015,120.6455703 31.41583464,120.6455434 31.41584886,120.6455166 31.41586309,120.6454899 31.4158774,120.6454627 31.41589108,120.6454362 31.41590565,120.645409 31.41591926,120.6453822 31.41593352,120.6453553 31.4159476,120.6453284 31.41596184,120.6453015 31.415976,120.6452747 31.41599018,120.6452478 31.41600431,120.6452208 31.41601839,120.6451939 31.41603247,120.645167 31.41604659,120.6451399 31.41606054,120.6451129 31.41607452,120.6450859 31.4160885,120.645059 31.41610262,120.6450321 31.41611669,120.6450052 31.41613091,120.6449783 31.41614508,120.6449514 31.41615922,120.6449246 31.41617349,120.6448978 31.41618769,120.6448707 31.41620164,120.6448438 31.41621571,120.6448168 31.41622979,120.6447899 31.41624392,)
142:LineString(120.6463368 31.41551544,120.6463095 31.41552897,120.6462825 31.41554303,120.6462556 31.41555713,120.6462287 31.4155713,120.646202 31.41558564,120.6461753 31.41560011,)
143:LineString(120.645484 31.41594631,120.6454573 31.41596064,120.6454305 31.41597496,120.6454037 31.41598931,120.6453771 31.41600387,120.6453505 31.41601837,120.6453238 31.41603276,120.645297 31.416047,120.6452701 31.4160612,120.6452433 31.41607548,)
144:LineString(120.6444539 31.41650194,120.6444264 31.41651528,120.6443991 31.41652889,120.6443713 31.41654162,120.6443439 31.41655496,120.6443166 31.41656844,120.6442894 31.41658225,120.6442624 31.41659623,120.6442355 31.41661029,120.6442083 31.41662408,)
145:LineString(120.6444084 31.41644211,120.6443814 31.41645608,120.6443544 31.41647003,120.6443273 31.4164839,120.6443003 31.41649789,120.6442734 31.41651202,120.6442465 31.41652616,120.6442196 31.41654024,120.6441925 31.41655423,120.6441655 31.41656816,120.6441386 31.41658223,120.6441116 31.41659636,120.6440849 31.41661067,120.644058 31.41662492,120.6440308 31.41663863,120.6440034 31.41665207,120.643976 31.4166654,120.6439489 31.41667938,120.6439217 31.41669308,120.6438957 31.41670855,120.6438686 31.41672149,120.6438437 31.41673724,120.6438175 31.41675259,120.6437913 31.41676766,120.643762 31.41678165,120.6437434 31.41679439,120.6437156 31.4168067,120.6436889 31.41682057,120.6436623 31.41683499,120.6436352 31.41684886,120.6436082 31.41686284,120.6435811 31.41687668,120.6435542 31.41689087,120.6435271 31.4169047,120.6434999 31.41691837,120.6434728 31.41693224,120.6434454 31.41694559,120.6434196 31.4169612,)
146:LineString(120.644418 31.41647222,120.644391 31.4164863,120.6443641 31.41650035,120.6443371 31.41651438,120.6443101 31.41652847,120.6442832 31.41654261,120.6442563 31.41655673,120.6442294 31.41657082,120.6442025 31.4165849,120.6441755 31.41659897,120.6441486 31.41661306,120.6441217 31.41662718,120.6440948 31.41664134,120.6440679 31.41665546,120.644041 31.41666959,120.6440141 31.41668373,120.6439871 31.41669784,120.6439602 31.41671194,120.6439333 31.41672611,120.6439064 31.41674024,120.6438795 31.41675439,120.6438527 31.41676855,120.6438257 31.41678267,120.6437988 31.41679675,120.6437718 31.41681072,120.6437448 31.41682475,120.6437177 31.41683867,120.6436908 31.41685271,120.6436639 31.41686685,120.6436369 31.41688089,120.64361 31.41689501,120.6435831 31.41690912,120.6435562 31.41692334,120.6435292 31.41693731,120.6435023 31.41695134,120.6434752 31.41696529,120.6434481 31.41697906,)
147:LineString(120.6433257 31.41710843,120.6433439 31.41713053,120.6433619 31.41715276,120.6433797 31.41717513,120.6433971 31.41719768,120.6434142 31.4172204,120.643431 31.41724329,120.6434478 31.41726618,120.6434642 31.4172893,120.6434811 31.41731216,120.6434973 31.41733503,120.6435129 31.41735856,120.6435292 31.41738178,120.643545 31.41740511,120.6435618 31.41742806,120.643578 31.41745126,120.6435942 31.41747447,120.6436111 31.41749733,120.643627 31.41752069,120.6436436 31.41754372,120.6436604 31.41756662,120.6436766 31.41758982,)
148:LineString(120.6433873 31.41713678,120.6434046 31.4171594,120.6434218 31.4171821,120.6434388 31.41720492,120.6434555 31.41722783,120.6434723 31.41725073,120.643489 31.41727372,120.6435056 31.4172967,120.6435223 31.41731966,120.643539 31.41734258,120.6435555 31.41736568,120.643572 31.41738874,120.6435882 31.41741193,120.643605 31.41743479,120.6436212 31.41745801,120.643638 31.41748094,120.6436542 31.41750413,120.6436705 31.41752731,120.6436876 31.41755004,120.6437034 31.41757349,)
149:LineString(120.643519 31.41726692,120.643536 31.41728975,120.6435526 31.41731274,120.6435693 31.41733571,120.6435859 31.41735868,120.6436026 31.41738167,120.6436192 31.41740467,120.6436358 31.41742768,120.6436524 31.4174507,120.643669 31.41747371,120.6436856 31.4174967,120.6437022 31.41751972,)
