id:LineString(x y, x y, ...)
0:LineString(120.6439499 31.4178828,120.6439671 31.41790546,120.6439845 31.41792802,120.6440016 31.41795079,120.6440181 31.41797384,120.6440346 31.41799691,120.644051 31.41802,120.6440675 31.41804308,120.644084 31.41806616,120.6441005 31.41808916,120.6441165 31.4181122,120.6441324 31.41813566,120.6441494 31.41815874,120.644165 31.41818165,120.6441823 31.41820379,120.6441989 31.41822765,120.6442154 31.41825002,120.644232 31.41827299,120.6442486 31.41829603,120.6442653 31.41831899,120.6442818 31.41834203,120.6442983 31.41836508,120.6443149 31.41838812,120.6443316 31.41841106,120.6443482 31.41843409,120.6443648 31.4184571,120.6443812 31.41848018,120.6443979 31.41850313,120.6444145 31.41852614,120.644431 31.4185492,120.6444476 31.41857222,120.6444643 31.4185952,120.6444809 31.41861818,120.6444973 31.41864132,120.6445139 31.41866433,120.6445305 31.41868734,120.6445471 31.41871035,120.6445636 31.41873338,120.6445802 31.4187564,120.6445961 31.41877976,)
1:LineString(120.6438932 31.41791549,120.6439101 31.41793834,120.6439272 31.41796107,120.6439439 31.41798403,120.6439603 31.41800716,120.6439769 31.41803018,120.6439933 31.41805326,120.6440099 31.41807631,120.6440263 31.41809938,120.644043 31.4181227,120.6440588 31.41814546,120.6440747 31.41816883,120.6440914 31.41819191,120.6441075 31.41821513,120.6441243 31.41823706,120.6441405 31.4182604,120.6441572 31.4182833,120.6441737 31.41830636,120.6441905 31.41832925,120.6442072 31.41835222,120.644224 31.41837511,120.6442406 31.41839811,120.6442574 31.41842101,120.6442744 31.41844383,120.6442912 31.41846671,120.6443078 31.41848971,120.6443246 31.41851264,120.6443415 31.41853547,120.6443585 31.41855828,120.6443754 31.4185811,120.6443922 31.41860398,120.6444091 31.41862683,120.6444261 31.41864968,120.6444426 31.41867269,120.6444595 31.41869556,120.6444763 31.41871845,120.6444928 31.41874153,120.6445091 31.41876466,120.6445256 31.41878775,120.6445405 31.4188116,)
2:LineString(120.6439306 31.41791818,120.643948 31.41794074,120.6439652 31.41796347,120.6439818 31.41798644,120.6439984 31.41800946,120.6440149 31.41803251,120.6440315 31.41805556,120.644048 31.41807857,120.6440646 31.41810164,120.644081 31.41812454,120.644097 31.41814776,120.6441132 31.41817102,120.6441303 31.41819394,120.6441462 31.41821714,120.6441635 31.41823952,120.6441795 31.41826272,120.6441964 31.41828559,120.644213 31.4183086,120.6442295 31.41833162,120.6442462 31.4183546,120.6442628 31.41837762,120.6442793 31.41840068,120.6442959 31.41842368,120.6443125 31.41844669,120.6443293 31.41846957,120.6443463 31.41849241,120.6443633 31.4185152,120.6443802 31.41853805,120.6443969 31.41856097,120.6444136 31.41858396,120.6444302 31.41860692,120.644447 31.41862987,120.6444635 31.41865291,120.6444801 31.41867592,120.6444967 31.41869892,120.6445134 31.41872188,120.6445299 31.41874492,120.6445467 31.41876787,120.6445631 31.41879097,120.64458 31.41881384,)
3:LineString(120.6445158 31.41862838,120.6445323 31.4186514,120.6445489 31.41867442,120.6445655 31.41869743,120.6445821 31.41872045,120.6445987 31.41874348,)
4:LineString(120.6448913 31.4188259,120.6449175 31.41881074,120.6449441 31.41879629,120.644971 31.41878207,120.6449979 31.4187679,120.6450248 31.41875375,120.6450516 31.41873965,120.6450787 31.41872588,120.6451059 31.4187124,120.6451331 31.41869884,120.6451599 31.41868436,120.6451867 31.41867034,120.6452129 31.41865544,120.6452398 31.41864132,120.6452664 31.41862679,120.645293 31.41861217,120.6453192 31.4185972,120.6453459 31.41858278,120.6453728 31.41856863,120.6453997 31.41855443,120.6454265 31.41854023,120.6454534 31.41852604,120.6454803 31.41851184,120.6455072 31.41849768,120.645534 31.41848351,120.6455609 31.41846936,120.6455878 31.41845523,120.6456147 31.41844103,120.6456417 31.41842697,120.6456685 31.4184127,120.6456954 31.41839871,120.6457219 31.41838402,)
5:LineString(120.6448571 31.41881064,120.6448832 31.41879545,120.6449097 31.41878067,120.6449364 31.41876624,120.6449632 31.41875205,120.64499 31.41873778,120.6450169 31.41872365,120.6450438 31.41870955,120.6450712 31.41869551,120.6450978 31.41868182,120.6451249 31.41866792,120.6451514 31.41865295,120.6451784 31.41863905,120.6452043 31.41862395,120.6452314 31.41861021,120.6452579 31.41859567,120.645285 31.41858173,120.6453119 31.41856756,120.6453389 31.41855354,120.6453656 31.41853915,120.6453924 31.41852489,120.6454192 31.41851067,120.6454461 31.41849647,120.6454729 31.41848226,120.6454998 31.41846809,120.6455267 31.41845392,120.6455536 31.41843975,120.6455804 31.41842558,120.6456073 31.41841135,120.6456342 31.41839726,120.645661 31.41838302,120.645688 31.41836904,120.6457148 31.4183547,)
6:LineString(120.6448628 31.41887442,120.644889 31.4188593,120.6449156 31.41884479,120.6449422 31.41883018,120.6449691 31.4188161,120.6449961 31.41880207,120.6450231 31.41878798,120.64505 31.41877392,120.645077 31.41875996,120.6451042 31.41874647,120.6451316 31.41873317,120.6451588 31.41871943,120.6451856 31.41870516,120.6452126 31.41869069,120.6452382 31.41867594,120.6452651 31.41866177,120.6452914 31.41864702,120.6453177 31.41863196,120.6453435 31.41861641,120.6453701 31.41860183,120.6453968 31.41858743,120.6454239 31.4185735,120.6454509 31.41855949,120.6454779 31.41854554,120.6455048 31.41853147,120.645532 31.41851753,120.6455588 31.41850347,120.6455857 31.41848964,120.6456126 31.41847537,120.6456396 31.4184615,120.6456662 31.41844691,120.6456926 31.41843223,120.6457189 31.41841731,120.6457458 31.4184032,)
7:LineString(120.6448417 31.41878721,120.6448673 31.41877144,120.6448934 31.41875619,120.6449199 31.41874148,120.6449464 31.41872686,120.6449732 31.41871255,120.645 31.41869837,120.6450268 31.41868415,120.6450538 31.41867026,120.6450805 31.41865581,120.6451071 31.41864164,120.6451333 31.41862639,120.6451601 31.41861225,120.6451861 31.41859724,120.6452133 31.41858343,120.64524 31.41856915,120.6452673 31.41855568,120.6452949 31.41854254,120.6453221 31.41852872,120.6453491 31.41851471,120.6453758 31.41850035,120.6454025 31.41848597,120.6454293 31.41847167,120.6454561 31.4184574,120.645483 31.41844312,120.6455098 31.41842898,120.6455365 31.41841473,120.6455634 31.41840055,120.6455902 31.41838613,120.6456168 31.41837154,120.6456425 31.41835556,120.6456701 31.41834263,120.6456934 31.41832459,)
8:LineString(120.6460781 31.41812443,120.6461074 31.41811461,120.6461354 31.4181013,120.6461617 31.41808767,120.6461897 31.41807229,120.6462127 31.41805995,120.6462567 31.41803554,120.646263 31.4180323,120.6463094 31.41800634,120.6463144 31.41800371,120.646361 31.41797789,120.6463696 31.41797304,120.6464075 31.4179528,120.6464266 31.41794287,120.6464554 31.41792723,120.6464812 31.41791352,120.6465083 31.41789902,120.6465349 31.41788506,120.6465619 31.41787091,120.6465888 31.41785673,120.6466155 31.41784232,120.6466422 31.41782782,120.6466687 31.41781315,120.6466954 31.41779877,120.6467219 31.41778416,120.6467485 31.41776958,120.6467752 31.41775519,120.646802 31.41774077,120.6468288 31.41772662,120.6468561 31.41771328,120.6468832 31.41769949,120.6469109 31.41768693,120.6469396 31.41767456,120.646967 31.41766331,120.6469969 31.41765309,120.6470273 31.4176419,120.647054 31.41763326,120.6470855 31.41762462,120.6470749 31.41760552,120.647108 31.41760823,120.6471396 31.41760042,120.6471671 31.41759381,120.6471947 31.41758032,120.647222 31.41756686,120.647249 31.4175536,120.647275 31.41753886,120.6473022 31.41752521,120.6473288 31.41751079,120.6473558 31.4174968,120.6473828 31.41748264,120.6474097 31.41746852,120.6474366 31.41745438,120.6474635 31.41744024,120.6474905 31.41742621,120.6475174 31.41741214,120.6475443 31.41739806,120.6475713 31.41738406,120.6475982 31.41736988,120.6476253 31.41735601,120.6476522 31.41734193,120.6476789 31.41732758,120.647706 31.41731373,120.647733 31.41729977,120.6477599 31.4172856,120.6477865 31.41727096,120.6478134 31.41725697,120.6478402 31.41724267,120.6478669 31.41722824,120.6478939 31.41721427,120.6479206 31.41719983,120.6479475 31.4171858,120.6479744 31.41717164,120.6480014 31.41715758,120.6480283 31.4171435,120.6480552 31.41712936,120.648082 31.41711506,120.6481089 31.41710084,120.6481357 31.41708663,120.6481625 31.41707234,120.6481894 31.41705816,120.6482162 31.41704387,120.6482432 31.41702989,120.6482703 31.417016,120.6482971 31.4170018,120.6483243 31.41698806,120.6483511 31.41697388,120.6483779 31.41695961,120.6484043 31.41694455,120.6484295 31.41692887,120.6484574 31.41691159,120.6484795 31.41689696,120.6485047 31.41687928,120.6485308 31.41686357,120.648556 31.41684767,120.6485812 31.4168306,120.648605 31.41681692,120.6486317 31.41680025,120.6486544 31.41678567,120.6486807 31.41676966,120.6487073 31.41675642,120.6487306 31.41674084,120.6487571 31.41672746,120.6487843 31.4167141,120.64881 31.41669926,120.6488368 31.41668579,120.6488629 31.4166706,120.64889 31.41665677,120.6489162 31.41664191,120.6489434 31.41662828,120.6489702 31.41661393,120.6489968 31.41659945,120.6490239 31.41658616,120.6490506 31.41657187,120.6490777 31.4165581,120.6491047 31.41654407,120.6491316 31.41653008,120.6491586 31.41651604,120.6491857 31.41650226,120.6492125 31.41648798,120.6492392 31.41647351,120.6492659 31.41645911,120.6492931 31.41644535,)
9:LineString(120.6460987 31.41815128,120.6461255 31.41813704,120.6461523 31.41812278,120.6461791 31.41810852,120.6462059 31.41809429,120.6462327 31.41807992,120.6462595 31.41806563,120.6462859 31.41805091,120.6463128 31.41803676,120.6463397 31.41802255,120.6463665 31.41800826,120.6463934 31.41799411,120.6464202 31.41797994,120.6464471 31.41796573,120.646474 31.41795158,120.6465009 31.41793742,120.6465277 31.41792323,120.6465545 31.4179089,120.6465815 31.4178947,120.6466082 31.41788044,120.6466352 31.41786601,120.6466614 31.41785191,120.6466882 31.41783757,120.6467149 31.4178232,120.6467417 31.41780901,120.6467685 31.41779472,120.6467953 31.4177804,120.6468223 31.41776649,120.646849 31.41775196,120.6468762 31.41773837,120.6469041 31.41772565,120.6469321 31.41771322,120.6469603 31.41770131,120.6469886 31.41768973,120.6470179 31.41767999,120.6470474 31.41767116,120.6470773 31.41766154,120.6471063 31.41765312,120.6471336 31.41764125,120.6471636 31.4176336,120.6471914 31.41761924,120.6472176 31.41760739,120.6472443 31.41759294,120.6472713 31.41757905,120.6472982 31.41756463,120.6473252 31.4175506,120.6473518 31.41753625,120.6473788 31.41752203,120.6474057 31.4175084,120.647432 31.41749369,120.6474591 31.41747978,120.6474857 31.41746534,120.6475126 31.41745124,120.6475394 31.41743692,120.6475663 31.41742277,120.6475932 31.41740867,120.6476199 31.41739419,120.6476467 31.41737992,120.6476736 31.41736578,120.6477003 31.41735138,120.6477272 31.41733735,120.6477541 31.4173231,120.647781 31.41730903,120.647808 31.41729505,120.6478348 31.4172808,120.6478617 31.41726666,120.6478887 31.41725257,120.6479155 31.41723829,120.6479424 31.41722419,120.6479693 31.41720998,120.6479961 31.41719583,120.6480231 31.4171817,120.64805 31.41716757,120.6480768 31.41715335,120.6481037 31.41713924,120.6481305 31.417125,120.6481574 31.41711079,120.6481843 31.41709661,120.6482111 31.41708237,120.6482378 31.41706802,120.6482646 31.41705375,120.6482916 31.41703967,120.6483184 31.41702546,120.6483453 31.41701134,120.6483724 31.41699747,120.6483991 31.416983,120.6484256 31.41696838,120.6484519 31.41695337,120.6484782 31.41693861,120.6485031 31.416922,120.6485285 31.41690574,120.6485542 31.41688973,120.6485784 31.41687366,120.6486055 31.41685436,120.6486273 31.4168432,120.6486538 31.41682428,120.6486744 31.4168103,120.6487005 31.41679481,120.6487264 31.41677956,120.6487521 31.41676419,120.6487792 31.41675037,120.6488054 31.41673559,120.6488324 31.41672164,120.6488591 31.41670717,120.6488861 31.41669335,120.6489126 31.41667873,120.6489396 31.41666475,120.6489664 31.41665053,120.6489933 31.41663644,120.6490203 31.41662245,120.6490474 31.41660851,120.6490744 31.41659454,120.6491014 31.41658051,120.6491284 31.41656655,120.6491554 31.41655258,120.6491823 31.41653842,120.6492092 31.41652432,120.6492361 31.41651023,120.649263 31.41649609,120.6492899 31.41648188,120.6493173 31.41646845,)
10:LineString(120.6463261 31.41809428,120.646353 31.41808008,120.6463801 31.41806632,120.646406 31.41805066,120.6464342 31.41803814,120.6464614 31.41802476,120.6464887 31.41801113,120.6465155 31.41799689,120.6465428 31.41798326,120.6465699 31.41796951,120.6465973 31.4179561,120.6466234 31.41794083,120.6466498 31.41792609,120.6466762 31.41791144,120.646703 31.41789716,120.6467299 31.41788308,120.646757 31.4178693,120.6467841 31.41785551,120.6468113 31.41784185,120.6468385 31.41782764,120.6468655 31.41781426,120.6468917 31.417799,120.6469169 31.41778221,120.6469441 31.4177689,120.6469712 31.41775602,120.6469987 31.41774237,120.6470266 31.41772978,120.6470545 31.4177138,120.6470807 31.41770275,120.6471089 31.41768783,120.6471267 31.41768247,120.6471593 31.41766804,120.6471693 31.41766224,120.6471987 31.41764978,120.6472276 31.4176367,120.6472554 31.4176232,120.6472825 31.41760866,120.6473087 31.41759541,120.6473342 31.41758117,120.6473627 31.41756524,120.6473816 31.41755854,120.6474083 31.41754335,120.6474349 31.41752912,120.6474616 31.41751474,120.647488 31.41749936,120.6475169 31.41748582,120.6475401 31.41747087,120.6475673 31.41745775,120.647594 31.41744369,120.6476205 31.41742912,120.6476473 31.41741468,120.6476732 31.41739961,120.6477004 31.41738654,120.6477266 31.41737247,120.647753 31.41735767,120.6477796 31.41734305,120.6478073 31.41732995,120.6478345 31.41731632,120.6478615 31.41730228,120.6478886 31.41728845,120.6479157 31.41727463,120.6479422 31.41725998,120.6479694 31.41724657,120.6479961 31.41723217,120.648023 31.41721801,120.6480498 31.4172036,120.6480767 31.41718947,120.6481035 31.4171752,120.6481304 31.41716109,120.6481572 31.41714689,120.6481843 31.41713298,120.6482112 31.41711885,120.6482383 31.41710504,120.6482647 31.41709025,120.6482916 31.41707603,120.6483187 31.41706211,120.6483456 31.41704804,120.6483726 31.41703409,120.6483999 31.41702054,120.6484265 31.41700592,120.6484526 31.41699088,120.6484788 31.41697555,120.6485048 31.4169608,120.6485298 31.41694417,120.6485554 31.41692763,120.6485815 31.41691203,120.6486085 31.41689727,120.648633 31.41688031,120.6486629 31.41687197,120.6486849 31.41685293,)
11:LineString(120.6463871 31.41809237,120.6464137 31.41807784,120.6464418 31.41806564,120.6464693 31.41805258,120.646497 31.41803952,120.6465243 31.41802616,120.6465518 31.41801272,120.646579 31.41799975,120.6466057 31.41798563,120.646633 31.41797209,120.6466615 31.41796055,)
12:LineString(120.6467775 31.41782356,120.6468046 31.4178096,120.6468317 31.41779573,120.6468599 31.41778349,120.6468868 31.41776944,120.6469149 31.41775695,120.6469414 31.41774214,120.6469685 31.41772835,120.6469958 31.41771479,120.6470229 31.41770102,120.6470502 31.41768737,120.6470775 31.41767378,)
13:LineString(120.6468951 31.41780824,120.6469248 31.41779914,120.646954 31.41778914,120.6469831 31.41777881,120.6470116 31.41776741,120.6470401 31.41775551,120.6470675 31.41774203,120.6470954 31.41772866,120.647123 31.41771657,120.647151 31.41770384,120.6471793 31.41769307,120.647206 31.4176798,120.6472347 31.41766887,120.6472632 31.41765671,120.6472909 31.41764231,120.6473202 31.41763226,120.6473413 31.41761262,120.6473714 31.4176043,)
14:LineString(120.6477495 31.41724434,120.6477749 31.41722819,120.6478004 31.41721232,120.6478263 31.41719686,120.6478525 31.4171818,120.6478791 31.41716717,120.6479059 31.41715299,120.6479331 31.41713928,)
15:LineString(120.6484772 31.41694573,120.6485041 31.41693166,120.648531 31.41691755,120.648558 31.41690349,120.648585 31.41688947,120.6486119 31.41687537,120.6486388 31.41686125,120.6486657 31.41684702,120.6486925 31.41683274,120.6487193 31.41681847,120.6487461 31.41680423,120.6487728 31.4167892,120.648801 31.41677484,120.6488251 31.41676042,120.6488523 31.4167469,120.648879 31.41673255,120.6489056 31.41671824,120.6489327 31.41670453,120.6489594 31.41669018,120.6489863 31.41667607,120.6490133 31.41666201,120.6490402 31.41664789,120.6490672 31.41663393,120.6490942 31.41661991,120.6491212 31.41660591,120.6491482 31.416592,120.6491753 31.41657803,120.6492023 31.41656401,120.6492293 31.41655007,120.6492562 31.41653598,120.6492832 31.41652189,120.6493101 31.4165078,120.6493374 31.4164943,)
16:LineString(120.6485971 31.41691608,120.6486239 31.41690188,120.6486507 31.41688761,120.6486776 31.41687335,120.6487045 31.41685922,120.6487312 31.41684483,120.6487579 31.41683045,120.6487847 31.41681616,120.6488115 31.41680189,120.6488383 31.41678762,120.6488653 31.41677367,120.6488927 31.41676017,120.6489198 31.41674543,120.648946 31.4167323,120.648973 31.41671805,120.6489995 31.41670338,120.6490265 31.41668937,120.6490536 31.41667552,120.6490798 31.41666091,120.6491069 31.41664727,120.6491335 31.41663289,120.6491605 31.41661883,120.6491875 31.41660484,120.6492145 31.41659083,120.6492416 31.41657691,120.6492686 31.416563,120.6492957 31.41654914,120.6493227 31.41653512,120.64935 31.41652155,)
17:LineString(120.6498043 31.41623034,120.6498311 31.41621612,120.649858 31.41620196,120.6498848 31.41618774,120.6499117 31.41617355,120.6499386 31.41615936,120.6499655 31.41614521,120.6499923 31.41613101,120.6500192 31.41611678,120.650046 31.41610254,120.6500728 31.41608833,120.6500997 31.4160741,120.6501266 31.41605996,120.6501534 31.41604574,120.6501803 31.41603165,120.6502073 31.41601754,120.6502342 31.4160034,120.650261 31.41598917,120.6502879 31.41597501,120.6503148 31.41596095,120.6503417 31.4159468,120.6503687 31.41593272,120.6503955 31.41591852,120.6504224 31.41590438,120.6504492 31.41589015,120.6504762 31.41587604,120.650503 31.41586185,120.65053 31.41584783,120.650557 31.41583376,120.650584 31.41581979,120.6506111 31.41580592,120.6506383 31.41579221,120.6506654 31.41577845,120.6506928 31.41576499,120.6507201 31.41575146,120.6507475 31.41573804,120.6507748 31.41572449,120.6508022 31.415711,120.6508295 31.41569741,120.6508569 31.41568408,120.6508841 31.41567048,120.6509115 31.41565705,120.6509389 31.41564367,120.6509664 31.41563033,120.6509939 31.41561705,120.6510211 31.41560343,120.6510484 31.4155898,120.6510755 31.4155759,120.6511023 31.41556171,120.6511294 31.41554794,120.651156 31.41553341,120.6511829 31.41551929,120.6512096 31.41550482,120.6512364 31.41549056,120.6512629 31.415476,120.6512896 31.4154616,120.6513164 31.41544727,120.6513431 31.41543289,120.6513699 31.41541863,120.6513968 31.41540439,120.6514236 31.41539013,120.6514504 31.41537587,120.6514773 31.41536169,120.6515041 31.41534745,120.651531 31.41533327,120.6515578 31.41531908,120.6515846 31.41530484,120.6516115 31.41529058,120.6516384 31.41527645,120.6516652 31.41526217,120.651692 31.41524799,120.6517189 31.41523378,120.6517458 31.41521965,120.6517726 31.41520541,120.6517995 31.41519125,120.6518263 31.41517705,120.6518532 31.41516283,120.65188 31.41514862,120.6519069 31.41513445,120.6519338 31.41512029,120.6519606 31.4151061,120.6519875 31.41509195,120.6520144 31.41507774,120.6520412 31.41506354,120.6520681 31.41504934,120.6520949 31.41503508,120.6521217 31.41502086,120.6521486 31.41500663,120.6521754 31.41499243,120.6522022 31.41497814,120.652229 31.41496386,120.6522559 31.41494966,120.6522826 31.41493532,120.6523094 31.41492101,120.6523362 31.41490679,120.6523631 31.41489254,120.65239 31.41487841,120.6524169 31.41486432,120.6524437 31.41485011,120.6524706 31.41483596,120.6524976 31.41482187,120.6525244 31.41480767,120.6525513 31.41479348,120.6525782 31.41477934,120.6526049 31.41476498,120.6526318 31.41475089,120.6526586 31.41473654,120.6526853 31.4147222,120.6527122 31.41470809,120.652739 31.41469379,120.6527659 31.41467962,120.6527927 31.41466541,120.6528195 31.41465105,120.6528464 31.41463706,120.6528729 31.41462241,120.6528998 31.41460837,120.6529268 31.41459423,120.6529537 31.41458014,120.6529806 31.414566,120.6530075 31.41455183,120.6530343 31.41453764,120.6530612 31.41452344,120.653088 31.41450927,120.6531148 31.41449497,120.6531415 31.41448054,120.6531684 31.41446632,120.6531952 31.41445202,120.653222 31.41443782,120.6532488 31.41442355,120.6532757 31.41440935,120.6533025 31.41439515,120.6533294 31.41438098,120.6533563 31.41436683,120.6533831 31.41435264,120.65341 31.41433848,120.6534369 31.41432428,120.6534637 31.41431007,120.6534906 31.41429586,120.6535174 31.41428159,120.6535443 31.41426741,120.6535711 31.4142532,120.653598 31.41423912,120.6536249 31.41422491,120.6536518 31.41421086,120.6536787 31.41419667,120.6537056 31.41418248,120.6537325 31.41416836,120.6537593 31.41415419,120.6537862 31.41413995,120.653813 31.41412569,120.6538398 31.41411148,120.6538666 31.41409716,120.6538935 31.414083,120.6539203 31.4140688,120.6539472 31.41405467,120.6539741 31.41404056,120.6540011 31.41402647,120.6540281 31.41401246,120.654055 31.41399833,120.6540821 31.41398452,)
18:LineString(120.6497772 31.4162113,120.6498039 31.41619682,120.649831 31.41618296,120.6498578 31.41616876,120.6498847 31.41615456,120.6499115 31.41614026,120.6499382 31.41612592,120.649965 31.41611161,120.6499918 31.41609729,120.6500185 31.41608294,120.6500453 31.41606856,120.650072 31.41605424,120.6500987 31.41603985,120.6501256 31.41602564,120.6501523 31.41601127,120.6501792 31.41599704,120.6502059 31.41598272,120.6502326 31.41596827,120.6502594 31.41595396,120.6502861 31.41593955,120.6503128 31.41592523,120.6503396 31.4159109,120.6503664 31.41589664,120.6503933 31.41588253,120.6504203 31.41586843,120.6504471 31.41585425,120.6504741 31.41584024,120.650501 31.41582615,120.650528 31.41581214,120.650555 31.41579814,120.6505821 31.41578425,120.6506093 31.41577052,120.6506364 31.41575676,120.6506636 31.41574298,120.6506911 31.41572965,120.6507182 31.41571588,120.6507456 31.41570249,120.6507728 31.41568884,120.6508002 31.41567543,120.6508275 31.41566195,120.6508547 31.41564821,120.6508817 31.41563428,120.6509092 31.41562097,120.6509362 31.41560698,120.6509636 31.4155936,120.6509917 31.41558118,120.651019 31.41556762,120.6510464 31.41555431,120.6510728 31.41553946,120.6511003 31.41552672,120.6511272 31.41551258,120.6511543 31.41549862,120.6511812 31.4154845,120.6512081 31.41547032,120.6512349 31.41545604,120.6512616 31.4154417,120.6512883 31.41542726,120.6513151 31.415413,120.6513417 31.41539855,120.6513687 31.41538447,120.6513952 31.41536995,120.6514221 31.41535588,120.651449 31.4153418,120.6514756 31.41532731,120.6515026 31.41531336,120.6515295 31.41529916,120.6515564 31.415285,120.6515833 31.41527083,120.6516101 31.41525662,120.6516369 31.41524238,120.6516638 31.41522825,120.6516906 31.41521388,120.6517174 31.41519973,120.6517442 31.41518542,120.6517711 31.41517121,120.6517978 31.41515691,120.6518247 31.41514265,120.6518516 31.41512862,120.6518784 31.41511436,120.6519054 31.41510033,120.6519323 31.4150862,120.6519592 31.41507197,120.651986 31.41505774,120.6520129 31.41504356,120.6520397 31.41502925,120.6520664 31.41501489,120.6520932 31.41500069,120.6521199 31.41498618,120.6521468 31.41497207,120.6521736 31.41495781,120.6522004 31.41494354,120.6522272 31.41492931,120.6522539 31.41491493,120.6522807 31.41490054,120.6523075 31.41488627,120.6523342 31.41487189,120.652361 31.41485766,120.6523879 31.41484359,120.6524148 31.41482943,120.6524417 31.41481526,120.6524687 31.41480125,120.6524957 31.4147872,120.6525224 31.41477293,120.6525493 31.41475878,120.6525761 31.4147444,120.6526029 31.41473018,120.6526297 31.41471593,120.6526564 31.4147015,120.6526832 31.41468725,120.65271 31.41467322,120.6527368 31.41465897,120.6527638 31.41464493,120.6527904 31.41463033,120.6528173 31.41461627,120.6528438 31.41460158,120.6528705 31.41458726,120.6528975 31.41457318,120.6529245 31.41455917,120.6529514 31.41454505,120.6529783 31.41453095,120.6530052 31.4145168,120.653032 31.4145026,120.6530589 31.41448839,120.6530857 31.41447406,120.6531125 31.41445984,120.6531393 31.41444546,120.6531662 31.41443139,120.6531928 31.41441695,120.6532197 31.41440284,120.6532466 31.41438867,120.6532734 31.41437437,120.6533005 31.41436055,120.6533271 31.41434599,120.6533542 31.41433231,120.6533808 31.41431786,120.6534078 31.41430383,120.6534347 31.41428975,120.6534615 31.41427551,120.6534884 31.41426138,120.6535152 31.41424711,120.6535422 31.41423299,120.653569 31.41421884,120.653596 31.41420479,120.6536229 31.41419066,120.6536498 31.41417658,120.6536766 31.41416226,120.6537036 31.41414827,120.6537303 31.41413384,120.6537572 31.41411969,120.653784 31.41410551,120.6538109 31.4140913,120.6538378 31.41407718,120.6538646 31.41406286,120.6538914 31.41404863,120.6539183 31.4140344,120.6539453 31.41402046,120.653972 31.4140061,120.6539987 31.41399163,120.6540259 31.41397799,120.6540528 31.41396381,)
19:LineString(120.6498137 31.41625926,120.6498407 31.41624517,120.649867 31.41623034,120.6498933 31.41621537,120.6499202 31.41620113,120.6499471 31.41618699,120.6499741 31.41617298,120.650001 31.41615895,120.650028 31.41614488,120.6500549 31.41613084,120.6500819 31.41611683,120.6501089 31.41610277,120.6501358 31.41608871,120.6501627 31.41607455,120.6501898 31.41606064,120.6502166 31.41604648,120.6502436 31.41603241,120.6502707 31.41601851,120.6502977 31.4160045,120.6503247 31.41599061,120.6503518 31.41597673,120.6503788 31.41596272,120.6504058 31.41594868,120.6504326 31.41593447,120.6504594 31.41592017,120.6504863 31.41590599,120.650513 31.41589165,120.6505399 31.41587746,120.6505668 31.41586333,120.6505937 31.41584927,120.6506207 31.41583526,120.6506478 31.41582135,120.650675 31.41580758,120.6507021 31.41579388,120.6507295 31.41578041,120.650757 31.41576708,120.6507844 31.41575364,120.6508118 31.41574024,120.6508392 31.41572694,120.6508667 31.41571378,120.6508941 31.41570035,120.6509215 31.41568694,120.6509488 31.41567337,120.6509763 31.41566003,120.6510037 31.41564668,120.651031 31.41563313,120.6510583 31.41561947,120.6510855 31.41560578,120.6511122 31.41559147,120.6511393 31.41557765,120.6511662 31.41556348,120.6511929 31.41554908,120.6512196 31.41553467,120.6512464 31.41552051,120.6512729 31.41550584,120.6512996 31.4154915,120.6513264 31.41547716,120.6513531 31.41546276,120.6513799 31.41544851,120.6514067 31.41543431,120.6514336 31.4154201,120.6514604 31.41540588,120.6514873 31.41539174,120.6515141 31.41537749,120.651541 31.41536333,120.6515678 31.415349,120.6515946 31.41533473,120.6516214 31.41532044,120.6516482 31.41530623,120.6516751 31.41529201,120.6517019 31.41527778,120.6517288 31.41526361,120.6517557 31.41524946,120.6517825 31.41523523,120.6518093 31.41522102,120.6518363 31.41520691,120.6518631 31.41519264,120.6518899 31.41517842,120.6519168 31.41516421,120.6519436 31.41515003,120.6519705 31.41513583,120.6519974 31.41512171,120.6520243 31.41510758,120.6520512 31.41509351,120.6520782 31.41507942,120.6521051 31.41506525,120.6521319 31.41505108,120.6521588 31.41503689,120.6521857 31.41502274,120.6522125 31.41500851,120.6522394 31.41499432,120.6522662 31.41498011,120.652293 31.41496588,120.6523199 31.41495162,120.6523467 31.41493742,120.6523735 31.41492314,120.6524004 31.41490899,120.6524273 31.41489484,120.6524541 31.41488055,120.6524809 31.41486632,120.6525078 31.41485213,120.6525347 31.41483797,120.6525615 31.41482376,120.6525884 31.41480966,120.6526152 31.41479532,120.652642 31.41478122,120.6526695 31.41476675,120.6526957 31.41475279,120.6527227 31.41473866,120.6527495 31.41472449,120.6527762 31.41471011,120.6528031 31.41469593,120.6528298 31.4146815,120.6528566 31.41466729,120.6528834 31.41465293,120.6529102 31.41463876,120.6529372 31.41462469,120.652964 31.41461047,120.6529909 31.41459631,120.6530178 31.41458216,120.6530446 31.41456791,120.6530715 31.41455378,120.6530983 31.4145395,120.6531251 31.41452535,120.6531519 31.41451097,120.6531788 31.41449681,120.6532055 31.41448247,120.6532324 31.41446841,120.6532592 31.41445414,120.6532861 31.41443996,120.6533129 31.41442571,120.6533398 31.41441159,120.6533667 31.41439736,120.6533936 31.41438325,120.6534204 31.41436903,120.6534473 31.41435484,120.6534741 31.41434055,120.6535009 31.41432634,120.6535277 31.41431198,120.6535545 31.41429771,120.6535813 31.41428347,120.6536081 31.41426924,120.653635 31.41425514,120.6536619 31.41424092,120.6536888 31.41422686,120.6537157 31.41421268,120.6537426 31.41419856,120.6537695 31.41418442,120.6537964 31.41417021,120.6538231 31.41415591,120.6538499 31.41414165,120.6538767 31.41412737,120.6539035 31.41411311,120.6539304 31.41409893,120.6539573 31.41408473,120.6539841 31.41407052,120.654011 31.41405638,120.654038 31.41404234,120.6540649 31.4140282,120.6540924 31.41401492,)
20:LineString(120.6497784 31.41617972,120.6498051 31.41616526,120.6498324 31.41615171,120.6498597 31.41613805,120.6498866 31.41612401,120.6499134 31.41610973,120.6499401 31.41609529,120.6499668 31.4160809,120.6499934 31.41606632,120.65002 31.41605181,120.6500464 31.41603711,120.6500731 31.41602265,120.6501008 31.41600801,120.6501264 31.41599383,120.6501532 31.4159795,120.65018 31.41596522,120.6502066 31.41595077,120.6502334 31.41593652,120.6502603 31.41592233,120.650287 31.41590802,120.6503138 31.41589373,120.6503406 31.41587943,120.6503676 31.41586538,120.6503947 31.41585146,120.6504215 31.41583729,120.6504486 31.41582343,120.6504756 31.41580955,120.6505026 31.41579559,120.6505296 31.41578159,120.6505566 31.41576778,120.6505841 31.41575457,120.650611 31.41574043,120.6506387 31.41572743,120.650666 31.41571397,120.6506938 31.4157011,120.6507216 31.41568838,120.65075 31.41567648,120.650778 31.41566413,120.6508066 31.41565266,120.6508352 31.41564128,120.6508635 31.41562927,120.6508926 31.41561879,)
21:LineString(120.6508215 31.41576832,120.6508494 31.41575563,120.6508771 31.41574258,120.6509046 31.41572937,120.650932 31.41571602,120.6509594 31.41570261,120.6509868 31.41568918,120.6510142 31.41567571,120.6510415 31.41566219,120.6510687 31.41564852,120.6510958 31.41563469,120.6511229 31.41562083,120.6511498 31.41560682,120.6511767 31.41559268,120.6512038 31.41557884,120.6512304 31.41556438,120.6512569 31.41554976,120.6512836 31.41553534,120.6513102 31.41552084,120.6513369 31.41550643,120.6513635 31.41549193,120.6513903 31.41547773,120.6514171 31.4154634,120.6514439 31.41544918,120.6514709 31.41543518,120.6514977 31.4154209,120.6515246 31.41540676,120.6515515 31.41539264,120.6515782 31.41537821,120.651605 31.415364,120.6516317 31.41534955,120.6516585 31.41533528,120.6516853 31.41532099,120.6517121 31.4153067,120.651739 31.41529257,120.6517658 31.41527834,120.6517927 31.41526415,120.6518195 31.41524993,120.6518464 31.41523569,120.6518733 31.41522156,120.6519001 31.4152073,120.6519269 31.41519306,120.6519537 31.41517885,120.6519805 31.41516457,120.6520074 31.4151504,120.6520343 31.4151363,120.6520613 31.4151223,120.6520883 31.41510833,120.6521153 31.41509425,120.6521422 31.41508011,120.652169 31.41506589,120.6521959 31.41505177,120.6522228 31.41503759,120.6522497 31.4150235,120.6522767 31.41500941,120.6523036 31.41499531,120.6523304 31.4149811,120.6523573 31.41496691,120.6523841 31.41495269,120.652411 31.41493847,120.6524378 31.41492417,120.6524646 31.41490986,120.6524912 31.41489538,120.652518 31.41488112,120.6525449 31.41486697,120.6525716 31.41485265,120.6525985 31.41483842,120.6526252 31.41482414,120.652652 31.41480979,120.6526789 31.41479567,120.6527056 31.41478138,120.6527327 31.41476751,120.6527596 31.4147534,120.6527864 31.41473912,120.6528133 31.41472497,120.65284 31.41471059,120.6528668 31.41469623,120.6528931 31.41468133,120.6529192 31.41466621,120.6529467 31.41465301,120.6529737 31.41463917,120.6530008 31.41462537,120.6530279 31.41461148,120.6530549 31.41459748,120.6530819 31.41458346,120.6531087 31.41456928,120.6531356 31.41455522,120.6531623 31.41454086,120.6531887 31.41452601,120.6532153 31.41451169,120.6532424 31.41449785,120.6532691 31.4144835,120.6532961 31.41446952,120.6533229 31.41445517,120.6533498 31.41444114,120.6533765 31.41442672,120.6534034 31.41441265,120.6534302 31.41439835,120.6534572 31.41438425,120.6534839 31.41436994,120.6535108 31.41435571,120.6535375 31.41434143,120.6535642 31.41432697,120.6535911 31.41431284,120.6536178 31.41429849,120.6536448 31.41428445,120.6536716 31.41427014,120.6536985 31.41425602,120.6537254 31.41424188,120.6537521 31.41422754,120.653779 31.41421342,120.6538059 31.41419922,120.6538327 31.41418492,120.6538594 31.41417058,120.6538863 31.4141564,120.6539131 31.41414217,120.6539398 31.41412777,120.6539666 31.41411356,120.6539935 31.41409936,120.6540205 31.41408532,120.6540475 31.41407135,120.6540745 31.41405738,120.6541014 31.41404325,)
22:LineString(120.654393 31.41385576,120.6544197 31.41384135,120.6544465 31.41382714,120.6544732 31.41381278,120.6545 31.4137984,120.6545267 31.41378403,120.6545534 31.41376967,120.6545802 31.41375532,120.6546069 31.41374098,120.6546337 31.41372671,120.6546606 31.4137125,120.6546874 31.41369828,120.6547144 31.41368427,120.6547413 31.41367004,120.6547682 31.41365594,120.6547951 31.4136418,120.6548219 31.41362752,120.6548487 31.41361338,120.6548756 31.41359919,120.6549025 31.41358501,120.6549293 31.41357082,120.6549562 31.4135566,120.654983 31.41354238,120.6550098 31.41352812,120.6550367 31.41351393,120.6550636 31.41349973,120.6550904 31.41348551,120.6551173 31.41347135,120.6551442 31.41345721,120.6551711 31.41344304,120.6551979 31.41342884,120.6552248 31.41341468,120.6552517 31.41340049,120.6552786 31.41338637,120.6553054 31.41337215,120.6553323 31.41335796,120.6553591 31.41334379,120.655386 31.41332953,120.6554128 31.41331532,120.6554397 31.41330116,120.6554665 31.41328693,120.6554934 31.41327272,120.6555202 31.41325848,120.655547 31.41324424,120.6555739 31.41323002,120.6556007 31.41321586,120.6556276 31.41320166,120.6556545 31.41318749,120.6556814 31.41317335,120.6557082 31.41315913,120.6557351 31.413145,120.655762 31.41313077,120.6557888 31.41311657,120.6558157 31.4131024,120.6558425 31.41308816,120.6558693 31.41307394,120.6558962 31.4130597,120.655923 31.41304546,120.6559499 31.41303126,120.6559767 31.41301707,120.6560036 31.4130029,120.6560305 31.4129887,120.6560573 31.4129745,120.6560842 31.41296029,120.656111 31.41294609,120.6561379 31.41293189,120.6561647 31.41291769,120.6561915 31.41290346,120.6562184 31.41288927,120.6562453 31.41287505,120.6562721 31.41286083,120.656299 31.41284664,120.6563258 31.41283241,120.6563526 31.4128182,120.6563795 31.41280398,120.6564063 31.41278974,120.6564331 31.41277553,120.65646 31.41276134,120.6564869 31.41274714,120.6565137 31.41273296,120.6565405 31.41271869,120.6565674 31.4127045,120.6565942 31.41269026,120.6566211 31.41267608,120.656648 31.41266189,120.6566748 31.41264768,120.6567016 31.41263345,120.6567285 31.41261919,120.6567553 31.41260498,120.6567821 31.41259075,120.656809 31.41257653,120.6568359 31.41256237,120.6568627 31.41254817,120.6568895 31.41253393,120.6569164 31.41251974,120.6569432 31.4125055,120.6569701 31.41249127,120.6569969 31.41247707,120.6570238 31.41246288,120.6570507 31.41244873,120.6570775 31.41243447,120.6571043 31.41242029,120.6571312 31.41240602,120.657158 31.41239179,120.6571848 31.41237755,120.6572116 31.41236333,120.6572385 31.41234916,120.6572654 31.41233496,120.6572922 31.41232074,120.6573191 31.41230654,120.6573459 31.41229231,120.6573728 31.41227815,120.6573996 31.41226393,120.6574265 31.41224977,120.6574534 31.4122356,120.6574803 31.41222144,120.6575072 31.41220729,120.6575341 31.41219316,120.657561 31.41217907,120.6575879 31.41216488,120.6576148 31.41215079,120.6576416 31.41213658,120.6576685 31.41212244,120.6576954 31.41210827,120.6577223 31.41209405,120.6577491 31.41207981,120.6577759 31.41206559,120.6578028 31.41205142,120.6578296 31.4120372,120.6578565 31.41202302,120.6578833 31.41200881,120.6579102 31.41199465,120.6579371 31.41198053,120.657964 31.41196638,120.657991 31.41195228,120.6580179 31.41193815,120.6580448 31.41192404,120.6580717 31.41190994,120.6580985 31.41189571,120.6581254 31.41188147,120.6581521 31.41186717,120.658179 31.41185296,120.6582058 31.41183867,120.6582326 31.41182439,120.6582594 31.41181018,120.6582862 31.41179588,120.658313 31.41178167,120.6583398 31.41176736,120.6583667 31.41175318,120.6583934 31.4117388,120.6584203 31.41172469,120.6584468 31.41170998,)
23:LineString(120.6543765 31.4138302,120.6544032 31.41381571,120.6544297 31.41380111,120.6544564 31.41378675,120.6544831 31.41377225,120.6545098 31.41375792,120.6545366 31.41374356,120.6545633 31.41372917,120.65459 31.41371473,120.6546168 31.41370047,120.6546437 31.41368637,120.6546706 31.4136723,120.6546978 31.41365851,120.6547248 31.41364451,120.6547518 31.41363052,120.6547787 31.41361645,120.6548056 31.41360228,120.6548325 31.41358809,120.6548593 31.41357389,120.6548862 31.41355974,120.654913 31.41354547,120.6549397 31.41353105,120.6549665 31.41351682,120.6549931 31.41350234,120.6550199 31.41348805,120.6550467 31.41347371,120.6550735 31.41345941,120.6551003 31.4134452,120.6551272 31.41343102,120.655154 31.41341671,120.6551809 31.41340271,120.6552078 31.41338848,120.6552345 31.4133742,120.6552615 31.4133602,120.6552883 31.41334593,120.6553152 31.41333169,120.6553421 31.41331754,120.6553688 31.41330326,120.6553958 31.4132892,120.6554227 31.41327502,120.6554496 31.41326093,120.6554764 31.41324666,120.6555033 31.41323259,120.6555301 31.41321821,120.6555569 31.413204,120.6555838 31.41318979,120.6556106 31.41317555,120.6556375 31.41316145,120.6556644 31.4131473,120.6556913 31.41313322,120.6557182 31.4131191,120.6557451 31.41310497,120.6557721 31.41309086,120.6557989 31.4130767,120.6558258 31.41306244,120.6558524 31.41304798,120.6558791 31.41303354,120.6559059 31.41301935,120.6559326 31.41300494,120.6559595 31.41299078,120.6559864 31.41297659,120.6560132 31.41296233,120.6560401 31.41294818,120.6560671 31.41293416,120.6560938 31.41291993,120.6561209 31.41290601,120.6561477 31.41289184,120.6561746 31.41287771,120.6562014 31.41286339,120.6562283 31.41284927,120.6562551 31.41283496,120.6562819 31.41282074,120.6563087 31.41280642,120.6563356 31.41279222,120.6563623 31.41277792,120.6563892 31.41276367,120.656416 31.41274944,120.6564428 31.4127352,120.6564697 31.41272102,120.6564966 31.41270688,120.6565233 31.41269257,120.6565502 31.41267844,120.656577 31.41266416,120.656604 31.41265006,120.6566308 31.41263586,120.6566577 31.41262171,120.6566846 31.41260751,120.6567114 31.41259326,120.6567382 31.41257902,120.6567651 31.41256483,120.6567919 31.41255061,120.6568188 31.41253648,120.6568457 31.41252212,120.6568723 31.41250795,120.6569021 31.41249212,120.656926 31.41247936,120.656953 31.41246511,120.6569797 31.41245096,120.6570066 31.41243681,120.6570335 31.41242262,120.6570603 31.41240832,120.6570871 31.41239406,120.6571139 31.41237986,120.6571406 31.41236544,120.6571673 31.41235102,120.6571941 31.41233679,120.6572209 31.41232254,120.6572478 31.41230829,120.6572746 31.41229402,120.6573013 31.41227968,120.6573281 31.41226542,120.657355 31.41225129,120.6573819 31.41223716,120.6574088 31.41222301,120.6574358 31.41220897,120.6574626 31.41219476,120.6574896 31.41218073,120.6575166 31.41216666,120.6575435 31.41215252,120.6575704 31.41213843,120.6575973 31.41212435,120.6576242 31.41211016,120.6576511 31.41209607,120.657678 31.41208192,120.6577048 31.41206766,120.6577317 31.4120535,120.6577585 31.41203925,120.6577854 31.41202515,120.6578123 31.41201097,120.6578392 31.41199678,120.657866 31.41198264,120.6578929 31.4119684,120.6579198 31.41195433,120.6579468 31.41194026,120.6579737 31.41192622,120.6580007 31.4119122,120.6580277 31.41189818,120.6580546 31.4118841,120.6580815 31.4118699,120.6581083 31.41185568,120.6581352 31.41184145,120.658162 31.41182725,120.6581891 31.41181334,120.6582157 31.41179888,120.6582425 31.41178457,120.658269 31.41176992,120.6582956 31.41175525,120.6583223 31.41174086,120.6583487 31.41172615,120.6583751 31.41171123,120.6584031 31.41169883,120.6584274 31.4116817,)
24:LineString(120.6544101 31.41388303,120.6544368 31.41386861,120.6544635 31.41385425,120.6544902 31.41383985,120.6545169 31.41382535,120.6545435 31.41381087,120.6545702 31.41379647,120.654597 31.41378211,120.6546237 31.41376779,120.6546505 31.41375345,120.6546772 31.4137391,120.654704 31.41372478,120.6547307 31.41371038,120.6547575 31.41369612,120.6547843 31.41368181,120.6548112 31.4136677,120.654838 31.41365346,120.654865 31.41363935,120.6548918 31.41362519,120.6549188 31.41361108,120.6549456 31.41359694,120.6549726 31.4135829,120.6549995 31.41356877,120.6550264 31.41355462,120.6550533 31.41354053,120.6550802 31.41352637,120.6551071 31.41351216,120.655134 31.41349809,120.6551609 31.41348395,120.6551879 31.41346986,120.6552147 31.41345567,120.6552416 31.41344155,120.6552684 31.4134273,120.6552953 31.41341316,120.6553222 31.4133989,120.655349 31.41338472,120.6553759 31.41337057,120.6554027 31.41335631,120.6554296 31.41334211,120.6554564 31.41332789,120.6554833 31.41331367,120.6555101 31.41329951,120.655537 31.41328535,120.6555639 31.41327117,120.6555908 31.41325702,120.6556177 31.41324287,120.6556445 31.41322868,120.6556714 31.41321444,120.6556982 31.41320027,120.655725 31.41318597,120.6557518 31.41317167,120.6557786 31.4131574,120.6558054 31.41314314,120.6558323 31.41312893,120.6558591 31.4131147,120.6558859 31.41310048,120.6559128 31.41308624,120.6559396 31.41307199,120.6559665 31.41305784,120.6559933 31.41304366,120.6560203 31.41302955,120.6560471 31.41301537,120.656074 31.41300118,120.6561008 31.41298695,120.6561277 31.41297275,120.6561545 31.41295853,120.6561814 31.41294433,120.6562082 31.41293011,120.6562351 31.41291595,120.656262 31.41290176,120.6562888 31.41288755,120.6563157 31.4128734,120.6563426 31.41285921,120.6563695 31.41284508,120.6563963 31.41283092,120.6564232 31.41281675,120.6564501 31.41280258,120.6564769 31.41278837,120.6565038 31.41277418,120.6565306 31.41275996,120.6565575 31.41274569,120.6565843 31.4127315,120.6566111 31.41271723,120.656638 31.41270301,120.6566648 31.41268874,120.6566916 31.4126745,120.6567184 31.41266024,120.6567452 31.41264602,120.6567721 31.41263182,120.656799 31.41261763,120.6568258 31.4126034,120.6568526 31.41258921,120.6568795 31.412575,120.6569064 31.4125608,120.6569332 31.41254663,120.6569601 31.41253241,120.6569869 31.41251822,120.6570138 31.41250401,120.6570407 31.41248985,120.6570675 31.41247567,120.6570944 31.4124615,120.6571213 31.41244731,120.6571482 31.41243319,120.6571751 31.41241902,120.6572019 31.41240482,120.6572288 31.41239062,120.6572556 31.41237642,120.6572825 31.41236225,120.6573094 31.41234808,120.6573362 31.4123339,120.6573631 31.41231965,120.6573899 31.41230543,120.6574167 31.41229114,120.6574435 31.41227693,120.6574703 31.41226267,120.6574972 31.41224845,120.657524 31.41223419,120.6575509 31.41222002,120.6575778 31.41220589,120.6576046 31.41219167,120.6576315 31.41217751,120.6576583 31.41216328,120.6576852 31.41214909,120.6577121 31.41213493,120.6577389 31.41212072,120.6577658 31.4121065,120.6577926 31.41209228,120.6578195 31.41207809,120.6578463 31.41206388,120.6578732 31.41204974,120.6579001 31.41203557,120.6579269 31.41202137,120.6579538 31.41200719,120.6579806 31.41199297,120.6580075 31.41197876,120.6580343 31.41196452,120.6580612 31.41195034,120.658088 31.41193609,120.6581149 31.41192189,120.6581418 31.41190777,120.6581686 31.41189352,120.6581955 31.4118794,120.6582223 31.41186514,120.6582491 31.41185092,120.658276 31.4118367,120.6583028 31.41182248,120.6583297 31.41180831,120.6583565 31.4117941,120.6583833 31.41177978,120.6584102 31.41176561,120.6584369 31.41175119,120.6584636 31.4117369,)
25:LineString(120.6544442 31.41393473,120.6544721 31.41392217,120.6545 31.41390947,120.6545279 31.41389698,120.6545559 31.41388439,120.6545836 31.41387145,120.6546111 31.41385824,120.6546384 31.41384462,120.6546653 31.41383045,)
26:LineString(120.6589908 31.41182022,120.6590016 31.41184566,120.6590126 31.41187101,120.6590244 31.4118961,120.6590366 31.41192108,120.6590488 31.41194602,120.659061 31.41197098,120.6590734 31.41199586,120.6590856 31.41202079,120.6590977 31.41204566,120.6591104 31.41207043,120.6591227 31.41209528,120.6591354 31.4121195,120.6591478 31.41214425,120.6591594 31.41216918,120.6591726 31.41219373,120.6591849 31.41221866,120.6591977 31.4122433,120.6592105 31.41226806,120.6592229 31.41229294,120.6592355 31.41231764,120.6592477 31.41234258,120.6592601 31.41236742,120.659273 31.41239214,120.6592855 31.41241697,120.6592985 31.41244162,120.6593109 31.41246651,120.6593238 31.41249116,120.6593363 31.412516,120.6593486 31.41254091,120.659361 31.41256579,120.6593732 31.41259073,120.6593854 31.41261567,120.6593979 31.41264051,120.6594101 31.41266548,120.6594223 31.41269043,120.6594346 31.41271534,120.6594468 31.41274027,120.6594596 31.41276502,120.6594721 31.41278985,120.6594847 31.41281463,120.6594976 31.41283935,120.6595101 31.41286415,120.659523 31.41288883,120.6595356 31.41291364,120.6595482 31.41293842,120.6595607 31.41296327,120.6595734 31.41298802,120.6595858 31.41301289,120.6595983 31.41303775,120.6596111 31.4130625,120.6596236 31.4130873,120.6596363 31.41311207,120.6596488 31.41313691,120.6596616 31.41316161,120.6596743 31.41318638,120.6596869 31.4132112,120.6596997 31.41323592,120.6597123 31.41326071,120.6597251 31.41328546,120.6597379 31.41331019,120.6597505 31.41333499,120.6597632 31.41335977,120.6597757 31.41338461,120.6597881 31.41340949,120.6598005 31.41343437,120.6598129 31.41345926,120.6598254 31.41348407,120.6598379 31.41350893,120.6598503 31.41353381,120.6598626 31.41355872,120.6598751 31.41358355,120.6598874 31.41360847,120.6598999 31.4136333,120.6599124 31.41365815,120.659925 31.41368296,120.6599375 31.41370778,120.6599502 31.41373257,120.6599628 31.41375736,120.6599756 31.41378209,120.6599883 31.41380686,120.660001 31.41383162,120.6600136 31.41385644,120.6600261 31.41388127,120.6600389 31.41390599,120.6600511 31.41393091,120.6600639 31.41395565,120.6600764 31.4139805,120.6600888 31.41400536,120.6601014 31.41403019,120.6601139 31.41405503,120.6601263 31.41407991,120.6601387 31.41410479,120.6601511 31.41412968,120.6601634 31.4141546,120.6601758 31.41417946,120.6601883 31.41420431,120.6602007 31.41422918,120.6602135 31.41425393,120.6602261 31.41427873,120.6602387 31.41430353,120.6602513 31.41432832,120.6602641 31.41435307,120.6602769 31.4143778,120.6602893 31.41440265,120.660302 31.41442742,120.6603148 31.41445215,120.6603275 31.4144769,120.6603405 31.41450158,120.6603529 31.41452645,120.6603655 31.41455124,120.6603784 31.41457595,120.6603906 31.41460089,120.6604031 31.41462569,120.6604158 31.41465044,120.6604285 31.41467522,120.6604406 31.41470024,120.6604519 31.41472547,120.6604631 31.41475078,120.6604742 31.41477611,120.660485 31.41480154,120.6604952 31.41482717,120.6605048 31.41485295,120.660514 31.41487888,120.6605257 31.41490364,120.6605208 31.41492872,120.660536 31.41495281,)
27:LineString(120.6590207 31.41180324,120.6590314 31.41182869,120.6590421 31.41185414,120.6590535 31.41187936,120.6590655 31.41190438,120.6590777 31.41192936,120.6590897 31.41195439,120.6591018 31.41197936,120.659114 31.41200431,120.6591259 31.41202927,120.6591385 31.41205405,120.6591507 31.41207888,120.6591633 31.41210334,120.6591757 31.41212803,120.6591877 31.41215292,120.6592006 31.41217754,120.6592133 31.41220228,120.6592264 31.41222692,120.6592389 31.41225172,120.6592515 31.41227649,120.6592648 31.41230093,120.6592768 31.41232589,120.6592896 31.41235054,120.6593026 31.41237522,120.6593151 31.41240005,120.6593279 31.41242477,120.6593404 31.4124496,120.659353 31.41247441,120.6593656 31.41249923,120.6593779 31.41252412,120.6593904 31.41254898,120.6594027 31.4125739,120.6594151 31.41259879,120.6594274 31.41262371,120.6594396 31.41264865,120.6594519 31.41267355,120.6594641 31.4126985,120.6594765 31.41272339,120.6594889 31.41274827,120.6595013 31.41277316,120.6595137 31.41279802,120.6595262 31.41282287,120.6595388 31.41284769,120.6595513 31.41287253,120.6595639 31.41289732,120.6595765 31.41292214,120.6595891 31.41294692,120.6596018 31.4129717,120.6596144 31.41299649,120.6596272 31.41302124,120.6596399 31.41304602,120.6596526 31.41307079,120.6596653 31.41309554,120.659678 31.41312031,120.6596907 31.41314507,120.6597035 31.41316981,120.6597162 31.41319456,120.6597289 31.41321935,120.6597417 31.41324407,120.6597544 31.41326886,120.659767 31.41329363,120.6597797 31.4133184,120.6597924 31.41334318,120.659805 31.41336798,120.6598176 31.41339279,120.6598302 31.4134176,120.6598428 31.41344242,120.6598553 31.41346723,120.6598679 31.41349204,120.6598804 31.41351689,120.659893 31.41354171,120.6599055 31.41356653,120.659918 31.41359138,120.6599305 31.41361623,120.659943 31.41364106,120.6599555 31.41366589,120.6599681 31.41369071,120.6599807 31.41371551,120.6599933 31.41374031,120.660006 31.4137651,120.6600186 31.41378988,120.6600313 31.41381466,120.6600439 31.41383946,120.6600566 31.41386423,120.6600692 31.41388903,120.6600819 31.41391382,120.6600945 31.41393863,120.6601071 31.41396343,120.6601196 31.41398825,120.6601322 31.41401306,120.6601447 31.4140379,120.6601572 31.41406275,120.6601697 31.4140876,120.6601821 31.41411246,120.6601946 31.41413732,120.6602071 31.41416215,120.6602197 31.41418698,120.6602322 31.41421179,120.6602448 31.41423661,120.6602574 31.41426141,120.66027 31.41428621,120.6602827 31.414311,120.6602953 31.41433579,120.660308 31.41436058,120.6603206 31.41438536,120.6603332 31.41441018,120.6603458 31.41443498,120.6603585 31.41445977,120.6603711 31.41448456,120.6603837 31.41450936,120.6603964 31.41453414,120.6604091 31.4145589,120.6604217 31.41458371,120.6604344 31.41460846,120.660447 31.41463326,120.6604596 31.41465807,120.6604722 31.4146829,120.6604846 31.41470776,120.660497 31.41473264,120.6605096 31.41475747,120.660522 31.41478232,120.6605346 31.41480714,120.6605473 31.4148319,120.66056 31.41485667,120.6605728 31.41488141,120.6605856 31.41490615,120.6605983 31.4149309,120.660611 31.41495566,120.6606237 31.41498044,120.6606363 31.41500525,120.6606488 31.41503008,120.6606614 31.4150549,120.6606738 31.41507975,120.6606864 31.41510458,120.6606988 31.41512944,120.6607113 31.41515431,120.6607238 31.41517915,120.6607362 31.41520401,120.6607487 31.41522886,120.6607612 31.4152537,120.6607738 31.41527851,120.6607863 31.41530334,120.6607989 31.41532816,120.6608114 31.415353,120.6608239 31.41537785,120.6608364 31.41540268,120.660849 31.41542749,120.6608615 31.41545232,120.6608742 31.41547711,120.6608868 31.41550189,120.6608996 31.41552664,120.6609122 31.41555144,120.6609248 31.41557625,120.6609374 31.41560104,120.6609498 31.41562593,)
28:LineString(120.6590522 31.41178528,120.6590627 31.41181078,120.6590733 31.41183629,120.6590846 31.41186154,120.6590965 31.41188659,120.6591086 31.41191159,120.6591206 31.41193661,120.6591327 31.41196161,120.6591449 31.41198655,120.6591569 31.4120115,120.6591693 31.41203639,120.6591815 31.41206126,120.659194 31.41208592,120.6592063 31.41211074,120.6592188 31.41213559,120.6592314 31.41216029,120.6592443 31.41218491,120.6592574 31.41220951,120.6592702 31.41223423,120.6592831 31.4122589,120.6592959 31.41228359,120.6593086 31.41230838,120.6593212 31.41233316,120.6593341 31.41235783,120.6593467 31.41238262,120.6593594 31.41240741,120.6593719 31.41243223,120.6593843 31.41245713,120.6593969 31.41248191,120.6594092 31.41250681,120.6594216 31.41253171,120.6594341 31.41255656,120.6594464 31.41258146,120.6594589 31.41260633,120.6594712 31.41263123,120.6594835 31.41265612,120.6594959 31.41268102,120.6595082 31.41270592,120.6595207 31.41273077,120.6595331 31.41275564,120.6595457 31.41278046,120.6595582 31.41280529,120.6595709 31.41283008,120.6595834 31.4128549,120.6595961 31.41287968,120.6596087 31.41290448,120.6596214 31.41292924,120.659634 31.41295405,120.6596467 31.41297884,120.6596594 31.4130036,120.6596721 31.41302838,120.6596847 31.41305317,120.6596974 31.41307795,120.6597101 31.41310271,120.6597227 31.4131275,120.6597354 31.41315227,120.6597482 31.41317702,120.6597608 31.41320182,120.6597735 31.41322657,120.6597861 31.41325138,120.6597987 31.41327618,120.6598112 31.41330104,120.6598237 31.41332587,120.6598362 31.41335072,120.6598487 31.41337556,120.6598612 31.4134004,120.6598737 31.41342522,120.6598863 31.41345003,120.6598988 31.41347486,120.6599116 31.4134996,120.6599243 31.41352439,120.659937 31.41354914,120.6599498 31.41357387,120.6599623 31.4135987,120.659975 31.41362348,120.6599876 31.41364829,120.6600001 31.41367311,120.6600127 31.41369792,120.6600253 31.41372275,120.6600378 31.41374757,120.6600504 31.41377239,120.660063 31.4137972,120.6600755 31.41382203,120.6600881 31.41384683,120.6601007 31.41387165,120.6601132 31.41389646,120.6601258 31.41392128,120.6601384 31.41394609,120.660151 31.4139709,120.6601636 31.4139957,120.6601763 31.41402048,120.660189 31.41404525,120.6602016 31.41407006,120.6602142 31.41409486,120.6602268 31.41411966,120.6602395 31.41414444,120.660252 31.41416926,120.6602647 31.41419404,120.6602772 31.41421888,120.6602898 31.41424368,120.6603023 31.41426852,120.6603149 31.41429332,120.6603274 31.41431818,120.6603399 31.41434301,120.6603524 31.41436786,120.6603649 31.4143927,120.6603775 31.41441752,120.66039 31.41444236,120.6604026 31.41446717,120.660415 31.41449202,120.6604275 31.41451686,120.6604401 31.41454168,120.6604526 31.41456654,120.6604651 31.41459138,120.6604777 31.41461618,120.6604902 31.414641,120.6605028 31.41466582,120.6605156 31.41469055,120.6605284 31.41471527,120.6605411 31.41474003,120.660554 31.41476474,120.6605667 31.41478951,120.6605793 31.4148143,120.6605919 31.41483912,120.6606044 31.41486397,120.6606169 31.41488878,120.6606293 31.41491368,120.660642 31.41493845,120.6606543 31.41496333,120.660667 31.41498811,120.6606796 31.41501292,120.6606923 31.4150377,120.6607048 31.41506253,120.6607175 31.41508729,120.66073 31.41511214,120.6607426 31.41513694,120.6607551 31.41516178,120.6607676 31.41518663,120.66078 31.41521149,120.6607925 31.41523634,120.6608049 31.4152612,120.6608176 31.41528601,120.6608301 31.41531083,120.6608427 31.41533565,120.6608553 31.41536044,120.6608679 31.41538524,120.6608806 31.41541001,120.6608933 31.41543477,120.660906 31.41545957,120.6609186 31.41548436,120.6609311 31.41550921,120.6609436 31.41553403,120.6609562 31.41555886,120.6609687 31.41558368,120.6609812 31.41560853,)
29:LineString(120.6591055 31.41182429,120.6591175 31.41184932,120.6591299 31.41187419,120.6591424 31.41189901,120.6591549 31.41192388,120.6591674 31.41194871,120.6591799 31.41197356,120.6591922 31.41199848,120.6592044 31.41202344,120.6592166 31.41204839,120.6592288 31.41207335,120.6592409 31.41209835,120.6592535 31.41212316,120.6592658 31.41214804,120.6592785 31.41217271,120.6592919 31.41219729,120.6593041 31.41222217,120.6593174 31.41224654,120.65933 31.41227129,120.6593428 31.41229603,120.6593553 31.41232079,120.6593682 31.41234547,120.6593809 31.4123702,120.6593933 31.41239507,120.6594057 31.41241997,120.6594182 31.41244481,120.6594306 31.41246967,120.6594431 31.41249453,120.6594558 31.4125193,120.6594683 31.41254415,120.6594808 31.41256898,120.6594934 31.41259377,120.6595059 31.41261861,120.6595183 31.41264351,120.6595307 31.41266838,120.659543 31.41269329,120.6595556 31.41271811,120.659568 31.41274299,120.6595806 31.4127678,120.6595931 31.41279263,120.6596057 31.41281744,120.6596183 31.41284223,120.6596308 31.41286706,120.6596436 31.41289181,120.6596561 31.41291663,120.6596688 31.41294142,120.6596812 31.41296627,120.6596938 31.4129911,120.6597064 31.4130159,120.659719 31.4130407,120.6597315 31.41306554,120.6597442 31.41309033,120.6597568 31.41311513,120.6597691 31.41314003,120.659782 31.41316472,120.6597945 31.41318953,120.6598071 31.41321436,120.6598199 31.41323906,120.6598324 31.4132639,120.6598448 31.4132888,120.6598574 31.4133136,120.6598694 31.41333859,120.6598819 31.41336345,120.6598941 31.41338838,120.6599066 31.41341324,120.659919 31.41343807,120.6599314 31.41346297,120.6599441 31.41348773,120.6599564 31.41351262,120.6599695 31.41353722,120.659982 31.41356205,120.6599949 31.41358676,120.6600077 31.41361149,120.6600206 31.41363617,120.6600334 31.41366092,120.660046 31.4136857,120.6600587 31.41371048,120.660071 31.41373537,120.6600836 31.41376016,120.660096 31.41378505,120.6601085 31.4138099,120.660121 31.41383471,120.6601334 31.41385958,120.660146 31.41388441,120.6601586 31.41390922,120.6601712 31.41393401,120.6601841 31.41395871,120.6601969 31.41398345,120.6602098 31.41400812,120.6602227 31.41403284,120.6602353 31.41405763,120.660248 31.4140824,120.6602605 31.41410722,120.6602731 31.41413204,120.6602856 31.41415689,120.6602981 31.41418172,120.6603104 31.41420663,120.6603228 31.41423149,120.6603356 31.41425624,120.6603481 31.41428108,120.6603606 31.41430593,120.6603731 31.41433077,120.6603854 31.41435568,120.6603978 31.41438054,120.6604102 31.41440542,120.6604226 31.4144303,120.6604351 31.41445513,120.6604476 31.41447998,120.6604599 31.41450488,120.6604727 31.41452963,120.6604849 31.41455457,120.6604974 31.4145794,120.6605098 31.41460428,120.6605222 31.41462916,120.6605348 31.41465399,120.6605475 31.41467874,120.6605603 31.41470345,120.6605733 31.41472813,120.6605864 31.41475272,120.6605994 31.41477737,120.6606124 31.41480201,120.6606251 31.41482678,120.6606375 31.41485165,120.6606498 31.41487657,120.6606617 31.41490166,120.6606741 31.41492648,120.6606863 31.41495137,120.6606988 31.41497624,120.6607114 31.41500102,120.6607242 31.41502575,120.6607366 31.41505057,120.6607496 31.41507521,120.6607621 31.41510005,120.6607749 31.41512479,120.6607875 31.41514958,120.6608001 31.4151744,120.6608127 31.41519918,120.6608254 31.41522397,120.6608378 31.41524883,120.6608505 31.41527362,120.6608629 31.4152985,120.6608753 31.41532334,120.660888 31.41534815,120.6609007 31.41537291,120.6609134 31.41539767,120.6609263 31.41542235,120.6609391 31.4154471,120.6609517 31.41547188,120.6609646 31.41549657,120.6609774 31.4155213,120.6609903 31.41554599,120.6610032 31.41557068,120.6610142 31.41559603,)
30:LineString(120.6604869 31.41477983,120.6604991 31.41480479,120.6605114 31.41482971,120.660524 31.41485451,120.6605364 31.41487938,120.6605489 31.41490422,120.6605613 31.4149291,120.6605737 31.41495397,120.6605861 31.41497883,120.6605985 31.41500365,120.6606111 31.41502848,120.6606235 31.41505337,120.6606354 31.41507841,120.6606479 31.41510314,120.6606599 31.41512812,120.6606723 31.41515302,120.6606847 31.41517792,120.6606975 31.41520263,120.6607098 31.41522753,120.6607227 31.41525221,120.6607351 31.41527709,120.6607477 31.41530187,120.6607602 31.41532673,120.6607728 31.41535154,120.6607851 31.41537644,120.6607974 31.41540135,120.6608099 31.4154262,120.6608224 31.41545105,120.660835 31.41547587,120.6608474 31.41550071,120.6608601 31.41552549,120.6608725 31.41555036,120.6608849 31.41557523,120.6608974 31.41560007,120.6609096 31.41562501,)
31:LineString(120.6610602 31.41591522,120.6610728 31.41594004,120.6610853 31.41596487,120.661098 31.41598965,120.6611105 31.41601448,120.661123 31.41603934,120.6611354 31.41606421,120.6611478 31.41608908,120.6611603 31.41611395,120.6611727 31.4161388,120.6611851 31.41616369,120.6611975 31.41618858,120.6612099 31.41621345,120.6612225 31.41623828,120.6612351 31.41626306,120.6612477 31.41628787,120.6612603 31.41631266,120.6612726 31.41633759,120.6612851 31.41636242,120.6612977 31.4163872,120.6613099 31.41641216,120.6613223 31.41643701,120.6613349 31.41646181,120.6613472 31.41648672,120.6613601 31.4165114,120.6613728 31.41653622,120.6613849 31.41656118,120.6613977 31.41658586,120.6614097 31.41661086,120.661422 31.41663578,120.6614342 31.41666073,120.6614464 31.41668568,120.6614589 31.41671053,120.661471 31.41673549,120.6614835 31.41676034,120.6614955 31.41678537,120.6615079 31.41681022,120.6615206 31.41683498,120.661534 31.41685949,120.6615466 31.41688429,120.6615581 31.41690947,120.6615694 31.41693463,120.6615791 31.41696036,120.6615892 31.41698603,120.6615985 31.41701187,120.6616107 31.41703836,120.6616161 31.41705956,120.6616274 31.41708477,120.6616368 31.4171106,120.6616476 31.41713601,120.6616577 31.41716164,120.6616687 31.41718714,120.66168 31.41721233,120.661691 31.41723758,120.6617035 31.41726248,120.6617154 31.41728745,120.661728 31.41731223,120.6617411 31.41733684,120.6617539 31.4173616,120.6617675 31.41738596,120.6617803 31.41741058,120.6617934 31.41743492,120.6618075 31.41745904,120.66182 31.41748392,120.6618342 31.417508,120.6618462 31.41753302,120.6618606 31.41755711,)
32:LineString(120.6611561 31.41587882,120.6611683 31.41590377,120.6611807 31.41592865,120.6611936 31.41595335,120.6612061 31.41597817,120.6612191 31.41600284,120.6612321 31.41602748,120.6612452 31.4160521,120.661258 31.41607684,120.6612706 31.41610165,120.6612832 31.41612644,120.6612962 31.41615109,120.6613094 31.41617568,120.661322 31.41620049,120.6613346 31.41622529,120.6613474 31.41624989,120.6613593 31.41627493,120.6613723 31.41629958,120.6613846 31.41632443,120.661397 31.41634931,120.6614093 31.4163742,120.6614222 31.41639891,120.6614345 31.41642381,120.6614471 31.41644862,120.6614593 31.41647356,120.6614717 31.4164984,120.6614836 31.41652345,120.6614961 31.4165483,120.6615081 31.41657329,120.6615204 31.41659821,120.6615322 31.4166233,120.6615443 31.41664831,120.6615564 31.4166733,120.6615687 31.4166982,120.6615809 31.41672316,120.6615933 31.41674804,120.6616052 31.41677311,120.6616172 31.41679815,120.6616283 31.41682334,120.6616395 31.4168487,120.6616497 31.41687443,120.6616615 31.41689919,120.6616699 31.41692522,120.6616718 31.41694991,120.661695 31.41696623,120.6617008 31.41699237,)
33:LineString(120.6611002 31.41591845,120.6611127 31.41594328,120.6611251 31.41596815,120.6611375 31.41599302,120.6611499 31.41601792,120.6611623 31.4160428,120.6611747 31.41606767,120.6611871 31.41609254,120.6611996 31.4161174,120.6612121 31.41614225,120.6612245 31.41616711,120.6612371 31.41619194,120.6612495 31.4162168,120.6612621 31.4162416,120.6612745 31.41626647,120.6612872 31.41629127,120.6612996 31.41631614,120.661312 31.41634101,120.6613245 31.41636586,120.661337 31.41639071,120.6613494 31.41641557,120.661362 31.41644038,120.6613745 31.41646522,120.6613871 31.41649005,120.6613996 31.41651489,120.661412 31.41653976,120.6614245 31.41656461,120.6614368 31.41658951,120.6614492 31.41661439,120.6614616 31.41663929,120.6614739 31.41666417,120.6614864 31.41668904,120.6614992 31.41671376,120.6615115 31.41673865,120.6615241 31.41676347,120.6615366 31.41678833,120.6615491 31.41681313,120.6615618 31.4168379,120.6615745 31.41686269,120.6615872 31.41688745,120.6615999 31.41691221,120.6616126 31.41693698,120.6616254 31.41696174,120.6616379 31.41698656,120.661651 31.41701112,120.6616634 31.41703597,120.6616761 31.41706076,120.661689 31.41708542,120.6617014 31.41711026,120.6617144 31.41713494,120.6617269 31.41715974,120.6617399 31.4171844,120.6617524 31.41720922,120.661765 31.41723402,120.6617778 31.41725876,120.6617912 31.41728327,120.6618047 31.41730775,120.6618182 31.41733217,120.661832 31.41735647,120.6618452 31.41738106,120.6618583 31.41740559,120.6618714 31.41743016,120.6618844 31.41745484,120.6618968 31.41747974,120.6619086 31.41750465,120.6619191 31.41753062,120.6619312 31.41755589,120.6619416 31.41758154,120.6619485 31.4176079,120.6619633 31.41763176,)
34:LineString(120.6611321 31.41590633,120.6611445 31.41593119,120.6611571 31.41595599,120.6611697 31.41598079,120.6611824 31.41600556,120.6611951 31.41603034,120.6612078 31.41605513,120.6612204 31.41607992,120.661233 31.41610473,120.6612456 31.41612954,120.6612582 31.41615434,120.6612708 31.41617914,120.6612834 31.41620395,120.6612959 31.41622878,120.6613085 31.41625359,120.6613209 31.41627846,120.6613334 31.41630331,120.6613459 31.41632818,120.6613583 31.41635303,120.6613707 31.4163779,120.6613832 31.41640275,120.6613957 31.41642758,120.6614082 31.41645244,120.6614207 31.41647728,120.6614332 31.41650212,120.6614455 31.41652703,120.661458 31.41655187,120.6614703 31.41657678,120.6614826 31.4166017,120.6614949 31.41662661,120.6615073 31.41665152,120.6615195 31.41667647,120.661532 31.4167013,120.6615444 31.41672618,120.6615571 31.41675095,120.6615693 31.4167759,120.6615812 31.41680096,120.6615934 31.41682589,120.6616055 31.4168509,120.6616181 31.41687563,120.6616302 31.41690065,120.6616427 31.41692543,120.6616561 31.41695009,120.6616683 31.41697441,120.6616826 31.41699849,120.6616955 31.41702408,120.6617083 31.41704732,120.6617209 31.41707198,120.6617327 31.41709673,120.661746 31.41712115,120.6617586 31.41714599,120.6617717 31.41717058,120.661784 31.41719552,120.661797 31.41722006,120.6618093 31.41724496,120.6618222 31.41726962,120.6618355 31.41729415,120.6618493 31.41731849,120.661863 31.41734283,120.6618768 31.41736723,120.6618896 31.41739189,120.6619024 31.41741656,120.6619147 31.41744155,120.6619262 31.41746672,120.6619379 31.41749148,120.6619488 31.41751663,120.6619597 31.41754148,120.6619694 31.4175669,120.6619812 31.41759216,120.6619906 31.41761806,120.6620022 31.41764202,120.6620123 31.41766756,120.6620247 31.41769227,120.6620354 31.41771783,120.6620492 31.41774206,120.6620554 31.41776857,)
35:LineString(120.6616059 31.41700357,120.6616194 31.41702804,120.6616323 31.4170527,120.6616452 31.41707741,120.6616578 31.41710221,120.6616705 31.41712698,120.661683 31.41715182,120.6616957 31.41717659,120.6617085 31.41720128,120.6617209 31.41722609,120.6617337 31.41725081,120.6617467 31.41727549,120.6617596 31.41730016,120.6617728 31.41732474,120.6617863 31.41734922,120.6617997 31.41737367,120.6618137 31.41739789,120.6618273 31.41742231,120.6618404 31.41744693,120.661853 31.41747173,120.6618676 31.41749563,120.6618802 31.4175204,120.6618943 31.41754462,120.6619045 31.41757019,)
36:LineString(120.6618805 31.41729258,120.6618927 31.41731753,120.6619049 31.41734249,120.6619172 31.4173674,120.6619287 31.4173926,120.6619402 31.41741782,120.6619514 31.41744309,120.6619628 31.41746834,120.6619742 31.41749358,120.6619853 31.41751892,120.6619961 31.41754434,120.6620068 31.41756981,120.6620174 31.41759526,120.6620282 31.41762072,120.6620385 31.41764615,120.6620504 31.41767107,120.6620623 31.41769615,120.6620744 31.4177211,120.6620843 31.41774678,)
37:LineString(120.6619489 31.41734845,120.6619597 31.41737385,120.6619707 31.41739921,120.6619817 31.41742457,120.6619929 31.41744988,120.6620041 31.4174752,120.6620149 31.41750062,120.6620255 31.4175261,120.6620361 31.41755159,120.6620467 31.4175771,120.6620573 31.41760258,120.6620681 31.41762804,120.6620791 31.41765329,120.6620917 31.41767828,120.6621024 31.41770374,120.6621181 31.41772712,)
38:LineString(120.6623427 31.41793809,120.6623725 31.41792919,120.6624025 31.41792073,120.6624324 31.41791206,120.6624623 31.4179035,120.6624923 31.41789498,120.6625223 31.41788656,120.6625524 31.41787858,120.6625827 31.41787089,120.662613 31.41786345,120.6626433 31.4178562,120.6626736 31.41784938,120.6627043 31.41784294,120.6627348 31.41783609,120.6627652 31.41782941,120.6627958 31.41782258,120.6628261 31.41781515,120.6628566 31.41780871,120.6628869 31.41780126,120.6629174 31.41779438,120.6629479 31.4177874,120.6629784 31.41778039,120.6630088 31.41777344,120.6630393 31.41776639,120.6630697 31.41775925,120.6631002 31.41775226,120.6631307 31.41774533,120.6631612 31.4177385,120.663192 31.41773221,120.6632228 31.41772542,120.6632549 31.41771899,120.6632849 31.41771271,120.6633154 31.41770608,120.6633461 31.41769984,120.6633768 31.41769349,120.6634069 31.41768603,120.6634376 31.4176805,120.663468 31.41767376,120.6634983 31.41766631,120.6635291 31.41766032,120.6635597 31.41765355,120.6635902 31.41764645,120.6636206 31.41763941,120.6636523 31.41763189,120.6636813 31.41762471,120.6637117 31.4176176,120.663742 31.41761023,120.6637724 31.41760287,120.6638027 31.41759533,120.6638331 31.4175883,120.6638633 31.41758084,120.6638943 31.41757312,120.6639239 31.41756675,120.663954 31.41755865,120.6639845 31.41755193,120.6640147 31.41754428,120.6640451 31.41753694,120.6640754 31.41752952,120.6641058 31.41752212,120.6641361 31.41751461,120.6641664 31.41750718,120.6641968 31.41749978,120.6642272 31.41749282,120.6642575 31.4174852,120.664288 31.41747821,120.6643183 31.41747075,120.6643487 31.41746344,120.664379 31.41745607,120.6644095 31.41744903,120.6644397 31.41744134,120.6644701 31.41743434,120.6645005 31.41742712,120.6645308 31.41741976,120.6645612 31.41741252,120.6645916 31.4174052,120.664622 31.41739781,120.6646523 31.41739042,120.6646827 31.41738317,120.664713 31.4173757,120.6647434 31.4173683,120.6647737 31.41736095,120.6648041 31.41735355,120.6648345 31.41734637,120.6648648 31.417339,120.6648953 31.41733188,120.6649257 31.41732462,120.6649561 31.4173174,120.6649864 31.41731011,120.6650168 31.41730289,120.6650472 31.41729562,120.6650776 31.41728841,120.665108 31.4172812,120.6651384 31.41727402,120.6651688 31.41726673,120.6651993 31.41725971,120.6652297 31.4172524,120.6652602 31.41724557,120.6652906 31.4172383,120.665321 31.4172312,120.6653515 31.41722418,120.6653819 31.4172169,120.6654123 31.4172098,120.6654427 31.41720243,120.6654731 31.41719537,120.6655034 31.41718787,120.6655339 31.41718079,120.6655642 31.41717351,120.6655946 31.41716624,120.6656251 31.41715913,120.6656554 31.41715174,120.6656858 31.41714445,120.6657162 31.41713719,120.6657466 31.41713011,120.6657767 31.41712205,)
39:LineString(120.6623442 31.41790606,120.6623742 31.41789767,120.6624043 31.41788945,120.6624344 31.41788123,120.6624644 31.41787305,120.6624945 31.41786475,120.6625245 31.4178565,120.6625547 31.41784868,120.6625851 31.41784159,120.6626156 31.41783475,120.6626461 31.41782772,120.6626761 31.41782038,120.6627069 31.41781411,120.6627375 31.41780675,120.6627673 31.41779936,120.6627978 31.41779376,120.662827 31.4177845,120.6628574 31.41777915,120.6628871 31.41777018,120.6629178 31.41776372,120.6629477 31.41775515,120.6629783 31.41774875,120.6630086 31.41774107,120.6630388 31.41773334,120.6630696 31.41772781,)
40:LineString(120.6623404 31.41797024,120.6623697 31.41796028,120.6623996 31.41795162,120.6624296 31.41794328,120.6624596 31.41793477,120.6624896 31.41792631,120.6625197 31.41791825,120.6625499 31.41791044,120.6625801 31.41790276,120.6626104 31.41789531,120.6626408 31.41788786,120.6626711 31.41788087,120.6627015 31.41787436,120.6627323 31.41786782,120.6627627 31.41786067,120.662793 31.41785388,120.6628234 31.41784663,120.6628538 31.41783937,120.6628842 31.41783209,120.6629146 31.417825,120.662945 31.41781778,120.6629754 31.41781047,120.6630058 31.41780323,120.6630361 31.41779571,120.6630666 31.41778871,120.6630969 31.41778137,120.6631274 31.41777442,120.6631578 31.41776726,120.6631884 31.41776039,120.6632189 31.41775351,120.6632495 31.41774706,120.6632801 31.41774034,120.6633107 31.41773394,120.6633414 31.4177275,120.6633721 31.41772125,120.6634028 31.41771507,120.6634336 31.41770907,120.6634643 31.41770319,120.6634951 31.41769697,120.6635258 31.4176907,120.6635564 31.41768436,120.663587 31.41767755,120.6636175 31.41767084,120.6636479 31.41766344,120.6636783 31.4176564,120.6637087 31.41764913,120.6637389 31.41764154,120.6637694 31.41763436,120.6637997 31.41762693,120.66383 31.41761939,120.6638604 31.41761232,120.6638907 31.41760464,120.6639211 31.41759765,120.6639514 31.41759001,120.6639818 31.41758292,120.6640122 31.41757548,120.6640425 31.41756806,120.6640729 31.41756082,120.6641032 31.41755341,120.6641336 31.41754611,120.664164 31.41753873,120.6641943 31.41753142,120.6642247 31.41752411,120.6642551 31.41751681,120.6642855 31.41750952,120.6643159 31.41750228,120.6643462 31.41749496,120.6643766 31.41748768,120.6644071 31.4174805,120.6644374 31.41747323,120.6644679 31.41746604,120.6644982 31.41745871,120.6645287 31.41745164,120.664559 31.41744426,120.6645894 31.41743703,120.6646198 31.41742982,120.6646502 31.41742239,120.6646806 31.41741512,120.6647109 31.41740775,120.6647412 31.41740026,120.6647716 31.41739303,120.6648019 31.41738556,120.6648323 31.41737827,120.6648627 31.41737089,120.664893 31.41736351,120.6649234 31.41735617,120.6649538 31.41734885,120.6649841 31.41734153,120.6650145 31.41733423,120.6650449 31.41732699,120.6650753 31.41731971,120.6651057 31.41731242,120.6651361 31.41730526,120.6651665 31.41729794,120.6651969 31.41729068,120.6652273 31.41728351,120.6652577 31.4172762,120.6652881 31.41726901,120.6653185 31.4172618,120.6653489 31.41725455,120.6653793 31.41724738,120.6654097 31.41724015,120.6654401 31.41723292,120.6654705 31.41722567,120.6655009 31.41721846,120.6655313 31.41721122,120.6655618 31.41720405,120.6655922 31.41719684,120.6656226 31.41718969,120.665653 31.41718247,120.6656834 31.41717521,120.6657138 31.41716792,120.6657442 31.41716067,120.6657745 31.41715323,)
41:LineString(120.662409 31.4179772,120.6624393 31.41796959,120.6624694 31.41796157,120.6624995 31.41795357,120.6625298 31.41794579,120.66256 31.41793804,120.6625903 31.41793035,120.6626206 31.41792281,120.6626509 31.41791536,120.6626812 31.41790798,120.6627117 31.41790113,120.6627431 31.41789425,120.6627755 31.41788651,120.6628057 31.41788016,120.6628361 31.41787266,120.6628666 31.41786567,120.6628969 31.41785807,120.6629274 31.41785126,120.6629577 31.41784378,120.6629881 31.41783673,120.6630184 31.41782927,120.6630488 31.4178219,120.6630791 31.41781449,120.6631096 31.4178073,120.66314 31.41780024,120.6631705 31.41779308,120.663201 31.41778624,120.6632315 31.41777944,120.6632621 31.41777289,120.6632927 31.41776627,120.6633235 31.41776014,120.6633541 31.41775373,120.6633848 31.41774766,120.6634156 31.41774171,120.6634464 31.41773576,120.6634772 31.41772975,120.6635079 31.41772386,120.6635387 31.41771766,120.6635693 31.41771124,120.6635999 31.41770467,120.6636304 31.4176978,120.6636609 31.41769067,120.6636913 31.41768346,120.6637216 31.41767615,120.663752 31.41766871,120.6637824 31.41766144,120.6638127 31.41765392,120.6638431 31.41764666,120.6638734 31.41763932,120.6639038 31.41763194,120.6639342 31.41762476,120.6639645 31.41761723,120.6639949 31.41761028,120.6640252 31.4176027,120.6640556 31.41759556,120.664086 31.41758829,120.6641164 31.41758102,120.6641468 31.41757373,120.6641772 31.41756647,120.6642076 31.41755916,120.664238 31.41755197,120.6642684 31.41754482,120.6642988 31.4175376,120.6643292 31.41753044,120.6643596 31.41752319,120.66439 31.41751594,120.6644204 31.41750872,120.6644508 31.41750145,120.6644812 31.41749421,120.6645116 31.41748699,120.664542 31.41747971,120.6645724 31.41747253,120.6646028 31.41746526,120.6646332 31.41745798,120.6646636 31.41745069,120.664694 31.41744336,120.6647243 31.41743604,120.6647547 31.41742867,120.6647851 31.41742141,120.6648154 31.41741398,120.6648458 31.41740668,120.6648761 31.41739924,120.6649065 31.41739182,120.6649368 31.41738439,120.664968 31.41737678,120.6649974 31.41736957,120.6650279 31.41736219,120.6650582 31.41735486,120.6650886 31.41734752,120.665119 31.41734018,120.6651494 31.41733296,120.6651797 31.41732556,120.6652101 31.41731831,120.6652405 31.41731095,120.6652708 31.41730364,120.6653012 31.41729635,120.6653316 31.41728894,120.6653619 31.4172816,120.6653923 31.4172743,120.6654227 31.41726695,120.6654531 31.41725965,120.6654835 31.41725241,120.6655139 31.4172452,120.6655443 31.41723796,120.6655747 31.41723074,120.6656051 31.41722352,120.6656355 31.41721631,120.6656659 31.417209,120.6656963 31.41720178,120.6657266 31.41719439,120.6657571 31.41718724,120.6657874 31.41717974,)
42:LineString(120.6627998 31.41791578,120.6628298 31.4179074,120.6628601 31.41789986,120.6628905 31.4178925,120.6629207 31.41788465,120.6629508 31.4178766,120.662981 31.41786861,120.6630112 31.41786079,120.6630415 31.41785325,120.6630717 31.41784561,120.6631021 31.41783804,120.6631324 31.41783015,120.6631652 31.41782301,120.6631924 31.41781579,120.6632232 31.41780915,120.6632536 31.41780275,120.6632841 31.41779573,120.6633149 31.41778966,120.6633455 31.41778318,120.6633763 31.41777715,120.663407 31.417771,120.6634376 31.41776463,120.6634684 31.41775888,120.6634992 31.41775293,120.6635299 31.41774685,120.6635608 31.41774111,120.6635915 31.41773503,120.6636221 31.41772833,120.6636525 31.41772136,120.6636829 31.4177141,120.6637133 31.41770686,120.6637435 31.41769927,120.663774 31.41769217,120.6638043 31.41768472,120.6638347 31.41767742,120.6638651 31.41767017,120.6638955 31.41766298,120.6639257 31.41765543,120.6639562 31.41764848,120.6639865 31.41764105,120.664017 31.41763392,120.6640473 31.4176265,120.6640778 31.41761949,120.6641081 31.41761223,120.6641386 31.41760516,120.664169 31.41759779,120.6641994 31.41759062,120.6642298 31.41758337,120.6642601 31.41757606,120.6642906 31.41756905,120.664321 31.41756182,120.6643514 31.41755467,120.6643818 31.41754744,120.6644122 31.41754013,120.6644426 31.41753292,120.6644731 31.41752576,120.6645035 31.41751858,120.6645338 31.41751117,120.6645642 31.41750408,120.6645946 31.41749684,120.664625 31.41748957,120.6646554 31.41748253,120.6646858 31.41747531,120.6647162 31.41746789,120.6647466 31.41746076,120.664777 31.41745357,120.6648074 31.41744624,120.6648377 31.41743899,120.6648682 31.41743183,120.6648985 31.41742439,120.6649288 31.41741689,120.6649591 31.41740966,120.6649894 31.41740188,120.6650197 31.41739451,120.66505 31.41738695,120.6650803 31.41737944,120.6651107 31.41737205,120.665141 31.41736451,120.6651713 31.41735719,120.6652016 31.41734961,120.6652321 31.4173425,120.6652623 31.41733486,120.6652927 31.41732745,120.665323 31.41732011,120.6653533 31.4173126,120.6653837 31.41730532,120.665414 31.41729784,120.6654444 31.41729047,120.6654748 31.41728317,120.6655052 31.4172759,120.6655355 31.41726854,120.6655659 31.41726121,120.6655963 31.41725385,120.6656267 31.41724668,120.665657 31.41723924,120.6656875 31.41723223,120.6657179 31.41722493,120.6657483 31.41721783,120.6657788 31.417211,)
43:LineString(120.6661608 31.41711448,120.6661911 31.41710688,120.6662219 31.41710097,120.6662524 31.41709404,120.6662827 31.41708669,120.6663132 31.41707959,120.6663436 31.41707252,120.6663741 31.41706547,120.6664045 31.41705846,120.6664351 31.41705156,120.6664655 31.41704435,120.6664959 31.41703751,120.6665262 31.41703013,120.6665566 31.41702283,120.666587 31.41701581,120.6666174 31.41700844,120.666648 31.4170018,120.6666786 31.41699516,120.666709 31.41698784,120.6667393 31.41698032,120.6667696 31.41697294,120.6667998 31.4169652,120.6668301 31.41695734,120.6668604 31.41695014,120.6668908 31.41694281,120.6669211 31.41693563,120.6669515 31.41692865,120.6669819 31.41692149,120.6670123 31.41691422,120.6670427 31.41690698,120.667073 31.41689976,120.6671035 31.41689265,120.6671339 31.41688531,120.6671643 31.41687812,120.6671947 31.41687081,120.6672251 31.41686384,120.6672556 31.41685693,120.667286 31.41684971,120.6673166 31.41684323,120.667347 31.41683611,120.6673774 31.41682893,120.667408 31.41682208,120.6674383 31.4168144,120.6674685 31.41680789,120.6674981 31.41679917,120.6675284 31.41679149,120.6675585 31.4167835,120.6675884 31.41677454,120.667619 31.41676736,120.6676475 31.41675698,120.6676774 31.41675136,120.6677063 31.41674083,120.6677364 31.41673287,120.6677658 31.4167233,120.667796 31.4167153,120.667826 31.41670708,120.6678561 31.41669902,120.6678863 31.41669119,120.6679165 31.41668354,120.6679468 31.41667593,120.6679771 31.4166684,120.6680075 31.41666102,120.6680377 31.4166534,120.6680681 31.41664602,120.6680984 31.41663859,120.6681287 31.41663106,120.668159 31.41662364,120.6681893 31.41661614,120.6682197 31.41660883,120.6682501 31.41660154,120.6682805 31.41659415,120.6683109 31.41658693,120.6683412 31.4165796,120.6683716 31.41657227,120.668402 31.4165649,120.6684323 31.41655747,120.6684626 31.41655009,120.668493 31.4165427,120.6685234 31.41653541,120.6685537 31.41652802,120.668584 31.41652056,120.6686144 31.41651316,120.6686447 31.41650579,120.6686751 31.41649855,120.6687055 31.41649125,120.6687359 31.41648394,120.6687663 31.41647672,120.6687968 31.41646976,)
44:LineString(120.6661365 31.41703971,120.6661669 31.41703252,120.6661974 31.41702567,120.6662279 31.41701859,120.6662583 31.4170115,120.6662887 31.4170041,120.666319 31.41699653,120.6663493 31.41698904,120.6663796 31.4169816,120.6664099 31.41697409,120.6664402 31.41696655,120.6664704 31.41695877,120.6665008 31.41695139,120.6665309 31.41694353,120.6665613 31.41693622,120.6665916 31.41692864,120.6666219 31.41692127,120.6666523 31.41691391,120.6666827 31.41690665,120.6667131 31.41689939,120.6667435 31.41689223,120.6667739 31.41688513,120.6668043 31.41687796,120.6668347 31.41687054,120.666865 31.41686321,120.6668953 31.41685569,120.6669257 31.41684833,120.6669559 31.41684085,120.6669862 31.41683318,120.6670166 31.41682589,120.6670469 31.41681839,120.6670772 31.41681103,120.6671077 31.41680384,120.667138 31.41679646,120.6671683 31.41678904,120.6671986 31.41678145,120.667229 31.41677404,120.6672594 31.41676676,120.6672897 31.41675942,120.66732 31.41675196,120.6673504 31.41674471,120.6673807 31.41673726,120.6674111 31.41672999,120.6674414 31.41672226,120.6674716 31.41671471,120.6675019 31.41670701,120.667532 31.41669891,120.6675622 31.41669122,120.6675921 31.41668259,120.6676221 31.41667425,120.6676524 31.41666657,120.6676821 31.41665744,120.6677127 31.41665079,120.6677431 31.41664386,)
45:LineString(120.6661705 31.41708684,120.6662008 31.41707952,120.6662312 31.41707228,120.6662616 31.41706496,120.666292 31.41705772,120.6663224 31.41705045,120.6663528 31.4170432,120.6663832 31.41703592,120.6664136 31.41702869,120.666444 31.41702147,120.6664744 31.41701424,120.6665048 31.41700703,120.6665352 31.41699977,120.6665656 31.41699258,120.666596 31.41698525,120.6666264 31.41697798,120.6666567 31.41697064,120.6666871 31.41696328,120.6667175 31.41695601,120.6667479 31.4169487,120.6667782 31.41694137,120.6668086 31.41693407,120.666839 31.4169268,120.6668694 31.41691947,120.6668998 31.41691223,120.6669302 31.41690497,120.6669606 31.41689775,120.666991 31.41689048,120.6670214 31.41688325,120.6670518 31.41687607,120.6670822 31.41686887,120.6671126 31.41686161,120.667143 31.4168545,120.6671734 31.41684725,120.6672039 31.41684019,120.6672343 31.41683309,120.6672648 31.41682597,120.6672952 31.41681885,120.6673256 31.4168117,120.667356 31.41680448,120.6673865 31.41679735,120.667417 31.41679026,120.6674473 31.41678281,120.6674776 31.41677513,120.6675078 31.41676731,120.6675381 31.4167599,120.6675682 31.41675165,120.6675982 31.41674353,120.6676281 31.41673471,120.6676579 31.41672606,120.6676878 31.41671732,120.6677176 31.41670841,120.6677475 31.41669963,120.6677774 31.41669119,120.6678074 31.41668279,120.6678375 31.4166747,120.6678676 31.41666663,120.6678978 31.41665876,120.667928 31.41665086,120.6679583 31.4166433,120.6679885 31.41663557,120.6680188 31.41662806,120.6680492 31.41662062,120.6680795 31.41661319,120.6681099 31.41660583,120.6681403 31.41659854,120.6681706 31.4165911,120.668201 31.41658388,120.6682313 31.41657647,120.6682617 31.41656917,120.6682921 31.41656189,120.6683225 31.41655464,120.6683529 31.41654741,120.6683833 31.41654025,120.6684137 31.41653297,120.6684441 31.41652582,120.6684745 31.4165185,120.6685049 31.41651127,120.6685353 31.41650409,120.6685657 31.41649694,120.6685962 31.4164898,120.6686266 31.41648257,120.668657 31.41647536,120.6686873 31.41646803,120.6687177 31.41646069,120.6687481 31.41645343,120.6687785 31.41644614,)
46:LineString(120.666154 31.41706308,120.6661844 31.41705574,120.6662148 31.41704844,120.6662452 31.41704121,120.6662755 31.41703381,120.6663058 31.41702639,120.6663362 31.41701898,120.6663665 31.41701161,120.6663969 31.41700423,120.6664272 31.41699683,120.6664576 31.41698941,120.6664879 31.41698194,120.6665182 31.41697449,120.6665486 31.41696707,120.6665789 31.41695963,120.6666093 31.41695224,120.6666396 31.41694486,120.66667 31.41693751,120.6667003 31.41693017,120.6667307 31.41692289,120.6667611 31.41691557,120.6667915 31.41690824,120.6668218 31.41690089,120.6668522 31.41689342,120.6668825 31.41688605,120.6669129 31.41687863,120.6669432 31.41687123,120.6669736 31.41686389,120.667004 31.4168566,120.6670344 31.41684931,120.6670647 31.41684207,120.6670951 31.4168348,120.6671256 31.41682763,120.667156 31.41682036,120.6671864 31.41681324,120.6672168 31.41680603,120.6672472 31.41679893,120.6672777 31.41679179,120.6673081 31.41678463,120.6673385 31.41677733,120.6673689 31.41677003,120.6673993 31.41676292,120.6674298 31.41675575,120.66746 31.41674812,120.6674903 31.41674041,120.6675206 31.41673293,120.6675507 31.41672464,120.6675808 31.41671661,120.6676107 31.41670799,120.6676405 31.41669916,120.6676704 31.41669043,120.6677003 31.41668174,120.6677303 31.41667341,120.6677603 31.4166652,120.6677904 31.4166569,120.6678204 31.41664874,120.6678506 31.41664084,120.6678807 31.4166329,120.667911 31.41662516,120.6679412 31.41661727,120.6679714 31.41660971,120.6680016 31.41660193,120.6680319 31.41659454,120.6680623 31.41658728,120.6680926 31.41657993,120.6681231 31.41657277,120.6681535 31.41656575,120.6681839 31.41655848,120.6682143 31.41655131,120.6682447 31.41654402,120.6682751 31.41653675,120.6683055 31.41652957,120.668336 31.41652248,120.6683664 31.41651537,120.6683969 31.41650832,120.6684273 31.41650124,120.6684578 31.4164941,120.6684882 31.41648697,120.6685186 31.41647977,120.6685491 31.41647281,120.6685795 31.4164657,120.6686101 31.41645889,120.6686405 31.41645184,120.6686709 31.4164448,120.6687013 31.41643753,120.6687318 31.41643043,120.6687621 31.41642291,)
47:LineString(120.6676991 31.41665205,120.6677289 31.41664331,120.667759 31.41663501,120.6677889 31.41662657,120.6678191 31.41661866,120.6678494 31.41661121,120.6678797 31.41660362,120.6679102 31.41659691,120.6679407 31.41658997,)
48:LineString(120.6677029 31.41675277,120.6677336 31.41674654,120.6677643 31.41674019,120.667795 31.41673396,120.6678258 31.41672795,120.6678565 31.41672173,120.6678871 31.41671512,120.6679177 31.41670838,120.6679483 31.41670169,120.6679788 31.41669481,120.6680093 31.41668785,120.6680397 31.41668063,120.66807 31.41667326,120.6681004 31.4166658,120.6681312 31.41665892,120.6681608 31.4166511,120.6681911 31.41664477,120.6682212 31.41663709,120.6682518 31.4166305,120.6682831 31.41662588,120.6683139 31.4166195,120.6683436 31.41661082,120.6683738 31.41660256,120.6684036 31.41659408,120.6684337 31.41658623,120.6684638 31.41657813,120.6684942 31.41657069,120.6685244 31.41656312,120.6685547 31.41655572,120.6685851 31.41654762,120.6686151 31.41654028,120.6686449 31.41653213,120.6686753 31.41652492,120.6687062 31.41651747,120.6687361 31.41651029,120.6687667 31.41650356,120.668797 31.41649595,)
49:LineString(120.6688635 31.41647932,120.6688943 31.41647327,120.6689252 31.416468,120.6689563 31.41646318,120.6689875 31.41645892,120.6690188 31.4164555,120.6690502 31.41645282,)
50:LineString(120.6686879 31.41643738,120.6687183 31.41643021,120.6687487 31.41642297,120.6687791 31.41641566,120.6688095 31.41640856,120.66884 31.41640173,120.6688703 31.41639414,120.6689007 31.41638678,120.668931 31.41637944,120.6689614 31.4163721,120.6689918 31.4163647,120.6690221 31.41635718,120.6690521 31.41634884,)
51:LineString(120.6692794 31.41662838,120.6692876 31.41665451,120.6692957 31.41668066,120.669304 31.41670676,120.6693123 31.41673287,120.6693206 31.41675897,120.6693292 31.41678501,120.6693378 31.41681103,120.6693465 31.41683704,120.6693551 31.41686305,120.6693641 31.41688897,120.6693732 31.41691485,120.6693826 31.41694065,120.6693916 31.4169666,120.6694008 31.41699249,120.6694099 31.41701839,120.6694193 31.41704421,120.6694283 31.41707013,120.6694377 31.41709597,120.6694465 31.41712194,120.669456 31.41714775,120.6694647 31.41717372,120.669474 31.41719956,120.6694831 31.41722547,120.6694921 31.41725139,120.6695012 31.41727729,120.6695104 31.41730317,120.6695196 31.41732906,120.6695288 31.41735494,120.6695379 31.41738086,120.6695471 31.41740672,120.6695561 31.41743265,120.6695652 31.41745856,120.6695743 31.41748448,120.6695833 31.4175104,120.6695922 31.41753635,120.6696014 31.41756226,120.6696104 31.41758818,120.6696195 31.41761408,120.6696286 31.41763999,120.6696377 31.41766591,120.6696468 31.41769179,120.669656 31.41771769,120.6696651 31.4177436,120.669674 31.41776954,120.6696833 31.41779541,120.6696923 31.41782133,120.6697013 31.41784727,120.6697105 31.41787315,120.6697195 31.41789907,120.6697284 31.41792502,120.6697377 31.41795089,120.6697467 31.4179768,120.6697558 31.41800271,120.6697649 31.41802864,120.6697739 31.41805456,120.669783 31.41808047,120.6697921 31.41810637,120.6698012 31.41813228,120.6698103 31.4181582,120.6698195 31.41818407,120.6698286 31.41820998,120.6698379 31.41823584,120.669847 31.41826174,120.6698561 31.41828765,120.6698654 31.41831349,120.6698743 31.41833944,120.6698835 31.41836532,120.6698926 31.41839123,120.6699017 31.41841715,120.6699106 31.4184431,120.6699197 31.418469,120.6699289 31.41849488,120.6699379 31.41852082,120.669947 31.41854672,120.669956 31.41857266,120.6699652 31.41859855,120.6699744 31.41862443,120.6699834 31.41865036,120.6699926 31.41867622,120.6700016 31.41870216,120.6700107 31.41872806,120.6700199 31.41875396,120.670029 31.41877987,120.670038 31.41880578,120.6700471 31.41883171,120.6700562 31.41885762,120.6700652 31.41888353,120.6700743 31.41890946,120.6700834 31.41893536,120.6700924 31.41896128,120.6701015 31.41898718,120.6701106 31.41901311,120.6701197 31.41903901,120.6701287 31.41906493,120.6701378 31.41909084,120.6701469 31.41911676,120.670156 31.41914266,120.6701652 31.41916854,120.6701742 31.41919449,120.6701834 31.41922036,120.6701924 31.41924628,)
52:LineString(120.6693169 31.41661609,120.669325 31.41664223,120.6693332 31.41666837,120.6693415 31.41669446,120.6693498 31.41672056,120.6693581 31.41674667,120.6693666 31.41677273,120.6693753 31.41679874,120.6693839 31.41682477,120.6693925 31.4168508,120.6694012 31.41687679,120.6694102 31.41690272,120.6694193 31.41692863,120.6694286 31.41695449,120.6694371 31.4169805,120.6694464 31.41700633,120.6694557 31.41703218,120.6694646 31.41705813,120.6694739 31.41708398,120.6694828 31.41710992,120.6694921 31.41713579,120.669501 31.41716173,120.6695102 31.41718761,120.6695194 31.41721351,120.6695285 31.41723941,120.6695376 31.41726532,120.6695469 31.41729117,120.6695562 31.41731703,120.6695654 31.4173429,120.6695745 31.4173688,120.6695838 31.41739466,120.6695928 31.41742061,120.6696019 31.41744651,120.669611 31.41747242,120.66962 31.41749833,120.669629 31.41752428,120.669638 31.41755022,120.669647 31.41757615,120.669656 31.41760207,120.6696651 31.41762798,120.669674 31.41765392,120.6696832 31.41767982,120.6696923 31.41770571,120.6697013 31.41773164,120.6697104 31.41775756,120.6697195 31.41778345,120.6697287 31.41780935,120.6697377 31.41783527,120.6697469 31.41786114,120.669756 31.41788706,120.669765 31.41791299,120.6697742 31.41793888,120.6697834 31.41796477,120.6697924 31.41799068,120.6698015 31.41801661,120.6698106 31.41804252,120.6698196 31.41806845,120.6698287 31.41809434,120.6698378 31.41812026,120.6698468 31.41814617,120.669856 31.41817206,120.6698651 31.41819797,120.6698743 31.41822385,120.6698835 31.41824974,120.6698925 31.41827565,120.6699018 31.41830151,120.6699109 31.41832742,120.6699198 31.41835337,120.6699289 31.41837927,120.669938 31.41840519,120.6699469 31.41843114,120.669956 31.41845706,120.6699651 31.41848295,120.6699741 31.41850888,120.6699832 31.41853479,120.6699922 31.41856072,120.6700014 31.41858661,120.6700105 31.41861252,120.6700196 31.41863841,120.6700288 31.41866429,120.6700379 31.4186902,120.6700471 31.4187161,120.6700562 31.41874199,120.6700653 31.41876789,120.6700745 31.41879379,120.6700835 31.41881971,120.6700927 31.4188456,120.6701018 31.41887151,120.6701109 31.41889742,120.67012 31.41892332,120.670129 31.41894924,120.6701382 31.41897514,120.6701472 31.41900105,120.6701563 31.41902696,120.6701655 31.41905286,120.6701745 31.41907878,120.6701836 31.4191047,120.6701927 31.41913061,120.6702018 31.4191565,120.6702108 31.41918243,120.67022 31.41920833,120.670229 31.41923425,)
53:LineString(120.6692454 31.41664874,120.6692534 31.41667492,120.6692624 31.41670085,120.6692713 31.41672682,120.66928 31.41675285,120.6692887 31.41677885,120.6692973 31.41680489,120.6693058 31.41683096,120.6693143 31.41685703,120.6693228 31.41688306,120.6693319 31.41690909,120.6693403 31.4169353,120.6693506 31.41696079,120.669358 31.41698664,120.6693679 31.41701203,120.6693768 31.41703799,120.6693856 31.41706392,120.6693949 31.41708975,120.6694038 31.41711571,120.6694129 31.41714161,120.6694218 31.41716756,120.6694309 31.41719347,120.6694401 31.41721935,120.6694493 31.41724523,120.6694586 31.41727108,120.6694678 31.41729695,120.6694772 31.41732279,120.6694864 31.41734866,120.6694955 31.41737456,120.6695047 31.41740045,120.6695139 31.41742634,120.669523 31.41745224,120.6695321 31.41747816,120.6695411 31.41750408,120.6695502 31.41753,120.6695592 31.41755593,120.6695685 31.41758179,120.6695775 31.4176077,120.669587 31.41763351,120.6695959 31.41765945,120.6696052 31.41768529,120.6696142 31.41771123,120.6696236 31.41773703,120.6696324 31.41776303,120.6696417 31.41778888,120.6696507 31.41781481,120.6696597 31.41784074,120.6696689 31.4178666,120.6696779 31.41789255,120.6696868 31.41791849,120.6696962 31.41794433,120.669705 31.4179703,120.6697144 31.4179961,120.6697234 31.41802205,120.6697325 31.41804796,120.6697417 31.41807384,120.6697506 31.4180998,120.6697596 31.41812571,120.6697687 31.41815163,120.6697777 31.41817755,120.6697869 31.41820346,120.669796 31.41822936,120.6698051 31.41825527,120.6698141 31.41828118,120.6698233 31.41830707,120.6698325 31.41833296,120.6698416 31.41835885,120.6698508 31.41838474,120.66986 31.41841064,120.669869 31.41843655,120.6698783 31.41846241,120.6698874 31.41848832,120.6698966 31.4185142,120.6699056 31.41854013,120.6699147 31.41856603,120.6699238 31.41859194,120.6699328 31.41861786,120.669942 31.41864375,120.6699509 31.41866969,120.6699599 31.41869562,120.6699689 31.41872156,120.6699779 31.4187475,120.6699868 31.41877344,120.6699959 31.41879937,120.6700049 31.4188253,120.6700138 31.41885124,120.6700229 31.41887714,120.670032 31.41890306,120.6700411 31.41892897,120.6700502 31.41895487,120.6700594 31.41898076,120.6700684 31.4190067,120.6700773 31.41903265,120.6700862 31.4190586,120.6700955 31.41908446,120.6701041 31.41911048,120.6701132 31.41913638,120.6701228 31.41916215,120.6701316 31.41918813,120.6701412 31.41921391,120.6701496 31.41924,120.6701588 31.41926586,)
54:LineString(120.669356 31.41662266,120.6693646 31.41664867,120.6693755 31.41667394,120.6693838 31.41669997,120.669393 31.41672586,120.6694017 31.41675184,120.6694103 31.41677786,120.6694188 31.41680392,120.6694273 31.41682996,120.6694358 31.41685598,120.6694439 31.41688216,120.669453 31.41690812,120.6694611 31.41693417,120.66947 31.4169601,120.6694789 31.41698605,120.6694875 31.41701207,120.6694973 31.41703776,120.6695062 31.41706368,120.6695156 31.41708952,120.6695251 31.41711532,120.6695341 31.41714122,120.6695438 31.41716692,120.6695529 31.41719282,120.6695625 31.41721858,120.6695718 31.41724443,120.6695813 31.41727023,120.6695904 31.41729611,120.6695998 31.41732195,120.669609 31.41734784,120.6696182 31.41737372,120.6696275 31.41739957,120.6696364 31.41742554,120.669646 31.41745129,120.6696548 31.41747724,120.6696641 31.41750307,120.6696733 31.41752897,120.6696822 31.41755492,120.6696913 31.41758082,120.6696999 31.41760685,120.6697086 31.41763286,120.6697174 31.41765883,120.6697266 31.41768473,120.6697357 31.41771063,120.6697448 31.41773653,120.6697542 31.41776235,120.669764 31.41778808,120.6697735 31.41781389,120.6697831 31.41783963,120.6697928 31.41786539,120.6698018 31.41789132,120.6698106 31.4179173,120.6698192 31.41794333,120.6698277 31.41796939,120.6698365 31.41799538,120.6698453 31.41802137,120.669854 31.41804737,120.6698631 31.41807329,120.6698721 31.41809922,120.6698811 31.41812514,120.6698902 31.41815104,120.6698993 31.41817695,120.6699084 31.41820287,120.6699174 31.41822879,120.6699265 31.4182547,120.6699353 31.41828066,120.6699444 31.41830658,120.6699532 31.41833256,120.6699621 31.41835852,120.6699711 31.41838444,120.6699801 31.41841038,120.6699891 31.41843631,120.6699983 31.41846219,120.6700074 31.4184881,120.6700165 31.418514,120.6700257 31.41853989,120.6700347 31.41856582,120.6700438 31.41859172,120.6700528 31.41861765,120.6700617 31.4186436,120.6700708 31.41866951,120.6700798 31.41869544,120.6700887 31.41872139,120.670098 31.41874726,120.6701071 31.41877316,120.6701164 31.41879901,120.6701257 31.41882486,120.670135 31.4188507,120.6701446 31.41887651,120.6701536 31.41890242,120.6701633 31.41892816,120.6701721 31.41895415,120.6701815 31.41897995,120.6701908 31.41900583,120.6701996 31.4190318,120.670209 31.41905763,120.6702179 31.41908357,120.6702269 31.41910952,120.6702365 31.41913526,120.6702452 31.41916128,120.6702544 31.41918716,120.6702637 31.41921302,120.6702731 31.41923884,)
55:LineString(120.6701961 31.41925322,120.6702051 31.41927914,120.6702142 31.41930506,120.6702232 31.41933098,120.6702323 31.4193569,120.6702413 31.41938282,120.6702504 31.41940875,120.6702594 31.41943467,120.6702685 31.41946058,120.6702776 31.4194865,120.6702867 31.4195124,120.6702958 31.41953831,120.6703048 31.41956424,120.6703138 31.41959016,120.6703228 31.4196161,120.6703318 31.41964204,120.6703408 31.41966796,120.6703499 31.41969388,120.6703589 31.41971981,120.6703679 31.41974573,120.670377 31.41977166,120.670386 31.41979757,120.670395 31.4198235,120.6704043 31.41984938,120.6704134 31.41987528,120.6704226 31.41990117,120.6704317 31.41992706,120.6704408 31.41995296,120.6704499 31.41997887,120.6704593 31.4200047,120.6704684 31.42003062,120.6704774 31.42005653,120.6704865 31.42008244,120.6704956 31.42010836,120.6705048 31.42013424,120.6705138 31.42016018,120.6705229 31.42018609,120.670532 31.42021199,120.670541 31.42023791,120.6705501 31.42026383,120.6705591 31.42028975,120.6705682 31.42031567,120.6705773 31.42034158,120.6705863 31.4203675,120.6705954 31.42039341,120.6706045 31.42041931,120.6706136 31.42044522,120.6706228 31.42047111,120.6706318 31.42049705,120.6706411 31.4205229,120.6706502 31.4205488,120.6706594 31.42057468,120.6706685 31.42060059,120.6706777 31.42062649,120.6706867 31.4206524,120.6706957 31.42067833,120.670705 31.42070419,120.670714 31.42073012,120.6707231 31.42075603,120.6707322 31.42078195,120.6707412 31.42080786,120.6707504 31.42083376,120.6707594 31.42085968,120.6707685 31.4208856,120.6707776 31.42091149,120.6707868 31.42093738,120.670796 31.42096326,120.6708051 31.42098916,120.6708141 31.4210151,120.6708234 31.42104097,120.6708323 31.42106691,120.6708414 31.42109282,120.6708505 31.42111872,120.6708596 31.42114463,120.6708688 31.42117053,120.6708778 31.42119644,120.670887 31.42122233,120.670896 31.42124827,120.6709052 31.42127414,120.6709143 31.42130006,120.6709234 31.42132596,120.6709326 31.42135185,120.6709417 31.42137775,120.6709508 31.42140367,120.6709599 31.42142957,120.6709688 31.42145553,120.6709779 31.42148144,120.6709871 31.42150732,120.6709962 31.42153321,120.6710053 31.42155913,120.6710143 31.42158505,120.6710234 31.42161096,120.6710325 31.42163688,120.6710414 31.42166282,120.6710508 31.42168865,120.6710599 31.42171457,120.6710691 31.42174046,120.6710781 31.42176638,120.6710872 31.42179229,120.6710965 31.42181813,120.6711055 31.42184408,120.6711145 31.42186999,120.6711237 31.42189589,120.6711328 31.42192179,120.6711419 31.42194769,120.671151 31.4219736,120.6711602 31.4219995,120.6711692 31.42202543,120.6711783 31.42205132,120.6711873 31.42207725,120.6711965 31.42210315,120.6712056 31.42212904,120.6712147 31.42215495,120.6712238 31.42218086,120.6712329 31.42220678,120.6712419 31.42223272,120.6712511 31.42225858,120.6712601 31.42228452,120.6712692 31.42231044,120.6712782 31.42233635,120.6712873 31.42236226,120.6712964 31.42238817,120.6713054 31.4224141,120.6713147 31.42243995,120.6713238 31.42246587,120.671333 31.42249176,120.6713422 31.42251764,120.6713513 31.42254353,120.6713605 31.42256942,120.6713695 31.42259536,120.6713787 31.42262122,120.6713877 31.42264716,120.6713968 31.42267307,120.6714059 31.42269897,120.671415 31.42272487,120.6714242 31.42275077,120.6714333 31.42277667,120.6714423 31.42280261,120.6714516 31.42282847,120.6714605 31.42285441,120.6714696 31.42288033,120.6714786 31.42290625,120.6714877 31.42293216,120.6714968 31.42295807,120.671506 31.42298396,120.6715154 31.42300978,120.6715246 31.42303566,120.6715341 31.42306147,120.6715429 31.42308743,120.6715519 31.42311336,120.671561 31.42313929,120.67157 31.42316522,120.6715791 31.42319113,120.6715882 31.42321702,120.6715974 31.42324292,120.6716066 31.42326881,120.6716156 31.42329472,120.6716246 31.42332067,120.6716338 31.42334654,120.6716427 31.42337251,120.6716516 31.42339844,120.6716607 31.42342437,120.6716698 31.42345027,120.6716789 31.42347619,120.671688 31.42350209,120.6716971 31.42352799,120.6717062 31.42355389,120.6717155 31.42357974,120.6717245 31.42360569,120.6717335 31.42363161,120.6717426 31.42365752,120.6717519 31.42368339,120.6717611 31.42370927,120.6717701 31.42373519,120.6717794 31.42376105,120.6717884 31.42378699,120.6717973 31.42381294,120.6718063 31.42383886,120.6718154 31.42386478,120.6718245 31.4238907,120.6718337 31.42391656,120.671843 31.42394243,120.6718521 31.42396832,120.6718613 31.42399422,120.6718702 31.42402017,120.6718794 31.42404605,120.6718883 31.424072,120.6718974 31.42409793,120.6719064 31.42412385,120.6719155 31.42414977,120.6719245 31.42417568,120.6719338 31.42420155,120.671943 31.42422742,120.671952 31.42425335,120.6719613 31.42427921,120.6719703 31.42430514,120.6719794 31.42433106,120.6719885 31.42435697,120.6719975 31.42438288,120.6720066 31.42440879,120.6720159 31.42443467,120.6720251 31.42446054,120.6720343 31.42448642,120.6720433 31.42451234,120.6720525 31.42453824,120.6720615 31.42456417,120.6720705 31.42459009,120.6720796 31.42461601,120.6720887 31.42464192,120.6720978 31.42466783,120.6721069 31.42469373,120.672116 31.42471963,120.6721252 31.42474552,120.6721342 31.42477146,120.6721431 31.4247974,120.6721522 31.42482333,120.6721612 31.42484924,120.6721704 31.42487513,120.6721795 31.42490103,120.6721886 31.42492695,120.6721977 31.42495285,120.6722069 31.42497874,120.6722157 31.42500471,120.6722251 31.42503055,120.672234 31.4250565,120.6722431 31.42508242,120.6722522 31.42510832,120.6722612 31.42513425,120.6722703 31.42516017,120.6722794 31.42518606,120.6722884 31.42521201,120.6722974 31.42523792,120.6723065 31.42526385,120.6723155 31.42528977,120.6723246 31.42531568,120.6723339 31.42534155,120.6723433 31.42536737,120.6723526 31.42539322,120.6723618 31.42541911,120.6723707 31.42544506,120.6723801 31.42547088,120.6723889 31.42549685,120.6723979 31.42552278,120.672407 31.42554871,120.672416 31.42557463,120.6724251 31.42560054,120.6724342 31.42562646,120.6724433 31.42565236,120.6724524 31.42567827,120.6724614 31.42570419,120.6724706 31.42573007,120.6724798 31.42575596,120.6724889 31.42578186,120.672498 31.42580778,120.6725071 31.42583369,120.6725161 31.42585962,120.6725251 31.42588556,120.6725341 31.42591149,120.6725431 31.42593741,120.6725522 31.42596333,120.6725615 31.42598919,120.672571 31.426015,120.6725802 31.42604085,120.6725894 31.42606673,120.6725984 31.42609268,120.6726077 31.42611851,120.6726166 31.42614448,120.6726256 31.42617041,120.6726347 31.42619631,120.6726438 31.42622222,120.672653 31.42624811,120.6726621 31.42627401,120.6726713 31.42629989,120.6726803 31.42632584,120.6726894 31.42635173,120.6726984 31.42637767,120.6727074 31.4264036,120.6727165 31.42642952,120.6727256 31.42645542,120.6727348 31.4264813,120.6727439 31.42650721,120.6727533 31.42653303,120.6727625 31.4265589,120.6727715 31.42658485,120.6727805 31.42661078,120.6727895 31.42663671,120.6727985 31.42666264,120.6728076 31.42668856,120.6728167 31.42671445,120.6728257 31.42674038,120.6728353 31.42676617,120.6728441 31.42679217,120.6728534 31.42681802,120.6728623 31.42684397,120.6728713 31.42686989,120.6728804 31.4268958,120.6728896 31.42692168,120.6728988 31.42694756,120.6729078 31.4269735,120.6729169 31.4269994,120.672926 31.42702531,120.672935 31.42705125,120.6729443 31.42707709,120.6729533 31.42710303,120.6729624 31.42712894,120.6729715 31.42715485,120.6729805 31.42718078,120.6729896 31.42720668,120.6729987 31.4272326,120.6730078 31.4272585,120.673017 31.4272844,120.6730261 31.42731029,120.6730355 31.42733613,120.6730448 31.42736199,120.6730538 31.42738791,120.6730631 31.42741375,120.6730722 31.42743968,120.6730812 31.42746559,120.6730903 31.42749151,120.6730995 31.4275174,120.6731085 31.42754333,120.6731176 31.42756922,120.6731266 31.42759516,120.6731358 31.42762106,120.6731451 31.4276469,120.6731541 31.42767284,120.673163 31.42769879,120.673172 31.42772472,120.673181 31.42775066,120.6731901 31.42777657,120.6731991 31.42780251,120.6732082 31.42782841,120.6732171 31.42785435,120.6732262 31.42788026,120.6732353 31.42790617,120.6732445 31.42793204,120.6732537 31.42795794,120.6732628 31.42798385,120.6732719 31.42800975,120.6732811 31.42803562,120.6732903 31.4280615,120.6732996 31.42808735,120.6733087 31.42811328,120.6733177 31.4281392,120.6733268 31.42816512,120.6733358 31.42819105,120.6733448 31.42821696,120.6733538 31.42824289,120.6733629 31.42826882,120.6733719 31.42829474,120.6733811 31.42832063,120.6733901 31.42834656,120.6733991 31.42837249,120.6734082 31.4283984,120.6734174 31.42842429,120.6734268 31.42845012,120.6734359 31.42847602,120.6734451 31.42850188,120.673454 31.42852784,120.6734633 31.42855371,120.6734724 31.42857962,120.6734816 31.42860551,120.6734907 31.42863142,120.6734997 31.42865733,120.6735088 31.42868323,120.673518 31.42870912,120.6735272 31.42873502,120.6735362 31.42876093,120.6735453 31.42878684,120.6735545 31.42881274,120.6735637 31.42883861,120.6735729 31.4288645,120.673582 31.42889039,120.673591 31.42891633,120.6736001 31.42894223,120.6736093 31.42896812,120.6736183 31.42899404,120.6736275 31.42901994,120.6736364 31.42904589,120.6736456 31.42907178,120.6736547 31.42909768,120.6736638 31.4291236,120.6736729 31.42914951,120.6736818 31.42917545,120.673691 31.42920135,120.6737 31.42922726,120.6737091 31.42925317,120.6737181 31.42927911,120.6737271 31.42930503,120.6737362 31.42933094,120.6737455 31.42935681,120.6737546 31.4293827,120.6737638 31.4294086,120.6737727 31.42943454,120.6737819 31.42946044,120.673791 31.42948633,120.6738001 31.42951224,120.6738093 31.42953812,120.6738183 31.42956406,120.6738275 31.42958994,120.6738365 31.42961587,120.6738457 31.42964174,120.6738548 31.42966765,120.6738639 31.42969357,120.6738731 31.42971945,120.6738822 31.42974535,120.6738913 31.42977125,120.6739004 31.42979715,120.6739094 31.4298231,120.6739186 31.42984899,120.6739276 31.42987491,120.6739367 31.42990082,120.6739458 31.42992673,120.6739548 31.42995266,120.6739639 31.42997858,120.673973 31.43000448,120.6739821 31.43003038,120.6739912 31.4300563,120.6740002 31.43008222,120.6740093 31.43010812,120.6740185 31.43013401,120.6740276 31.43015991,120.6740367 31.43018582,120.6740457 31.43021177,120.6740548 31.43023766,120.6740637 31.43026362,120.6740726 31.43028957,120.6740816 31.43031552,120.6740905 31.43034147,120.6740999 31.43036731,120.6741086 31.43039332,120.6741173 31.43041931,120.6741261 31.4304453,120.6741348 31.43047128,120.6741435 31.43049726,120.6741523 31.43052325,120.674161 31.43054924,120.6741698 31.4305752,120.6741788 31.43060115,120.6741881 31.43062699,120.6741974 31.43065286,120.6742061 31.43067885,120.6742148 31.43070486,120.6742235 31.43073088,120.6742321 31.4307569,120.6742408 31.43078293,120.6742494 31.43080896,120.6742579 31.430835,120.6742665 31.43086105,120.674275 31.43088711,120.6742834 31.43091317,120.6742923 31.43093914,120.6743008 31.43096517,120.6743089 31.43099124,120.6743176 31.4310172,120.6743265 31.43104319,120.6743354 31.43106912,120.6743447 31.43109504,120.6743529 31.4311212,120.6743625 31.43114684,120.6743705 31.43117277,120.6743798 31.43119848,120.6743882 31.43122456,120.6743965 31.43125069,120.6744051 31.43127656,120.6744131 31.43130262,120.6744213 31.43132878,120.6744305 31.4313548,120.6744384 31.43138195,120.6744476 31.43140577,120.6744555 31.43143186,120.6744642 31.43145782,120.674473 31.43148379,120.6744808 31.43150998,120.6744896 31.43153584,120.6744976 31.43156196,120.6745057 31.43158812,120.6745142 31.43161416,120.6745224 31.43164029,120.6745307 31.43166634,120.6745394 31.43169235,120.6745478 31.43171843,120.6745561 31.43174453,120.6745643 31.43177065,120.6745726 31.43179677,120.6745808 31.43182289,120.674589 31.43184902,120.674597 31.43187517,120.6746052 31.4319013,120.6746134 31.43192742,120.6746217 31.43195353,120.6746299 31.43197967,120.674638 31.43200581,120.6746461 31.43203196,120.6746544 31.43205807,120.6746627 31.43208417,120.6746711 31.43211024,120.6746793 31.43213636,120.6746875 31.43216248,120.6746958 31.43218859,120.674704 31.43221471,120.6747122 31.43224084,120.6747201 31.43226704,120.6747281 31.43229321,120.674736 31.43231939,120.6747442 31.43234552,120.6747523 31.43237168,120.6747604 31.43239783,120.6747683 31.43242402,120.6747763 31.43245018,120.6747845 31.43247632,120.6747926 31.43250246,120.6748006 31.43252863,120.6748085 31.43255483,120.6748166 31.43258098,120.6748245 31.43260718,120.6748325 31.43263335,120.6748403 31.43265957,120.6748482 31.43268576,120.6748561 31.43271196,120.6748641 31.43273812,120.674872 31.43276432,120.6748799 31.43279051,120.6748876 31.43281674,120.6748956 31.43284292,120.6749035 31.43286911,120.6749114 31.43289532,120.6749192 31.43292152,120.6749269 31.43294776,120.6749348 31.43297395,120.6749426 31.43300018,120.6749503 31.4330264,120.6749582 31.43305261,120.6749658 31.43307887,120.6749737 31.43310507,120.6749814 31.4331313,120.674989 31.43315756,120.6749968 31.43318378,120.6750043 31.43321006,120.675012 31.43323628,120.6750198 31.43326251,120.6750275 31.43328874,120.6750352 31.43331499,120.6750427 31.43334127,120.6750503 31.43336753,120.6750581 31.43339374,120.6750659 31.43341996,120.6750736 31.43344621,120.6750809 31.43347253,120.675089 31.43349868,120.6750966 31.43352493,120.6751038 31.43355129,120.6751112 31.43357758,120.6751186 31.43360389,120.675126 31.43363019,120.6751334 31.4336565,120.6751408 31.43368279,120.6751482 31.4337091,120.6751555 31.4337354,120.675163 31.43376169,120.6751706 31.43378796,120.6751782 31.43381426,120.6751854 31.43384063,120.6751928 31.4338669,120.6752 31.43389322,120.6752075 31.43391949,120.675215 31.43394577,120.6752222 31.43397211,120.6752295 31.43399841,120.6752367 31.43402475,120.6752441 31.43405105,120.6752516 31.43407735,120.6752589 31.43410366,120.6752661 31.43413001,120.6752734 31.43415632,120.6752809 31.43418261,120.6752882 31.43420893,120.6752956 31.43423522,120.6753027 31.4342616,120.67531 31.43428792,120.6753173 31.43431424,120.6753246 31.43434056,120.6753318 31.4343669,120.6753389 31.43439328,120.6753461 31.43441962,120.6753532 31.43444598,120.6753603 31.43447234,120.6753674 31.4344987,120.6753743 31.43452509,120.6753815 31.43455144,120.6753887 31.43457779,120.6753958 31.43460415,120.6754028 31.43463053,120.6754099 31.4346569,120.6754168 31.4346833,120.675424 31.43470965,120.675431 31.43473603,120.675438 31.43476241,120.6754448 31.43478882,120.675452 31.43481516,120.6754593 31.4348415,120.6754663 31.43486788,120.6754732 31.43489428,120.6754801 31.43492068,120.675487 31.43494709,120.6754939 31.43497347,120.6755009 31.43499986,120.6755077 31.43502627,120.6755146 31.43505268,120.6755214 31.43507911,120.6755286 31.43510546,120.6755355 31.43513186,120.6755426 31.43515821,120.6755492 31.43518467,120.6755561 31.43521107,120.675563 31.43523748,120.6755696 31.43526393,120.6755764 31.43529035,120.6755832 31.43531678,120.6755897 31.43534326,120.6755964 31.4353697,120.6756032 31.43539611,120.6756101 31.43542251,120.6756166 31.43544899,120.6756234 31.43547542,120.6756298 31.43550191,120.6756364 31.43552837,120.6756431 31.43555481,120.6756496 31.43558128,120.6756563 31.43560772,120.6756628 31.43563419,120.6756696 31.43566062,120.6756764 31.43568704,120.6756831 31.43571349,120.6756898 31.43573993,120.6756964 31.43576638,120.6757031 31.43579282,120.6757098 31.43581927,120.6757165 31.4358457,120.6757233 31.43587211,)
56:LineString(120.6702328 31.41924353,120.6702418 31.41926945,120.6702509 31.41929536,120.67026 31.41932127,120.670269 31.41934719,120.6702781 31.41937311,120.6702872 31.41939903,120.6702962 31.41942494,120.6703053 31.41945086,120.6703144 31.41947675,120.6703237 31.41950262,120.6703329 31.4195285,120.670342 31.41955441,120.6703511 31.41958032,120.6703601 31.41960623,120.6703691 31.41963218,120.6703782 31.4196581,120.6703873 31.419684,120.6703963 31.41970993,120.6704054 31.41973585,120.6704144 31.41976176,120.6704235 31.41978768,120.6704325 31.4198136,120.6704417 31.41983948,120.6704508 31.41986539,120.67046 31.41989128,120.6704691 31.41991718,120.6704782 31.41994309,120.6704873 31.419969,120.6704967 31.41999481,120.6705058 31.42002072,120.670515 31.42004661,120.6705241 31.42007251,120.6705332 31.42009842,120.6705424 31.42012432,120.6705514 31.42015024,120.6705605 31.42017614,120.6705696 31.42020207,120.6705786 31.42022799,120.6705876 31.42025392,120.6705966 31.42027985,120.6706057 31.42030576,120.6706148 31.42033166,120.6706238 31.42035761,120.6706329 31.4203835,120.6706421 31.42040938,120.6706513 31.42043527,120.6706604 31.42046116,120.6706695 31.42048709,120.6706789 31.42051291,120.6706879 31.42053884,120.670697 31.42056475,120.670706 31.42059068,120.6707151 31.42061658,120.6707242 31.42064249,120.6707333 31.42066841,120.6707424 31.42069431,120.6707515 31.42072022,120.6707606 31.42074612,120.6707697 31.42077204,120.6707788 31.42079795,120.6707879 31.42082385,120.670797 31.42084976,120.6708061 31.42087566,120.6708152 31.42090156,120.6708245 31.42092743,120.6708337 31.42095331,120.6708428 31.4209792,120.6708519 31.42100513,120.6708611 31.42103101,120.6708701 31.42105694,120.6708792 31.42108285,120.6708883 31.42110875,120.6708974 31.42113465,120.6709066 31.42116055,120.6709157 31.42118646,120.6709248 31.42121235,120.6709338 31.42123828,120.6709431 31.42126414,120.6709521 31.42129006,120.6709613 31.42131594,120.6709705 31.42134182,120.6709797 31.42136772,120.6709887 31.42139364,120.6709978 31.42141956,120.6710068 31.42144549,120.6710158 31.42147142,120.6710248 31.42149734,120.6710339 31.42152327,120.6710429 31.4215492,120.6710519 31.42157513,120.6710609 31.42160105,120.6710699 31.42162699,120.6710789 31.42165293,120.6710881 31.42167881,120.6710972 31.42170471,120.6711064 31.4217306,120.6711155 31.42175651,120.6711245 31.42178244,120.6711338 31.42180827,120.6711428 31.42183422,120.6711518 31.42186015,120.6711609 31.42188606,120.67117 31.42191197,120.6711791 31.42193787,120.6711882 31.42196377,120.6711973 31.42198968,120.6712064 31.42201561,120.6712155 31.42204151,120.6712245 31.42206743,120.6712337 31.42209333,120.6712429 31.4221192,120.671252 31.4221451,120.6712612 31.422171,120.6712702 31.42219692,120.6712792 31.42222285,120.6712885 31.42224869,120.6712975 31.42227464,120.6713066 31.42230056,120.6713156 31.42232647,120.6713247 31.42235238,120.6713338 31.42237829,120.6713429 31.42240421,120.6713521 31.42243007,120.6713612 31.42245599,120.6713703 31.42248188,120.6713795 31.42250777,120.6713886 31.42253368,120.6713977 31.42255959,120.6714069 31.42258548,120.6714159 31.42261141,120.6714249 31.42263732,120.671434 31.42266324,120.6714431 31.42268915,120.6714522 31.42271506,120.6714614 31.42274095,120.6714706 31.42276683,120.6714796 31.42279276,120.6714887 31.42281865,120.6714978 31.42284458,120.6715068 31.42287049,120.6715159 31.42289641,120.671525 31.42292232,120.6715341 31.42294823,120.6715435 31.42297406,120.6715527 31.42299994,120.6715617 31.42302588,120.671571 31.4230517,120.67158 31.42307766,120.671589 31.42310358,120.671598 31.42312951,120.6716071 31.42315543,120.6716161 31.42318134,120.6716253 31.42320723,120.6716345 31.42323312,120.6716437 31.42325899,120.671653 31.42328485,120.671662 31.42331079,120.6716713 31.42333664,120.6716801 31.42336261,120.6716891 31.42338855,120.6716982 31.42341447,120.6717073 31.42344037,120.6717163 31.42346631,120.6717256 31.42349215,120.6717345 31.42351812,120.6717436 31.42354403,120.6717529 31.42356988,120.6717618 31.42359582,120.6717709 31.42362175,120.67178 31.42364766,120.6717891 31.42367355,120.6717983 31.42369945,120.6718073 31.42372536,120.6718165 31.42375125,120.6718255 31.42377718,120.6718345 31.42380313,120.6718435 31.42382905,120.6718525 31.42385498,120.6718616 31.42388089,120.6718708 31.42390677,120.6718801 31.42393263,120.6718892 31.42395852,120.6718984 31.42398443,120.6719073 31.42401037,120.6719165 31.42403625,120.6719255 31.4240622,120.6719345 31.42408813,120.6719435 31.42411405,120.6719526 31.42413996,120.6719617 31.42416586,120.6719711 31.4241917,120.6719804 31.42421755,120.6719894 31.42424348,120.6719988 31.4242693,120.6720078 31.42429525,120.6720168 31.42432117,120.6720259 31.42434708,120.672035 31.424373,120.6720441 31.42439891,120.6720532 31.4244248,120.6720624 31.42445069,120.6720716 31.42447658,120.6720807 31.42450248,120.6720897 31.42452841,120.6720988 31.42455432,120.6721078 31.42458024,120.6721169 31.42460616,120.672126 31.42463206,120.6721351 31.42465796,120.6721443 31.42468385,120.6721535 31.42470973,120.6721627 31.42473562,120.6721717 31.42476155,120.6721806 31.4247875,120.6721897 31.42481343,120.6721987 31.42483935,120.6722079 31.42486524,120.672217 31.42489115,120.672226 31.42491708,120.6722351 31.42494297,120.6722442 31.42496888,120.6722531 31.42499484,120.6722624 31.42502069,120.6722715 31.42504661,120.6722807 31.42507248,120.6722901 31.42509831,120.6722993 31.42512419,120.6723084 31.4251501,120.6723178 31.42517593,120.6723266 31.42520189,120.6723357 31.42522782,120.6723447 31.42525375,120.6723537 31.42527968,120.6723628 31.4253056,120.6723718 31.42533151,120.672381 31.4253574,120.6723902 31.42538329,120.6723993 31.42540918,120.6724083 31.42543512,120.6724175 31.42546101,120.6724265 31.42548694,120.6724355 31.42551287,120.6724446 31.42553879,120.6724536 31.42556471,120.6724627 31.42559062,120.6724718 31.42561653,120.6724809 31.42564244,120.6724899 31.42566835,120.672499 31.42569427,120.6725083 31.42572013,120.6725176 31.42574599,120.6725269 31.42577184,120.6725361 31.42579773,120.6725452 31.42582364,120.6725543 31.42584955,120.6725631 31.42587551,120.6725724 31.42590138,120.6725813 31.42592733,120.6725903 31.42595326,120.6725993 31.42597918,120.6726083 31.42600513,120.6726174 31.42603105,120.6726263 31.42605699,120.6726354 31.42608289,120.6726444 31.42610883,120.6726535 31.42613475,120.6726625 31.42616067,120.6726717 31.42618655,120.6726809 31.42621245,120.6726903 31.42623828,120.6726997 31.4262641,120.6727089 31.42628998,120.6727179 31.42631591,120.6727272 31.42634176,120.6727361 31.42636772,120.6727451 31.42639365,120.6727542 31.42641956,120.6727634 31.42644545,120.6727725 31.42647136,120.6727817 31.42649724,120.6727907 31.42652316,120.6727999 31.42654905,120.6728088 31.426575,120.6728178 31.42660093,120.6728268 31.42662686,120.6728359 31.42665279,120.6728449 31.42667871,120.6728541 31.4267046,120.6728632 31.4267305,120.6728725 31.42675635,120.6728815 31.4267823,120.6728908 31.42680813,120.6728997 31.42683409,120.6729087 31.42686002,120.6729178 31.42688595,120.6729268 31.42691186,120.672936 31.42693776,120.672945 31.42696369,120.672954 31.42698961,120.6729631 31.42701552,120.6729722 31.42704144,120.6729815 31.42706729,120.6729906 31.42709319,120.6729997 31.42711911,120.6730088 31.42714502,120.6730179 31.42717093,120.6730269 31.42719685,120.6730361 31.42722271,120.6730451 31.42724866,120.6730541 31.42727458,120.6730632 31.4273005,120.6730723 31.42732642,120.6730814 31.42735231,120.6730905 31.42737822,120.6730995 31.42740415,120.6731087 31.42743004,120.6731178 31.42745595,120.6731269 31.42748186,120.6731361 31.42750774,120.6731451 31.42753366,120.6731545 31.4275595,120.6731634 31.42758546,120.6731725 31.42761137,120.6731822 31.42763711,120.6731914 31.42766298,120.6732004 31.42768894,120.6732094 31.42771487,120.6732184 31.4277408,120.6732274 31.42776672,120.6732365 31.42779264,120.6732457 31.42781852,120.6732546 31.42784446,120.6732636 31.42787038,120.6732729 31.42789625,120.6732819 31.42792218,120.6732911 31.42794805,120.6733001 31.427974,120.6733093 31.42799984,120.6733183 31.42802579,120.6733274 31.42805168,120.6733367 31.42807754,120.6733457 31.42810347,120.6733549 31.42812936,120.673364 31.42815527,120.6733733 31.42818113,120.6733824 31.42820703,120.6733915 31.42823294,120.6734005 31.42825887,120.6734095 31.42828479,120.6734187 31.42831067,120.6734277 31.4283366,120.6734368 31.42836252,120.6734459 31.42838843,120.6734549 31.42841435,120.673464 31.42844025,120.673473 31.42846619,120.6734822 31.42849206,120.6734912 31.42851801,120.6735002 31.42854393,120.6735094 31.42856981,120.6735184 31.42859575,120.6735276 31.42862163,120.6735365 31.42864758,120.6735457 31.42867347,120.673555 31.42869933,120.6735641 31.42872523,120.6735732 31.42875113,120.6735822 31.42877706,120.6735914 31.42880296,120.6736005 31.42882886,120.6736095 31.42885478,120.6736187 31.42888067,120.6736277 31.42890662,120.6736367 31.42893253,120.6736458 31.42895844,120.6736549 31.42898436,120.673664 31.42901027,120.6736729 31.42903622,120.6736821 31.42906211,120.6736913 31.42908799,120.6737004 31.42911389,120.6737096 31.42913976,120.6737185 31.42916572,120.6737278 31.42919159,120.673737 31.42921746,120.6737462 31.42924333,120.6737554 31.42926923,120.6737644 31.42929515,120.6737735 31.42932106,120.6737826 31.42934698,120.6737916 31.42937291,120.6738008 31.42939879,120.6738097 31.42942473,120.6738189 31.42945062,120.6738281 31.42947649,120.6738373 31.42950238,120.6738464 31.42952828,120.6738554 31.42955421,120.6738645 31.42958012,120.6738738 31.42960599,120.673883 31.42963187,120.6738922 31.42965776,120.6739012 31.42968368,120.6739103 31.42970958,120.6739195 31.42973546,120.6739287 31.42976134,120.6739379 31.42978723,120.6739469 31.42981317,120.673956 31.42983908,120.6739651 31.42986499,120.6739742 31.4298909,120.6739833 31.42991679,120.6739923 31.42994273,120.6740014 31.42996864,120.6740105 31.42999454,120.6740198 31.43002041,120.6740288 31.43004633,120.6740379 31.43007224,120.6740468 31.43009819,120.6740559 31.43012411,120.6740649 31.43015005,120.6740738 31.43017599,120.6740828 31.43020192,120.6740924 31.43022772,120.6741015 31.43025362,120.6741105 31.43027955,120.6741194 31.4303055,120.6741283 31.43033146,120.6741373 31.43035739,120.6741462 31.43038336,120.674155 31.43040933,120.6741639 31.4304353,120.6741726 31.4304613,120.6741814 31.43048728,120.6741903 31.43051325,120.6741992 31.43053921,120.674208 31.43056519,120.6742168 31.43059116,120.6742256 31.43061716,120.6742347 31.43064308,120.6742435 31.43066904,120.6742522 31.43069506,120.6742609 31.43072107,120.6742695 31.43074709,120.6742781 31.43077312,120.6742867 31.43079915,120.6742953 31.43082519,120.6743038 31.43085124,120.6743124 31.43087729,120.6743209 31.43090334,120.6743298 31.43092929,120.6743381 31.43095538,120.6743466 31.43098145,120.6743553 31.43100749,120.6743636 31.43103347,120.6743727 31.43105931,120.6743817 31.43108531,120.6743899 31.43111156,120.6743997 31.43113739,120.6744072 31.4311631,120.6744165 31.43118864,120.6744249 31.43121476,120.6744332 31.4312409,120.6744419 31.43126676,120.6744499 31.43129293,120.6744586 31.43131902,120.6744677 31.43134506,120.6744754 31.43137148,120.6744849 31.43139593,120.6744931 31.43142197,120.6745016 31.43144792,120.6745105 31.43147386,120.6745182 31.43150009,120.674527 31.43152594,120.6745349 31.43155209,120.6745431 31.43157824,120.6745515 31.43160431,120.6745596 31.43163043,120.6745679 31.43165651,120.6745767 31.43168252,120.674585 31.43170861,120.6745935 31.43173468,120.6746016 31.43176081,120.67461 31.43178689,120.6746182 31.43181303,120.6746267 31.43183908,120.6746349 31.4318652,120.6746431 31.4318913,120.6746513 31.43191742,120.6746597 31.4319435,120.6746678 31.43196964,120.6746759 31.43199578,120.6746841 31.43202194,120.6746922 31.43204803,120.6747006 31.43207461,120.6747089 31.43210024,120.674717 31.43212642,120.6747252 31.43215253,120.6747333 31.43217867,120.6747417 31.43220475,120.6747497 31.43223092,120.6747577 31.4322571,120.6747658 31.43228324,120.6747736 31.43230943,120.6747817 31.43233559,120.6747896 31.43236177,120.6747976 31.43238794,120.6748056 31.43241411,120.6748137 31.43244027,120.6748218 31.43246642,120.6748299 31.43249256,120.6748379 31.43251874,120.6748458 31.43254492,120.6748538 31.4325711,120.6748619 31.43259725,120.6748699 31.43262342,120.6748779 31.4326496,120.6748857 31.43267581,120.6748937 31.432702,120.6749016 31.43272819,120.6749095 31.43275438,120.6749174 31.43278057,120.6749252 31.43280679,120.6749331 31.43283298,120.674941 31.43285918,120.6749489 31.43288539,120.6749567 31.43291159,120.6749644 31.43293783,120.6749723 31.43296402,120.6749802 31.43299023,120.6749879 31.43301646,120.6749958 31.43304267,120.6750033 31.43306892,120.6750111 31.43309513,120.6750189 31.43312135,120.6750266 31.4331476,120.6750344 31.43317381,120.6750419 31.43320008,120.6750496 31.43322633,120.6750573 31.43325256,120.675065 31.4332788,120.6750727 31.43330505,120.6750802 31.43333132,120.6750878 31.43335758,120.6750955 31.43338383,120.6751032 31.43341005,120.675111 31.43343629,120.6751182 31.43346263,120.6751269 31.43348866,120.6751345 31.43351492,120.6751415 31.4335413,120.6751489 31.43356761,120.6751562 31.43359393,120.6751636 31.43362024,120.675171 31.43364654,120.6751784 31.43367285,120.6751858 31.43369914,120.6751932 31.43372544,120.6752006 31.43375174,120.6752081 31.43377802,120.6752154 31.43380433,120.6752229 31.4338306,120.6752301 31.43385694,120.6752377 31.43388322,120.6752453 31.43390947,120.6752529 31.43393572,120.6752601 31.43396206,120.6752673 31.4339884,120.6752746 31.43401473,120.675282 31.43404102,120.6752893 31.43406736,120.6752965 31.4340937,120.6753037 31.43412004,120.6753109 31.43414638,120.6753181 31.43417273,120.6753253 31.43419906,120.6753325 31.43422541,120.6753396 31.43425176,120.6753469 31.4342781,120.6753541 31.43430444,120.6753614 31.43433076,120.6753687 31.43435709,120.6753757 31.43438346,120.6753831 31.43440976,120.6753904 31.43443609,120.6753977 31.43446241,120.6754049 31.43448876,120.6754119 31.43451513,120.6754191 31.43454149,120.6754262 31.43456785,120.6754333 31.43459421,120.6754404 31.43462058,120.6754473 31.43464697,120.6754543 31.43467336,120.6754614 31.43469973,120.6754685 31.43472609,120.6754756 31.43475246,120.6754825 31.43477885,120.6754896 31.43480521,120.6754966 31.43483158,120.6755036 31.43485796,120.6755105 31.43488437,120.6755174 31.43491078,120.6755242 31.43493719,120.6755312 31.43496359,120.6755381 31.43498997,120.6755451 31.43501637,120.6755518 31.4350428,120.6755587 31.4350692,120.6755658 31.43509557,120.6755727 31.43512196,120.6755797 31.43514834,120.6755865 31.43517478,120.6755931 31.43520122,120.6756003 31.43522757,120.6756069 31.43525403,120.6756139 31.43528041,120.6756204 31.43530689,120.675627 31.43533333,120.6756337 31.43535977,120.6756407 31.43538615,120.6756475 31.43541257,120.675654 31.43543904,120.675661 31.43546541,120.6756675 31.43549189,120.6756737 31.4355184,120.6756809 31.43554476,120.6756875 31.43557121,120.6756941 31.43559767,120.6757007 31.43562412,120.6757074 31.43565058,120.675714 31.43567703,120.6757204 31.43570351,120.6757272 31.43572992,120.6757337 31.43575641,120.6757403 31.43578286,120.6757467 31.43580936,120.6757536 31.43583577,120.67576 31.43586226,)
57:LineString(120.6701608 31.41926256,120.6701693 31.41928862,120.6701781 31.4193146,120.6701869 31.41934057,120.6701957 31.41936656,120.6702045 31.41939254,120.6702134 31.4194185,120.6702223 31.41944446,120.6702313 31.41947039,120.6702406 31.41949624,120.6702501 31.41952206,120.6702594 31.4195479,120.6702687 31.41957377,120.6702776 31.41959973,120.6702866 31.41962564,120.6702954 31.41965165,120.6703045 31.41967755,120.6703139 31.41970339,120.6703231 31.41972927,120.6703321 31.4197552,120.6703413 31.41978108,120.6703502 31.41980704,120.670359 31.41983301,120.6703685 31.41985881,120.6703774 31.41988477,120.6703864 31.41991069,120.6703954 31.41993662,120.6704043 31.41996259,120.6704134 31.4199885,120.6704227 31.42001435,120.6704317 31.42004027,120.6704409 31.42006616,120.6704499 31.42009209,120.6704589 31.42011802,120.6704681 31.42014391,120.6704768 31.42016989,120.6704866 31.4201956,120.6704955 31.42022155,120.6705046 31.42024747,120.6705136 31.42027342,120.6705224 31.42029939,120.6705315 31.42032531,120.6705405 31.42035123,120.6705497 31.42037711,120.6705588 31.42040302,120.6705679 31.42042894,120.6705768 31.42045489,120.6705859 31.42048078,120.6705949 31.42050671,120.6706041 31.42053259,120.6706134 31.42055846,120.6706227 31.42058431,120.6706318 31.42061021,120.6706409 31.42063613,120.6706499 31.42066205,120.6706588 31.42068801,120.6706684 31.42071379,120.6706774 31.42073973,120.6706865 31.42076562,120.6706956 31.42079154,120.6707045 31.4208175,120.6707136 31.42084341,120.6707224 31.42086938,120.6707317 31.42089524,120.670741 31.4209211,120.6707503 31.42094694,120.6707597 31.42097278,120.6707688 31.42099869,120.6707778 31.42102462,120.6707868 31.42105055,120.6707958 31.42107647,120.6708048 31.42110241,120.6708139 31.42112831,120.670823 31.42115421,120.6708321 31.42118014,120.6708411 31.42120607,120.6708502 31.42123198,120.6708587 31.42125802,120.6708684 31.42128376,120.6708775 31.42130967,120.6708867 31.42133555,120.6708959 31.42136143,120.670905 31.42138734,120.6709139 31.42141329,120.6709229 31.42143924,120.6709319 31.42146517,120.6709408 31.42149113,120.6709501 31.42151697,120.6709595 31.42154281,120.6709688 31.42156866,120.6709779 31.42159457,120.670987 31.42162047,120.670996 31.42164642,120.6710047 31.4216724,120.6710144 31.42169816,120.6710234 31.42172408,120.6710328 31.42174992,120.6710417 31.42177587,120.6710509 31.42180176,120.6710602 31.42182761,120.6710688 31.42185364,120.6710781 31.42187949,120.6710873 31.42190538,120.6710966 31.42193122,120.671106 31.42195706,120.6711152 31.42198294,120.6711244 31.42200883,120.6711332 31.4220348,120.6711423 31.42206071,120.6711512 31.42208667,120.6711603 31.42211258,120.6711695 31.42213846,120.6711786 31.42216438,120.6711875 31.42219033,120.6711965 31.42221626,120.6712055 31.42224219,120.6712145 31.42226812,120.6712238 31.42229399,120.6712329 31.42231989,120.6712419 31.42234582,120.6712511 31.42237169,120.6712598 31.42239771,120.6712688 31.42242364,120.6712779 31.42244955,120.6712872 31.42247541,120.6712965 31.42250125,120.6713059 31.4225271,120.671315 31.422553,120.6713245 31.42257879,120.6713328 31.42260488,120.671342 31.42263077,120.671351 31.42265671,120.6713601 31.42268262,120.6713695 31.42270845,120.6713789 31.42273427,120.6713883 31.4227601,120.6713974 31.42278601,120.671406 31.42281203,120.6714155 31.4228378,120.6714242 31.42286382,120.6714331 31.42288977,120.6714421 31.42291571,120.6714512 31.42294163,120.6714603 31.42296753,120.67147 31.42299328,120.6714796 31.42301905,120.6714887 31.42304496,120.6714984 31.42307065,120.671507 31.42309669,120.6715159 31.42312265,120.6715249 31.4231486,120.6715339 31.42317454,120.6715429 31.42320046,120.6715522 31.42322633,120.6715614 31.42325221,120.6715707 31.42327807,120.6715796 31.42330402,120.6715884 31.42332999,120.6715976 31.42335588,120.6716063 31.42338189,120.6716152 31.42340785,120.6716241 31.42343379,120.6716335 31.42345962,120.6716429 31.42348546,120.6716524 31.42351126,120.6716617 31.42353712,120.6716705 31.4235631,120.6716802 31.42358879,120.6716887 31.42361485,120.6716976 31.42364082,120.6717066 31.42366676,120.6717158 31.42369265,120.671725 31.42371853,120.6717342 31.42374441,120.6717436 31.42377022,120.6717523 31.42379623,120.6717615 31.42382213,120.6717703 31.42384811,120.6717792 31.42387407,120.6717882 31.4239,120.6717975 31.42392585,120.6718069 31.42395169,120.6718161 31.42397757,120.6718253 31.42400345,120.671834 31.42402944,120.6718433 31.42405529,120.671852 31.4240813,120.6718609 31.42410727,120.6718698 31.42413322,120.6718788 31.42415915,120.6718879 31.42418506,120.6718975 31.42421086,120.6719067 31.42423672,120.6719157 31.42426265,120.6719251 31.42428846,120.6719338 31.42431447,120.6719427 31.42434044,120.6719516 31.42436639,120.6719606 31.42439233,120.6719697 31.42441824,120.6719792 31.42444404,120.6719887 31.42446985,120.671998 31.42449569,120.672007 31.42452162,120.6720163 31.42454749,120.6720247 31.42457357,120.6720342 31.42459934,120.672043 31.42462534,120.6720521 31.42465125,120.6720613 31.42467713,120.6720705 31.424703,120.6720796 31.42472892,120.6720887 31.42475483,120.6720975 31.4247808,120.6721066 31.42480672,120.6721154 31.42483269,120.6721245 31.42485859,120.6721339 31.42488443,120.6721432 31.42491029,120.6721525 31.42493614,120.6721617 31.42496202,120.6721708 31.42498794,120.6721793 31.42501398,120.6721888 31.42503978,120.6721975 31.4250658,120.6722065 31.42509171,120.6722159 31.42511756,120.6722248 31.4251435,120.672234 31.42516939,120.6722428 31.42519536,120.6722516 31.42522137,120.6722604 31.42524733,120.6722694 31.42527328,120.6722784 31.42529921,120.6722875 31.4253251,120.672297 31.4253509,120.6723068 31.42537665,120.6723166 31.42540238,120.6723254 31.42542836,120.6723343 31.42545427,120.6723437 31.42548009,120.6723523 31.42550613,120.6723612 31.42553209,120.6723702 31.42555802,120.6723793 31.42558393,120.6723886 31.42560978,120.6723977 31.42563571,120.6724068 31.42566161,120.6724158 31.42568754,120.6724247 31.42571348,120.6724339 31.42573938,120.6724432 31.42576522,120.6724525 31.42579108,120.6724615 31.42581703,120.6724706 31.42584293,120.6724793 31.42586894,120.672488 31.42589493,120.672497 31.42592087,120.6725058 31.42594685,120.6725148 31.42597279,120.6725241 31.42599865,120.6725337 31.42602443,120.6725431 31.42605024,120.6725525 31.42607606,120.6725616 31.42610198,120.672571 31.42612777,120.6725799 31.42615376,120.672589 31.42617966,120.6725983 31.4262055,120.6726076 31.42623138,120.6726167 31.42625729,120.6726257 31.42628321,120.6726347 31.42630914,120.6726435 31.42633513,120.6726523 31.42636111,120.6726612 31.42638708,120.6726701 31.42641304,120.672679 31.42643898,120.6726884 31.42646481,120.6726981 31.42649057,120.6727078 31.42651631,120.672717 31.42654217,120.6727267 31.4265679,120.6727352 31.42659396,120.6727441 31.42661992,120.672753 31.42664587,120.672762 31.42667181,120.6727711 31.42669772,120.6727806 31.42672354,120.6727901 31.42674932,120.6727999 31.42677505,120.6728085 31.42680108,120.6728178 31.42682691,120.6728265 31.42685294,120.6728354 31.4268789,120.6728445 31.42690481,120.6728537 31.42693069,120.6728628 31.42695658,120.6728718 31.42698254,120.6728807 31.42700848,120.6728897 31.42703441,120.6728986 31.42706037,120.6729083 31.42708606,120.6729172 31.42711203,120.6729263 31.42713793,120.6729354 31.42716385,120.6729443 31.42718981,120.6729533 31.42721575,120.6729627 31.42724155,120.6729719 31.42726744,120.6729809 31.42729336,120.67299 31.42731929,120.6729994 31.42734512,120.6730092 31.42737083,120.6730182 31.42739676,120.6730272 31.42742269,120.6730364 31.42744858,120.6730458 31.42747443,120.6730547 31.42750036,120.6730643 31.42752617,120.6730731 31.42755213,120.6730823 31.42757799,120.6730913 31.42760393,120.6731008 31.42762972,120.6731101 31.4276556,120.6731188 31.42768158,120.6731275 31.42770758,120.6731362 31.42773359,120.673145 31.42775957,120.6731538 31.42778559,120.6731628 31.42781147,120.6731715 31.42783745,120.6731806 31.42786337,120.6731895 31.42788931,120.6731986 31.42791521,120.673208 31.42794105,120.673217 31.42796698,120.6732265 31.42799278,120.6732355 31.42801869,120.6732449 31.42804451,120.6732542 31.42807034,120.6732632 31.42809628,120.6732723 31.42812217,120.6732815 31.42814805,120.6732904 31.42817402,120.6732993 31.42819997,120.6733085 31.42822587,120.6733172 31.42825184,120.6733265 31.42827766,120.6733354 31.42830364,120.6733447 31.42832949,120.6733536 31.42835543,120.673363 31.42838128,120.673372 31.4284072,120.6733814 31.42843304,120.6733909 31.42845885,120.6734 31.42848474,120.6734093 31.42851061,120.6734185 31.4285365,120.6734274 31.42856245,120.6734365 31.42858833,120.6734456 31.42861426,120.6734545 31.4286402,120.6734639 31.42866601,120.6734728 31.42869196,120.6734821 31.42871781,120.6734909 31.42874378,120.6735002 31.42876964,120.6735093 31.42879556,120.6735189 31.42882131,120.673528 31.42884722,120.6735371 31.4288731,120.6735465 31.42889891,120.6735555 31.42892485,120.6735648 31.42895067,120.6735738 31.42897661,120.6735827 31.42900258,120.6735917 31.42902851,120.6736009 31.42905441,120.6736098 31.42908035,120.673619 31.42910625,120.673628 31.42913215,120.6736372 31.42915805,120.6736463 31.42918396,120.6736554 31.42920986,120.6736644 31.42923581,120.6736735 31.42926172,120.673682 31.42928772,120.6736914 31.42931355,120.6737002 31.42933953,120.6737092 31.42936544,120.6737181 31.4293914,120.6737271 31.42941733,120.6737363 31.42944322,120.6737456 31.42946907,120.6737547 31.42949498,120.6737638 31.42952088,120.673773 31.42954676,120.673782 31.42957271,120.6737908 31.42959868,120.6737997 31.42962463,120.6738089 31.42965051,120.673818 31.42967642,120.6738271 31.42970229,120.6738365 31.42972816,120.6738451 31.42975419,120.6738542 31.42978002,120.6738631 31.42980598,120.6738723 31.42983186,120.6738817 31.42985768,120.6738907 31.42988361,120.6739 31.42990945,120.6739093 31.42993533,120.6739185 31.42996119,120.6739277 31.42998709,120.6739366 31.43001304,120.6739457 31.43003896,120.6739546 31.43006491,120.673964 31.43009075,120.673973 31.43011665,120.6739823 31.43014249,120.6739915 31.43016839,120.6740009 31.43019423,120.6740096 31.43022023,120.6740184 31.43024621,120.6740272 31.4302722,120.6740362 31.43029812,120.6740451 31.43032406,120.6740544 31.43034994,120.6740634 31.43037586,120.6740719 31.43040193,120.6740804 31.43042796,120.674089 31.430454,120.6740977 31.43048,120.6741064 31.43050599,120.6741151 31.430532,120.6741238 31.43055801,120.6741326 31.43058403,120.6741417 31.43060994,120.6741512 31.43063573,120.6741607 31.4306615,120.6741698 31.43068741,120.6741782 31.4307135,120.6741869 31.43073946,120.6741955 31.43076553,120.6742041 31.43079155,120.6742125 31.43081762,120.6742211 31.43084367,120.6742296 31.43086972,120.6742381 31.43089577,120.6742469 31.43092173,120.6742572 31.43094729,120.6742653 31.43097349,120.6742739 31.43099953,120.6742826 31.43102556,120.6742906 31.43105155,120.6743 31.4310773,120.6743083 31.43110345,120.674317 31.43112952,120.6743266 31.43115551,120.6743346 31.43118119,120.6743441 31.43120663,120.6743524 31.43123286,120.6743607 31.43125896,120.6743688 31.43128502,120.6743764 31.4313113,120.6743847 31.43133744,120.6743936 31.43136349,120.6744023 31.43139034,120.6744112 31.43141498,120.6744197 31.43144117,120.6744281 31.43146716,120.674437 31.43149312,120.6744453 31.43151924,120.6744538 31.43154527,120.6744619 31.43157143,120.67447 31.43159758,120.6744783 31.4316237,120.6744864 31.4316498,120.674495 31.43167582,120.6745034 31.43170194,120.6745116 31.43172804,120.67452 31.43175412,120.6745284 31.43178022,120.6745368 31.4318063,120.674545 31.43183269,120.6745531 31.43185838,120.6745608 31.43188465,120.6745688 31.43191077,120.6745769 31.43193695,120.6745848 31.43196315,120.674593 31.43198924,120.6746009 31.43201543,120.6746091 31.43204154,120.6746175 31.43206763,120.6746258 31.43209375,120.6746342 31.43211982,120.6746424 31.4321459,120.6746511 31.43217193,120.6746595 31.43219798,120.6746682 31.43222397,120.6746761 31.43225021,120.6746838 31.43227644,120.6746918 31.43230257,120.6746995 31.4323288,120.6747078 31.4323549,120.6747158 31.43238107,120.6747239 31.4324072,120.6747321 31.43243335,120.6747402 31.43245948,120.6747484 31.4324856,120.6747565 31.43251177,120.6747644 31.43253793,120.6747728 31.43256401,120.6747807 31.43259021,120.6747886 31.4326164,120.6747964 31.43264262,120.6748043 31.43266881,120.6748124 31.43269495,120.6748202 31.43272116,120.674828 31.43274738,120.6748356 31.43277364,120.6748432 31.43279988,120.674851 31.43282612,120.6748587 31.43285233,120.6748666 31.43287862,120.6748743 31.43290465,120.6748828 31.43293293,120.6748902 31.43295707,120.6748979 31.4329835,120.6749058 31.43300958,120.6749133 31.43303586,120.6749212 31.43306206,120.674929 31.43308828,120.6749369 31.43311447,120.6749446 31.43314069,120.6749521 31.43316697,120.6749598 31.43319322,120.6749674 31.43321947,120.6749752 31.43324566,120.674983 31.43327189,120.6749907 31.43329813,120.6749986 31.43332433,120.6750064 31.43335056,120.6750141 31.4333768,120.6750216 31.43340305,120.6750288 31.4334294,120.6750368 31.43345557,120.6750455 31.43348161,120.6750535 31.43350779,120.6750605 31.43353418,120.6750666 31.43356071,120.6750739 31.43358704,120.675081 31.43361349,120.6750881 31.43363974,120.6750955 31.43366629,120.6751028 31.43369232,120.6751102 31.43371885,120.6751178 31.43374525,120.6751252 31.4337715,120.6751333 31.43379767,120.6751407 31.43382369,120.6751483 31.43384987,120.6751554 31.43387619,120.6751631 31.43390247,120.6751703 31.43392882,120.675178 31.43395508,120.675185 31.43398145,120.6751926 31.43400767,120.6751997 31.43403402,120.6752071 31.43406032,120.6752144 31.43408663,120.675222 31.4341129,120.6752296 31.43413916,120.6752372 31.4341654,120.6752446 31.43419175,120.6752516 31.43421811,120.6752591 31.43424436,120.6752658 31.43427072,120.6752734 31.43429692,120.6752806 31.4343233,120.6752877 31.43434965,120.6752949 31.43437598,120.6753022 31.43440232,120.6753092 31.43442868,120.6753164 31.43445501,120.6753231 31.43448146,120.6753299 31.43450788,120.6753367 31.4345343,120.6753438 31.43456064,120.6753513 31.4345869,120.6753586 31.43461322,120.6753656 31.4346396,120.675373 31.4346659,120.6753804 31.43469225,120.6753873 31.43471861,120.6753949 31.43474484,120.6754015 31.43477124,120.6754092 31.43479743,120.6754161 31.43482386,120.675423 31.43485024,120.67543 31.43487663,120.6754369 31.43490297,120.6754433 31.43492946,120.6754503 31.43495584,120.6754571 31.43498227,120.6754639 31.43500869,120.6754708 31.43503509,120.6754777 31.43506151,120.6754844 31.43508796,120.6754921 31.43511416,120.6754984 31.43514058,120.6755063 31.43516673,120.6755126 31.43519326,120.6755198 31.43521959,120.6755259 31.43524613,120.6755329 31.43527247,120.6755392 31.435299,120.675546 31.4353254,120.6755524 31.43535189,120.6755591 31.43537832,120.6755663 31.43540467,120.6755731 31.43543109,120.6755797 31.43545755,120.6755863 31.43548401,120.6755926 31.43551052,120.6755997 31.43553689,120.6756073 31.43556318,120.6756133 31.43558972,120.6756199 31.43561617,120.675626 31.43564271,120.675633 31.43566911,120.6756395 31.43569557,120.6756462 31.43572198,120.6756524 31.43574851,120.6756592 31.43577494,120.675666 31.43580137,120.6756725 31.43582784,120.6756814 31.4358538,)
58:LineString(120.6702691 31.41923393,120.6702784 31.41925978,120.6702876 31.41928566,120.6702968 31.41931155,120.670306 31.41933742,120.6703153 31.41936329,120.6703245 31.41938916,120.6703337 31.41941504,120.6703429 31.41944092,120.6703522 31.41946678,120.6703615 31.41949264,120.6703707 31.41951852,120.6703798 31.41954442,120.670389 31.4195703,120.6703982 31.41959618,120.6704072 31.41962211,120.6704163 31.41964801,120.6704254 31.41967392,120.6704346 31.41969982,120.6704437 31.41972571,120.6704529 31.41975161,120.6704622 31.41977746,120.6704713 31.41980337,120.6704802 31.41982931,120.6704892 31.41985526,120.6704982 31.41988119,120.6705073 31.41990708,120.6705164 31.41993299,120.6705255 31.4199589,120.6705348 31.41998475,120.6705434 31.42001077,120.6705527 31.42003664,120.6705619 31.42006252,120.6705711 31.42008841,120.6705804 31.42011425,120.6705894 31.42014018,120.6705984 31.42016611,120.6706076 31.420192,120.6706167 31.4202179,120.6706259 31.42024379,120.6706351 31.42026967,120.6706442 31.42029557,120.6706532 31.42032152,120.6706623 31.42034742,120.6706712 31.42037336,120.6706804 31.42039925,120.6706896 31.42042514,120.6706988 31.42045101,120.670708 31.4204769,120.6707171 31.4205028,120.6707259 31.42052879,120.6707347 31.42055476,120.6707437 31.4205807,120.6707529 31.4206066,120.670762 31.42063249,120.6707713 31.42065835,120.6707801 31.42068434,120.6707892 31.42071022,120.6707984 31.42073612,120.6708076 31.42076201,120.6708168 31.42078788,120.6708261 31.42081374,120.6708353 31.42083961,120.6708441 31.42086558,120.6708531 31.42089153,120.670862 31.42091748,120.670871 31.42094341,120.6708804 31.42096926,120.6708897 31.42099509,120.6708985 31.42102107,120.6709086 31.42104668,120.6709175 31.42107265,120.6709265 31.42109856,120.6709356 31.42112448,120.6709446 31.42115043,120.6709539 31.42117628,120.6709631 31.42120214,120.6709718 31.42122816,120.6709814 31.42125391,120.6709901 31.42127992,120.6709991 31.42130586,120.6710083 31.42133176,120.6710175 31.42135764,120.6710268 31.42138349,120.6710361 31.42140934,120.6710454 31.42143519,120.6710546 31.42146107,120.6710636 31.42148701,120.6710726 31.42151295,120.6710815 31.42153889,120.6710905 31.42156483,120.6710997 31.4215907,120.6711086 31.42161667,120.6711179 31.42164252,120.6711265 31.42166854,120.6711355 31.42169449,120.6711443 31.42172046,120.6711534 31.42174637,120.6711624 31.42177229,120.6711714 31.42179825,120.6711807 31.42182409,120.6711895 31.42185007,120.6711987 31.42187597,120.6712078 31.42190188,120.6712168 31.4219278,120.6712259 31.42195371,120.6712351 31.4219796,120.6712442 31.4220055,120.6712535 31.42203134,120.6712625 31.42205728,120.6712715 31.42208322,120.6712804 31.42210916,120.6712894 31.4221351,120.6712986 31.42216099,120.6713077 31.42218689,120.6713169 31.42221278,120.6713259 31.42223871,120.6713347 31.42226468,120.6713438 31.4222906,120.6713529 31.42231651,120.6713621 31.42234238,120.6713714 31.42236823,120.6713807 31.4223941,120.6713898 31.42242001,120.6713987 31.42244595,120.6714076 31.42247192,120.6714166 31.42249786,120.6714258 31.42252373,120.6714344 31.42254977,120.6714444 31.42257542,120.671453 31.42260144,120.6714623 31.42262729,120.6714714 31.42265319,120.6714802 31.42267917,120.6714891 31.42270514,120.6714981 31.42273108,120.6715072 31.42275697,120.6715165 31.42278284,120.6715254 31.42280879,120.6715347 31.42283462,120.6715439 31.42286051,120.6715531 31.4228864,120.6715622 31.4229123,120.6715714 31.4229382,120.6715804 31.42296411,120.6715897 31.42298997,120.671599 31.42301583,120.6716086 31.42304161,120.6716178 31.42306749,120.671627 31.42309335,120.6716363 31.42311922,120.6716455 31.4231451,120.6716546 31.42317101,120.6716635 31.42319696,120.6716725 31.42322289,120.6716817 31.42324877,120.671691 31.42327465,120.6717002 31.4233005,120.6717096 31.42332635,120.6717188 31.42335222,120.671728 31.42337811,120.671737 31.42340404,120.6717458 31.42343002,120.6717547 31.423456,120.6717636 31.42348195,120.6717723 31.42350795,120.6717819 31.42353374,120.6717907 31.42355972,120.6718002 31.42358551,120.6718092 31.42361144,120.6718183 31.42363736,120.6718272 31.4236633,120.6718361 31.42368927,120.671845 31.42371523,120.6718543 31.42374108,120.6718634 31.42376698,120.6718723 31.42379292,120.6718816 31.42381878,120.6718908 31.42384468,120.6718999 31.42387059,120.6719089 31.42389652,120.6719179 31.42392244,120.671927 31.42394836,120.671936 31.4239743,120.6719453 31.42400013,120.671954 31.42402612,120.6719633 31.42405198,120.6719725 31.42407788,120.6719816 31.42410378,120.6719907 31.42412969,120.6719997 31.42415561,120.6720086 31.42418158,120.6720176 31.42420751,120.6720267 31.42423342,120.6720356 31.42425937,120.6720449 31.42428523,120.6720541 31.42431111,120.6720633 31.42433699,120.6720725 31.42436288,120.6720816 31.42438878,120.6720906 31.42441472,120.6720995 31.42444066,120.6721086 31.42446658,120.6721177 31.42449247,120.6721269 31.42451837,120.6721363 31.4245442,120.672145 31.42457018,120.6721543 31.42459604,120.6721635 31.42462192,120.6721727 31.42464782,120.6721819 31.4246737,120.672191 31.42469961,120.6722002 31.42472548,120.6722093 31.4247514,120.6722185 31.42477727,120.6722276 31.42480319,120.6722366 31.4248291,120.6722457 31.42485501,120.6722549 31.4248809,120.6722642 31.42490676,120.6722736 31.42493259,120.6722828 31.42495848,120.672292 31.42498436,120.6723011 31.42501025,120.6723103 31.42503614,120.6723195 31.42506203,120.6723287 31.42508789,120.672338 31.42511374,120.6723476 31.42513952,120.6723568 31.4251654,120.6723662 31.42519124,120.6723755 31.42521708,120.6723847 31.42524298,120.6723938 31.42526889,120.6724027 31.42529483,120.6724113 31.42532088,120.6724195 31.425347,120.6724283 31.425373,120.6724372 31.42539894,120.6724465 31.42542479,120.6724555 31.42545073,120.6724649 31.42547655,120.6724741 31.42550243,120.6724832 31.42552833,120.6724924 31.42555423,120.6725014 31.42558015,120.6725106 31.42560604,120.6725198 31.42563192,120.6725289 31.42565782,120.6725382 31.42568369,120.6725472 31.42570962,120.6725562 31.42573554,120.6725652 31.42576149,120.6725742 31.42578742,120.6725832 31.42581335,120.6725924 31.42583924,120.6726018 31.42586507,120.6726106 31.42589103,120.6726199 31.42591689,120.672629 31.42594279,120.6726379 31.42596876,120.6726467 31.42599475,120.6726555 31.42602073,120.6726644 31.42604669,120.672674 31.42607246,120.6726825 31.42609847,120.672692 31.42612429,120.6727011 31.42615018,120.6727101 31.42617613,120.6727191 31.42620205,120.6727283 31.42622794,120.6727374 31.42625385,120.6727466 31.42627973,120.6727559 31.42630557,120.6727648 31.42633155,120.672774 31.42635742,120.6727831 31.42638333,120.6727922 31.42640923,120.6728015 31.4264351,120.6728107 31.42646096,120.6728199 31.42648684,120.6728289 31.4265128,120.6728382 31.42653865,120.6728473 31.42656455,120.6728564 31.42659045,120.6728656 31.42661634,120.6728747 31.42664225,120.6728837 31.42666816,120.6728926 31.42669413,120.6729013 31.42672014,120.67291 31.42674615,120.6729189 31.42677211,120.672928 31.42679802,120.6729373 31.42682389,120.6729464 31.42684979,120.6729553 31.42687575,120.6729641 31.42690172,120.672973 31.42692768,120.6729822 31.42695356,120.6729913 31.42697947,120.6730003 31.4270054,120.6730093 31.42703133,120.6730178 31.42705739,120.6730266 31.42708339,120.6730355 31.42710934,120.6730447 31.42713523,120.6730538 31.42716112,120.6730631 31.42718698,120.6730718 31.42721298,120.6730809 31.42723888,120.6730901 31.42726477,120.6730993 31.42729065,120.6731082 31.4273166,120.6731172 31.42734253,120.673126 31.42736852,120.6731358 31.42739419,120.6731447 31.42742015,120.6731538 31.42744606,120.6731629 31.42747198,120.6731721 31.42749785,120.6731813 31.42752372,120.6731908 31.42754954,120.6731998 31.42757547,120.6732091 31.42760131,120.6732176 31.42762738,120.6732275 31.42765303,120.6732375 31.4276787,120.6732472 31.42770444,120.6732567 31.42773025,120.6732662 31.42775605,120.6732753 31.42778197,120.6732844 31.42780787,120.6732933 31.42783422,120.6733029 31.4278593,120.6733112 31.42788538,120.673321 31.42791101,120.6733296 31.42793704,120.6733382 31.4279631,120.6733475 31.42798882,120.6733559 31.42801484,120.6733651 31.42804073,120.6733743 31.42806661,120.6733834 31.42809253,120.6733925 31.42811844,120.6734016 31.42814435,120.6734108 31.42817024,120.6734197 31.42819615,120.6734289 31.42822202,120.6734379 31.42824793,120.673447 31.42827384,120.6734561 31.42829976,120.6734653 31.42832564,120.6734742 31.42835158,120.6734834 31.42837746,120.6734924 31.42840341,120.6735014 31.42842934,120.6735102 31.42845533,120.6735191 31.42848127,120.6735279 31.42850725,120.6735369 31.42853317,120.6735458 31.42855915,120.6735549 31.42858503,120.6735639 31.42861095,120.6735731 31.42863683,120.6735825 31.42866266,120.6735919 31.4286885,120.673601 31.4287144,120.6736104 31.42874023,120.6736195 31.42876615,120.6736285 31.42879206,120.6736376 31.42881798,120.6736465 31.42884394,120.6736555 31.42886987,120.6736645 31.42889579,120.6736734 31.42892175,120.6736826 31.42894764,120.6736915 31.42897358,120.6737007 31.42899947,120.6737095 31.42902544,120.6737189 31.42905125,120.6737278 31.42907721,120.673737 31.4291031,120.6737465 31.42912886,120.6737557 31.42915534,120.673765 31.42918057,120.6737744 31.42920645,120.6737835 31.42923231,120.673793 31.4292581,120.673802 31.42928403,120.6738116 31.42930984,120.6738203 31.42933582,120.6738294 31.4293617,120.6738386 31.4293876,120.6738475 31.42941354,120.6738568 31.42943939,120.6738659 31.42946529,120.6738752 31.42949115,120.6738842 31.42951708,120.6738934 31.42954298,120.6739025 31.42956884,120.6739119 31.42959467,120.6739209 31.4296206,120.6739303 31.42964642,120.6739393 31.42967234,120.6739487 31.42969817,120.6739578 31.42972407,120.6739671 31.42974992,120.6739763 31.42977582,120.6739853 31.42980176,120.6739944 31.42982764,120.6740033 31.4298536,120.6740121 31.42987957,120.6740209 31.4299056,120.6740303 31.42993147,120.6740388 31.42995742,120.6740483 31.42998308,120.6740571 31.43000902,120.6740661 31.43003495,120.6740754 31.43006078,120.6740841 31.43008675,120.674093 31.43011271,120.6741016 31.43013872,120.6741104 31.43016471,120.6741196 31.43019057,120.6741289 31.43021645,120.674138 31.43024234,120.6741469 31.43026829,120.6741563 31.4302941,120.6741653 31.43032005,120.6741739 31.43034608,120.6741833 31.4303719,120.6741924 31.43039782,120.6742014 31.43042374,120.6742102 31.43044976,120.6742191 31.43047576,120.6742276 31.4305018,120.6742364 31.43052781,120.6742444 31.43055402,120.6742538 31.43058015,120.6742625 31.43060558,120.674271 31.43063683,120.6742776 31.43065752,120.6742878 31.43068412,120.6742967 31.43070914,120.6743059 31.43073497,120.6743148 31.43076079,120.6743235 31.43078679,120.674332 31.43081286,120.6743409 31.43083882,120.6743495 31.43086485,120.6743585 31.43089074,120.6743675 31.43091663,120.6743755 31.43094286,120.6743845 31.43096872,120.6743923 31.43099478,120.6744008 31.43102083,120.6744096 31.43104683,120.6744184 31.43107288,120.6744271 31.43109891,120.6744366 31.4311253,120.6744445 31.43115066,120.6744536 31.43117642,120.6744622 31.43120245,120.6744704 31.43122856,120.6744795 31.43125439,120.6744876 31.43128058,120.6744966 31.4313065,120.6745054 31.43133258,120.6745137 31.43135853,120.6745224 31.43138441,120.674531 31.43141052,120.674539 31.43143659,120.6745476 31.43146255,120.6745552 31.43148878,120.6745637 31.4315154,120.6745716 31.43154098,120.6745795 31.43156725,120.6745878 31.43159334,120.674596 31.43161943,120.6746044 31.43164551,120.6746128 31.43167157,120.6746213 31.43169764,120.6746298 31.43172368,120.6746384 31.43174971,120.6746469 31.43177576,120.6746552 31.43180185,120.6746638 31.43182791,120.6746722 31.43185398,120.6746808 31.43187998,120.6746892 31.43190608,120.6746975 31.4319322,120.6747059 31.43195825,120.6747138 31.43198443,120.6747222 31.4320105,120.6747302 31.43203665,120.6747383 31.43206278,120.6747464 31.43208891,120.6747544 31.43211509,120.6747626 31.43214121,120.6747707 31.43216736,120.6747792 31.43219344,120.6747873 31.43221961,120.6747955 31.4322457,120.6748038 31.4322718,120.6748119 31.43229793,120.6748199 31.43232411,120.6748277 31.43235035,120.6748357 31.4323765,120.6748438 31.43240268,120.6748519 31.43242882,120.67486 31.43245497,120.6748679 31.43248116,120.674876 31.43250733,120.6748838 31.43253356,120.6748921 31.4325597,120.6748999 31.43258583,120.6749082 31.43261184,120.6749163 31.43263802,120.6749241 31.43266428,120.6749321 31.43269036,120.6749396 31.43271705,120.6749474 31.43274279,120.6749551 31.4327691,120.6749626 31.43279536,120.6749705 31.43282153,120.6749783 31.43284774,120.6749862 31.43287394,120.6749941 31.43290013,120.675002 31.43292632,120.6750098 31.43295252,120.6750178 31.43297869,120.6750254 31.43300496,120.6750332 31.4330312,120.6750409 31.43305745,120.6750482 31.43308381,120.6750564 31.43310987,120.6750641 31.43313599,120.6750723 31.43316206,120.67508 31.43318828,120.6750878 31.4332145,120.6750955 31.43324076,120.6751031 31.43326701,120.6751106 31.43329328,120.6751181 31.43331955,120.6751259 31.43334578,120.6751335 31.43337204,120.6751409 31.43339833,120.6751476 31.4334248,120.6751554 31.43345101,120.675163 31.43347728,120.6751704 31.43350358,120.6751787 31.43352968,120.6751863 31.43355595,120.6751938 31.43358225,120.6752013 31.43360848,120.6752087 31.43363471,120.6752162 31.43366098,120.6752236 31.43368727,120.675231 31.43371358,120.6752384 31.43373987,120.6752454 31.43376623,120.6752532 31.43379241,120.6752609 31.43381868,120.6752684 31.43384496,120.6752763 31.43387124,120.6752835 31.43389751,120.6752916 31.43392352,120.6752986 31.43394988,120.675306 31.43397617,120.6753136 31.4340026,120.6753201 31.43402893,120.675328 31.43405494,120.6753345 31.43408136,120.6753418 31.43410767,120.6753488 31.43413404,120.6753558 31.43416043,120.6753631 31.43418674,120.6753701 31.43421312,120.6753772 31.43423947,120.6753844 31.43426583,120.6753915 31.43429219,120.675399 31.43431846,120.6754063 31.43434477,120.6754138 31.43437107,120.6754213 31.43439733,120.6754288 31.43442362,120.6754362 31.43444993,120.6754435 31.43447626,120.6754503 31.43450269,120.6754568 31.43452919,120.6754644 31.43455547,120.6754712 31.43458179,120.675479 31.43460794,120.6754866 31.43463421,120.675494 31.43466046,120.6755022 31.43468656,120.6755103 31.43471275,120.6755166 31.43473931,120.6755219 31.43476583,120.6755269 31.43479223,120.6755323 31.43481895,120.6755394 31.43484511,120.675547 31.43487228,120.6755521 31.4348966,120.6755604 31.43492256,120.6755671 31.43494886,120.6755739 31.43497532,120.6755815 31.43500176,120.6755878 31.43502794,120.6755961 31.43505371,120.6756024 31.43508023,120.6756092 31.43510663,120.6756165 31.43513299,120.6756221 31.4351596,120.6756301 31.43518557,120.6756359 31.43521207,120.675643 31.43523842,120.6756499 31.43526477,120.6756559 31.43529127,120.6756632 31.43531758,120.6756699 31.43534401,120.6756771 31.43537037,120.6756838 31.43539678,120.6756907 31.43542317,120.675698 31.43544947,120.6757047 31.4354759,120.6757108 31.43550243,120.6757175 31.43552883,120.6757243 31.43555518,120.6757303 31.43558157,120.6757378 31.43560785,120.6757446 31.43563428,120.6757513 31.43566073,120.675757 31.43568731,120.6757644 31.43571328,120.6757696 31.43573995,120.6757765 31.43576639,120.6757827 31.4357929,120.6757896 31.43581932,120.6757961 31.43584579,120.6758043 31.4358719,120.6758107 31.4358984,120.6758169 31.43592493,120.6758231 31.43595146,120.6758298 31.43597791,120.6758365 31.43600435,120.6758431 31.43603082,120.6758496 31.43605729,120.6758558 31.43608381,120.675862 31.43611034,120.6758675 31.43613697,120.6758734 31.43616357,)
59:LineString(120.6757462 31.43596122,120.6757526 31.4359877,120.6757591 31.43601419,120.6757655 31.43604068,120.6757717 31.4360672,120.6757778 31.43609375,120.6757839 31.4361203,120.6757893 31.43614695,)
60:LineString(120.6757792 31.43593669,120.6757856 31.43596318,120.675792 31.43598968,120.6757984 31.43601617,120.6758049 31.43604265,120.6758115 31.4360691,120.6758182 31.43609553,120.6758249 31.43612198,120.6758318 31.43614838,)
61:LineString(120.6757097 31.43594026,120.6757162 31.43596673,120.6757229 31.43599318,120.6757295 31.43601964,120.675736 31.43604612,120.6757425 31.43607259,120.6757491 31.43609904,)
62:LineString(120.6758291 31.43643608,120.6758335 31.43646287,120.6758384 31.4364896,120.675844 31.43651623,120.6758472 31.43654304,120.6758541 31.43656942,120.67586 31.43659601,120.6758652 31.43662267,120.6758705 31.43664933,120.6758762 31.43667594,120.6758821 31.43670248,120.6758893 31.43672877,120.675894 31.43675531,120.6759005 31.43678179,120.6759063 31.43680842,120.675913 31.43683494,120.675919 31.43686149,120.6759254 31.43688797,120.675931 31.43691459,120.675937 31.43694114,120.6759428 31.43696773,120.6759492 31.43699424,120.6759555 31.43702074,120.6759611 31.43704733,120.6759671 31.43707388,120.6759729 31.43710048,120.6759789 31.43712705,120.6759849 31.43715362,120.675991 31.43718016,120.6759971 31.4372067,120.6760028 31.43723331,120.6760087 31.4372599,120.6760143 31.43728652,120.6760204 31.43731307,120.6760266 31.43733961,120.6760326 31.43736616,120.6760387 31.4373927,120.6760445 31.43741929,120.6760505 31.43744586,120.6760563 31.43747245,120.6760623 31.43749901,120.6760678 31.43752565,120.6760736 31.43755225,120.6760795 31.43757883,120.6760854 31.43760542,120.6760912 31.437632,120.6760969 31.43765862,120.6761025 31.43768526,120.6761081 31.43771188,120.6761137 31.4377385,120.6761197 31.43776507,120.6761258 31.43779161,120.6761319 31.43781817,120.6761376 31.43784477,120.6761436 31.43787133,120.6761489 31.43789801,120.6761549 31.43792454,120.6761602 31.43795122,120.6761657 31.43797787,120.6761712 31.43800451,120.6761765 31.4380312,120.6761818 31.43805786,120.6761872 31.43808452,120.6761928 31.43811115,120.6761985 31.43813777,120.676204 31.43816441,120.6762093 31.43819107,120.6762147 31.43821773,120.6762203 31.43824437,120.6762255 31.43827104,120.6762317 31.43829757,120.6762372 31.43832422,120.6762428 31.43835085,120.676248 31.43837753,120.6762536 31.43840416,120.6762587 31.43843086,120.6762641 31.43845752,120.6762694 31.4384842,120.6762747 31.43851086,120.67628 31.43853754,120.6762851 31.43856424,120.6762901 31.43859096,120.6762953 31.43861764,120.6763001 31.43864438,120.6763055 31.43867104,120.6763112 31.43869765,120.676317 31.43872426,120.6763224 31.43875091,120.6763276 31.4387776,120.6763326 31.43880432,120.6763372 31.43883108,120.6763429 31.43885768,120.676348 31.43888437,120.6763536 31.43891101,120.6763589 31.43893768,120.6763642 31.43896436,120.6763692 31.43899107,120.6763742 31.43901776,120.6763802 31.43904427,120.6763848 31.43907104,120.6763898 31.43909776,120.6763948 31.43912447,120.6763997 31.43915121,120.6764048 31.43917791,120.6764102 31.43920457,120.6764156 31.43923122,120.6764211 31.43925787,120.6764262 31.43928457,120.6764313 31.43931127,120.6764364 31.43933798,120.6764419 31.43936461,120.6764481 31.43939114,120.6764537 31.43941778,120.676459 31.43944445,120.6764641 31.43947113,120.6764696 31.43949776,120.6764751 31.43952439,120.6764794 31.43955109,120.6764862 31.43957713,120.6764907 31.43960384,120.6764947 31.43963086,120.6764996 31.43965759,120.6765058 31.4396841,120.6765107 31.43971083,120.6765159 31.43973752,120.6765208 31.43976425,120.6765257 31.43979097,120.6765309 31.43981766,120.6765357 31.4398444,120.6765407 31.4398711,120.6765468 31.43989764,120.6765525 31.43992427,120.6765573 31.439951,120.676563 31.43997758,120.6765677 31.44000434,120.6765724 31.4400311,120.6765772 31.44005784,120.6765824 31.44008453,120.6765876 31.44011122,120.6765925 31.44013795,120.6765974 31.44016468,120.6766025 31.44019138,120.6766073 31.44021811,120.676613 31.4402447,120.6766189 31.44027126,120.6766239 31.44029799,120.6766289 31.4403247,120.6766341 31.44035139,120.6766391 31.4403781,120.6766445 31.44040475,120.6766505 31.4404313,120.6766557 31.44045799,120.676661 31.44048467,120.6766659 31.4405114,120.6766712 31.44053806,120.6766761 31.44056478,120.6766818 31.44059139,120.676687 31.44061807,120.6766926 31.44064471,120.6766977 31.44067141,120.6767031 31.44069807,120.6767083 31.44072475,120.6767133 31.44075145,120.6767195 31.44077795,120.6767245 31.44080468,120.6767295 31.44083139,120.6767347 31.44085809,120.6767395 31.44088483,120.6767448 31.4409115,120.6767503 31.44093816,120.6767556 31.44096483,120.6767609 31.44099149,120.676766 31.44101819,120.6767711 31.44104488,120.6767764 31.44107156,120.6767817 31.44109824,120.6767875 31.44112482,120.6767927 31.44115151,120.6767978 31.44117821,120.676803 31.44120489,120.6768084 31.44123156,120.6768137 31.44125821,120.6768196 31.4412848,120.6768247 31.44131151,120.6768298 31.44133821,120.6768347 31.44136494,120.67684 31.44139162,120.6768448 31.44141835,120.6768501 31.44144502,120.676855 31.44147175,120.67686 31.44149846,120.676865 31.44152517,120.6768703 31.44155185,120.6768757 31.4415785,120.6768814 31.44160512,120.6768864 31.44163183,120.6768915 31.44165853,120.6768968 31.44168521,120.676902 31.4417119,120.6769078 31.4417385,120.6769135 31.4417651,120.6769187 31.4417918,120.6769238 31.44181849,120.6769291 31.44184517,120.6769343 31.44187185,120.6769391 31.44189859,120.6769447 31.44192519,120.6769495 31.44195193,120.6769546 31.44197864,120.6769594 31.4420054,120.6769648 31.44203204,120.6769701 31.44205872,120.6769751 31.44208543,120.6769801 31.44211215,120.6769851 31.44213886,120.6769903 31.44216555,120.676996 31.44219217,120.6770015 31.44221881,120.6770066 31.44224551,120.6770117 31.44227221,120.6770169 31.4422989,120.6770218 31.44232563,120.6770274 31.44235224,120.6770326 31.44237892,120.6770379 31.4424056,120.6770432 31.44243228,120.6770482 31.44245899,120.6770533 31.44248569,120.677059 31.44251229,120.6770639 31.44253901,120.6770695 31.44256564,120.6770746 31.44259235,120.6770796 31.44261905,120.6770848 31.44264574,120.6770901 31.44267242,120.6770954 31.44269908,120.6771007 31.44272575,120.6771057 31.44275248,120.6771107 31.44277919,120.6771158 31.44280589,120.6771213 31.44283254,120.6771261 31.44285927,120.6771315 31.44288592,120.6771363 31.44291266,120.6771413 31.44293937,120.677146 31.44296613,120.677151 31.44299284,120.677156 31.44301956,120.6771611 31.44304626,120.6771662 31.44307296,120.6771714 31.44309965,120.6771768 31.44312631,120.6771824 31.44315294,120.6771879 31.44317959,120.677193 31.44320628,120.6771981 31.44323298,120.6772034 31.44325966,120.6772082 31.4432864,120.6772137 31.44331303,120.6772189 31.44333973,120.6772242 31.44336639,120.6772294 31.44339309,120.6772342 31.44341984,120.6772394 31.44344651,120.6772448 31.44347317,120.6772505 31.44349979,120.6772556 31.44352649,120.6772605 31.44355321,120.6772655 31.44357993,120.6772708 31.4436066,120.6772762 31.44363326,120.6772818 31.44365988,120.6772865 31.44368663,120.6772916 31.44371333,120.6772968 31.44374002,120.677302 31.44376671,120.6773073 31.44379338,120.6773122 31.4438201,120.6773174 31.44384679,120.6773225 31.44387349,120.6773282 31.44390012,120.6773328 31.44392684,120.6773389 31.44395337,120.6773437 31.44398012,120.6773488 31.44400683,120.6773539 31.44403353,120.6773591 31.44406021,120.6773648 31.44408684,120.6773699 31.44411354,120.6773749 31.44414024,120.67738 31.44416695,120.6773853 31.44419362,120.6773909 31.44422026,120.677396 31.44424695,120.6774013 31.4442736,120.6774063 31.44430033,120.6774112 31.44432707,120.6774167 31.44435371,120.677422 31.44438038,120.6774271 31.44440707,120.6774319 31.44443382,120.6774368 31.44446055,120.6774419 31.44448725,120.6774474 31.4445139,120.6774526 31.44454058,120.6774575 31.44456731,120.6774626 31.44459401,120.6774677 31.44462071,120.6774736 31.44464729,120.6774792 31.44467392,120.6774844 31.44470061,120.6774895 31.4447273,120.6774947 31.44475398,120.6774999 31.44478069,120.6775049 31.4448074,120.6775103 31.44483404,120.6775154 31.44486074,120.6775206 31.44488743,120.6775258 31.44491413,120.677531 31.44494081,120.6775358 31.44496754,120.6775419 31.44499409,120.6775471 31.44502078,120.6775522 31.44504747,120.6775573 31.44507417,120.6775625 31.44510086,120.6775679 31.44512752,120.6775732 31.44515418,120.677579 31.44518077,120.6775838 31.44520752,120.6775889 31.44523422,120.6775939 31.44526094,120.6775993 31.44528759,120.6776045 31.44531427,120.6776103 31.44534084,120.6776151 31.44536759,120.6776202 31.4453943,120.6776254 31.44542098,120.6776306 31.44544767,120.677636 31.44547431,120.6776417 31.4455009,120.6776465 31.44552765,120.6776517 31.44555434,120.6776571 31.44558101,120.6776626 31.44560764,120.6776682 31.44563426,120.6776731 31.445661,120.6776784 31.44568767,120.6776837 31.44571434,120.6776887 31.44574106,120.6776936 31.44576777,120.6776988 31.44579447,120.6777043 31.44582112,120.6777097 31.44584777,120.677715 31.44587444,120.6777197 31.44590118,120.6777253 31.4459278,120.6777306 31.44595448,120.6777357 31.44598118,120.6777412 31.44600782,120.6777458 31.44603456,120.677751 31.44606123,120.6777563 31.44608791,120.6777614 31.44611462,120.6777666 31.44614131,120.6777718 31.44616799,120.677777 31.44619468,120.6777821 31.44622137,120.6777875 31.44624804,120.6777928 31.4462747,120.6777982 31.44630135,120.6778038 31.44632798,120.677809 31.44635467,120.6778143 31.44638134,120.6778195 31.44640803,120.6778246 31.44643473,120.6778298 31.4464614,120.6778349 31.44648811,120.67784 31.44651481,120.6778451 31.44654151,120.6778502 31.4465682,120.6778557 31.44659485,120.6778609 31.44662154,120.6778661 31.44664822,120.6778715 31.44667488,120.6778767 31.44670156,120.6778821 31.44672822,120.6778872 31.44675491,120.6778928 31.44678154,120.6778977 31.44680827,120.6779029 31.44683495,120.6779081 31.44686164,120.6779131 31.44688835,120.6779184 31.44691503,120.6779236 31.44694172,120.6779287 31.44696842,120.6779343 31.44699504,120.6779394 31.44702174,120.6779445 31.44704844,120.6779502 31.44707504,120.6779553 31.44710174,120.6779606 31.44712841,120.6779659 31.44715509,120.6779713 31.44718174,120.6779767 31.4472084,120.6779823 31.44723502,120.6779882 31.44726162,120.6779933 31.44728831,120.6779983 31.44731503,120.6780032 31.44734175,120.678008 31.44736849,120.678013 31.44739521,120.678018 31.44742192,120.6780229 31.44744864,120.6780279 31.44747533,120.6780328 31.447502,120.6780376 31.44752871,120.6780427 31.44755537,120.678048 31.44758206,120.6780533 31.44760872,120.6780586 31.44763541,120.6780638 31.4476621,120.6780691 31.44768876,120.6780745 31.44771544,120.6780794 31.44774213,120.6780848 31.44776876,120.6780898 31.44779547,120.6780949 31.44782218,120.6781 31.44784888,120.6781049 31.4478756,120.6781099 31.44790232,120.6781148 31.44792904,120.67812 31.44795573,120.678125 31.44798243,120.6781304 31.4480091,120.6781356 31.44803579,120.6781408 31.44806248,120.6781461 31.44808915,120.6781512 31.44811584,120.6781564 31.44814253,120.6781617 31.4481692,120.678167 31.44819588,120.6781724 31.44822254,120.6781778 31.4482492,120.6781834 31.44827583,120.6781888 31.44830247,120.6781948 31.44832905,120.6782004 31.44835567,120.6782062 31.44838226,120.6782117 31.4484089,120.6782171 31.44843556,120.6782226 31.4484622,120.678228 31.44848887,120.6782334 31.44851551,120.6782388 31.44854217,120.6782443 31.44856881,120.6782497 31.44859547,120.6782553 31.4486221,120.6782611 31.4486487,120.6782667 31.44867533,120.6782725 31.44870192,120.6782781 31.44872854,120.678284 31.44875513,120.6782896 31.44878175,120.6782954 31.44880835,120.6783011 31.44883495,120.678307 31.44886153,120.6783128 31.44888813,120.6783186 31.44891472,120.6783245 31.4489413,120.6783302 31.44896791,120.6783361 31.44899449,120.6783418 31.4490211,120.6783476 31.4490477,120.6783534 31.4490743,120.6783589 31.44910094,120.678365 31.44912748,120.6783709 31.44915406,120.6783769 31.44918063,120.6783831 31.44920715,120.6783888 31.44923375,120.6783952 31.44926022,120.6784012 31.4492868,120.6784071 31.44931337,120.6784135 31.44933987,120.6784193 31.44936645,120.6784258 31.44939292,120.6784319 31.44941946,120.678438 31.44944602,120.678444 31.44947257,120.6784501 31.44949911,120.6784563 31.44952565,120.6784623 31.44955221,120.6784687 31.44957869,120.6784751 31.44960518,120.6784814 31.4496317,120.6784877 31.44965819,120.678494 31.4496847,120.6785001 31.44971124,120.6785065 31.44973775,120.6785127 31.44976427,120.6785191 31.44979076,120.6785254 31.44981729,120.6785318 31.44984376,120.6785379 31.4498703,120.6785441 31.44989683,120.6785503 31.44992335,120.6785567 31.44994986,120.6785627 31.44997642,120.6785694 31.45000285,120.6785759 31.45002932,120.6785826 31.45005576,120.6785893 31.45008219,120.6785959 31.45010864,120.6786027 31.45013507,120.6786094 31.45016149,120.6786164 31.45018788,120.6786232 31.45021431,120.67863 31.4502407,120.6786371 31.45026707,120.6786433 31.45029361,120.6786501 31.45032001,120.6786565 31.45034651,120.6786633 31.45037293,120.6786697 31.45039943,120.6786764 31.45042586,120.6786829 31.45045234,120.6786896 31.45047878,120.6786964 31.4505052,120.6787027 31.4505317,120.6787095 31.45055813,120.6787162 31.45058456,120.6787229 31.45061101,120.6787295 31.45063745,120.6787366 31.45066383,120.6787433 31.45069027,120.6787505 31.45071661,120.6787574 31.45074299,120.6787647 31.45076933,120.6787716 31.45079572,120.6787791 31.45082201,120.6787858 31.45084844,120.6787931 31.45087477,120.6788001 31.45090114,120.6788073 31.45092749,120.6788143 31.45095387,120.6788217 31.45098017,120.6788289 31.45100651,120.6788362 31.45103283,120.6788435 31.45105916,120.6788507 31.4510855,120.678858 31.45111182,120.6788653 31.45113815,120.6788725 31.4511645,120.6788797 31.45119085,120.6788868 31.4512172,120.6788942 31.45124348,120.6789013 31.45126985,120.6789083 31.4512962,120.6789157 31.45132252,120.6789229 31.45134886,120.6789301 31.45137518,120.6789376 31.45140147,120.678945 31.45142777,120.6789522 31.4514541,120.6789596 31.45148042,120.6789669 31.45150674,120.6789742 31.45153304,120.6789819 31.45155925,120.6789893 31.45158556,120.6789964 31.45161192,120.6790039 31.45163819,120.6790112 31.45166452,120.6790186 31.45169082,120.679026 31.45171713,120.6790334 31.45174341,120.6790409 31.4517697,120.6790483 31.45179599,120.6790559 31.45182226,120.6790635 31.45184851,120.6790713 31.45187473,120.6790789 31.45190098,120.6790868 31.45192717,120.6790946 31.45195339,120.6791024 31.45197961,120.6791104 31.45200578,120.6791184 31.45203195,120.6791265 31.45205811,120.6791347 31.45208422,120.6791431 31.45211031,120.6791514 31.45213643,120.6791596 31.45216254,120.6791673 31.45218878,120.6791752 31.45221495,120.6791825 31.45224127,120.6791903 31.45226745,120.6791981 31.45229368,120.6792057 31.45231991,120.6792134 31.45234612,120.6792214 31.45237223,120.679229 31.45239847,120.6792344 31.45242509,120.6792428 31.45245118,)
63:LineString(120.6759361 31.43642021,120.6759423 31.43644675,120.6759485 31.43647328,120.6759551 31.43649977,120.6759583 31.43652665,120.6759642 31.4365532,120.67597 31.43657978,120.6759763 31.43660628,120.6759826 31.4366328,120.675989 31.43665928,120.6759952 31.43668581,120.6760008 31.43671244,120.6760073 31.43673887,120.6760134 31.43676541,120.6760196 31.43679195,120.6760253 31.43681855,120.6760308 31.43684519,120.6760372 31.43687167,120.6760429 31.43689826,120.676049 31.43692481,120.6760552 31.43695134,120.6760611 31.4369779,120.6760672 31.43700436,120.6760746 31.43703052,120.6760801 31.43705717,120.6760863 31.43708372,120.6760916 31.4371104,120.6760991 31.43713667,120.6761043 31.43716335,120.6761104 31.43718988,120.6761164 31.43721646,120.6761223 31.43724302,120.6761284 31.43726957,120.6761347 31.43729609,120.6761403 31.43732271,120.6761459 31.43734933,120.676152 31.43737588,120.6761585 31.43740237,120.6761648 31.43742888,120.6761717 31.43745526,120.6761773 31.43748185,120.6761841 31.43750828,120.6761913 31.43753464,120.6761984 31.43756098,120.6762053 31.43758741,120.6762116 31.43761392,120.6762176 31.43764047,120.6762246 31.43766679,120.6762299 31.43769349,120.6762353 31.43772015,120.6762397 31.43774698,120.6762438 31.43777384,120.6762482 31.43780059,120.6762526 31.43782746,120.6762592 31.43785361,120.6762639 31.43787986,120.6762658 31.43790627,120.6762731 31.43793274,120.676279 31.43795939,120.6762846 31.43798603,120.6762908 31.43801274,120.6762963 31.43803938,120.6763016 31.43806603,120.6763075 31.4380926,120.6763128 31.43811928,120.6763182 31.43814593,120.6763237 31.43817257,120.6763292 31.43819923,120.6763346 31.43822589,120.6763402 31.4382525,120.6763452 31.43827921,120.6763509 31.43830581,120.6763565 31.43833245,120.6763621 31.43835907,120.6763677 31.43838571,120.6763731 31.43841236,120.6763789 31.43843896,120.6763842 31.43846563,120.6763896 31.43849229,120.676395 31.43851895,120.6764005 31.43854559,120.6764059 31.43857225,120.6764115 31.43859888,120.6764168 31.43862554,120.6764222 31.4386522,120.6764275 31.43867888,120.6764327 31.43870556,120.6764379 31.43873225,120.6764431 31.43875893,120.6764484 31.43878561,120.6764538 31.43881226,120.6764587 31.43883898,120.676464 31.43886567,120.6764691 31.43889236,120.6764743 31.43891904,120.6764797 31.43894571,120.6764851 31.43897237,120.6764904 31.43899903,120.6764959 31.43902568,120.6765012 31.43905235,120.6765065 31.43907903,120.6765118 31.4391057,120.676517 31.43913238,120.6765223 31.43915906,120.6765279 31.43918568,120.676533 31.43921236,120.6765387 31.43923899,120.676544 31.43926565,120.6765495 31.43929229,120.6765549 31.43931895,120.67656 31.43934564,120.6765648 31.43937239,120.6765701 31.43939904,120.6765753 31.43942572,120.6765803 31.43945245,120.6765859 31.43947908,120.676591 31.43950578,120.6765966 31.4395324,120.6766022 31.43955902,120.6766077 31.43958567,120.6766132 31.43961232,120.6766185 31.43963899,120.6766237 31.43966566,120.6766283 31.43969244,120.6766341 31.439719,120.6766392 31.43974568,120.6766446 31.43977234,120.6766497 31.43979905,120.6766549 31.43982573,120.6766603 31.4398524,120.6766648 31.43987918,120.6766694 31.43990595,120.6766749 31.43993259,120.6766798 31.4399593,120.6766852 31.43998595,120.6766917 31.44001239,120.6766967 31.4400391,120.6767014 31.44006586,120.6767061 31.44009261,120.6767112 31.44011931,120.6767164 31.440146,120.6767216 31.44017269,120.6767263 31.44019943,120.6767314 31.44022613,120.6767358 31.44025292,120.6767407 31.44027966,120.6767459 31.44030634,120.676751 31.44033304,120.6767561 31.44035973,120.6767618 31.44038629,120.6767655 31.44041297,120.6767713 31.44043957,120.6767764 31.44046627,120.6767821 31.44049293,120.6767871 31.44051965,120.6767926 31.4405463,120.6767976 31.44057301,120.6768028 31.44059969,120.676808 31.44062638,120.6768133 31.44065305,120.6768186 31.44067973,120.6768239 31.4407064,120.676829 31.44073311,120.6768339 31.44075983,120.6768389 31.44078654,120.6768441 31.44081323,120.6768494 31.44083991,120.6768545 31.4408666,120.6768597 31.44089329,120.676865 31.44091997,120.6768696 31.44094672,120.6768749 31.44097339,120.6768801 31.44100009,120.6768853 31.44102677,120.6768903 31.44105348,120.6768958 31.44108013,120.6769006 31.44110685,120.6769059 31.44113352,120.6769111 31.44116021,120.6769165 31.44118688,120.6769217 31.44121356,120.6769268 31.44124027,120.6769319 31.44126695,120.676937 31.44129365,120.6769423 31.44132033,120.6769474 31.44134703,120.6769527 31.44137371,120.6769581 31.44140037,120.6769632 31.44142706,120.6769685 31.44145374,120.6769737 31.44148042,120.6769791 31.44150709,120.6769843 31.44153378,120.6769893 31.44156049,120.6769943 31.4415872,120.6769994 31.4416139,120.6770045 31.4416406,120.6770097 31.4416673,120.6770147 31.44169401,120.6770197 31.44172072,120.6770245 31.44174746,120.6770298 31.44177413,120.6770351 31.44180081,120.6770404 31.44182748,120.6770455 31.44185418,120.677051 31.44188083,120.6770562 31.4419075,120.6770616 31.44193417,120.6770668 31.44196085,120.6770721 31.44198753,120.6770774 31.4420142,120.6770823 31.44204092,120.6770878 31.44206756,120.677093 31.44209425,120.6770983 31.44212092,120.6771034 31.44214763,120.6771084 31.44217434,120.6771132 31.44220108,120.6771185 31.44222776,120.6771239 31.44225442,120.6771292 31.44228109,120.6771345 31.44230777,120.6771397 31.44233445,120.6771445 31.44236118,120.6771497 31.44238788,120.6771549 31.44241456,120.6771602 31.44244123,120.6771657 31.44246789,120.6771706 31.44249459,120.6771763 31.44252118,120.6771813 31.44254791,120.6771865 31.4425746,120.6771915 31.44260132,120.6771969 31.44262798,120.677202 31.44265467,120.6772069 31.4426814,120.6772125 31.44270801,120.6772175 31.44273472,120.6772227 31.44276141,120.6772279 31.44278809,120.6772332 31.44281476,120.6772387 31.44284141,120.6772438 31.44286812,120.6772491 31.44289478,120.6772544 31.44292145,120.6772597 31.44294812,120.6772648 31.44297481,120.6772701 31.44300149,120.6772753 31.44302817,120.6772806 31.44305485,120.6772858 31.44308153,120.6772912 31.44310819,120.6772964 31.44313489,120.677302 31.44316151,120.6773074 31.44318817,120.6773128 31.44321482,120.6773183 31.44324147,120.6773238 31.44326811,120.6773291 31.44329479,120.6773345 31.44332145,120.6773399 31.4433481,120.6773454 31.44337475,120.6773509 31.44340138,120.6773564 31.44342803,120.6773612 31.44345477,120.6773662 31.44348148,120.6773713 31.44350818,120.6773767 31.44353484,120.677382 31.44356151,120.677387 31.44358823,120.677392 31.44361494,120.677397 31.44364165,120.6774025 31.44366829,120.6774078 31.44369496,120.6774132 31.44372163,120.6774184 31.4437483,120.6774233 31.44377502,120.6774289 31.44380161,120.6774338 31.44382835,120.677439 31.44385504,120.6774437 31.4438818,120.6774491 31.44390845,120.6774546 31.4439351,120.6774599 31.44396177,120.6774653 31.44398843,120.6774708 31.44401508,120.6774759 31.44404177,120.6774809 31.44406849,120.677486 31.44409519,120.6774911 31.44412189,120.6774963 31.44414857,120.6775014 31.44417527,120.6775067 31.44420196,120.6775117 31.44422866,120.6775172 31.4442553,120.6775224 31.444282,120.6775274 31.4443087,120.6775326 31.4443354,120.6775377 31.4443621,120.6775428 31.4443888,120.6775482 31.44441546,120.6775535 31.44444212,120.6775586 31.44446882,120.6775636 31.44449554,120.6775688 31.44452223,120.6775743 31.44454887,120.6775797 31.44457553,120.6775851 31.44460219,120.6775899 31.44462894,120.6775949 31.44465565,120.6775999 31.44468237,120.6776052 31.44470903,120.6776104 31.44473572,120.6776158 31.44476238,120.6776209 31.44478908,120.6776259 31.44481579,120.677631 31.4448425,120.6776363 31.44486917,120.6776417 31.44489583,120.677647 31.44492249,120.6776523 31.44494917,120.6776578 31.4449758,120.6776628 31.44500251,120.677668 31.4450292,120.6776733 31.44505588,120.6776784 31.44508257,120.6776835 31.44510927,120.6776885 31.44513599,120.6776933 31.44516272,120.6776987 31.44518939,120.6777039 31.44521607,120.6777093 31.44524273,120.6777144 31.44526944,120.6777194 31.44529614,120.6777245 31.44532285,120.6777298 31.44534953,120.677735 31.4453762,120.6777402 31.4454029,120.6777454 31.44542959,120.6777509 31.44545622,120.6777557 31.44548294,120.6777612 31.44550958,120.6777666 31.44553624,120.6777725 31.44556282,120.6777779 31.44558948,120.6777832 31.44561616,120.6777882 31.44564287,120.6777932 31.44566959,120.6777982 31.4456963,120.6778033 31.44572301,120.6778086 31.44574966,120.6778135 31.44577638,120.6778187 31.44580308,120.6778238 31.44582978,120.6778289 31.44585648,120.6778338 31.44588321,120.6778392 31.44590986,120.6778442 31.44593656,120.6778493 31.44596326,120.677855 31.44598988,120.6778601 31.44601658,120.6778653 31.44604325,120.6778703 31.44606997,120.6778753 31.44609669,120.6778801 31.44612343,120.6778854 31.44615009,120.6778903 31.44617681,120.6778952 31.44620354,120.6779004 31.44623022,120.6779056 31.44625691,120.6779109 31.44628359,120.677916 31.44631028,120.6779213 31.44633695,120.6779264 31.44636366,120.6779315 31.44639035,120.6779365 31.44641707,120.6779417 31.44644376,120.6779467 31.44647046,120.6779519 31.44649716,120.6779572 31.44652383,120.6779624 31.44655051,120.6779679 31.44657715,120.6779734 31.4466038,120.6779786 31.44663048,120.6779839 31.44665715,120.677989 31.44668385,120.6779941 31.44671056,120.6779991 31.44673727,120.6780041 31.44676399,120.6780093 31.44679066,120.6780144 31.44681737,120.6780197 31.44684403,120.6780249 31.44687073,120.6780302 31.44689739,120.6780354 31.44692409,120.6780405 31.44695078,120.6780457 31.44697746,120.6780507 31.44700417,120.6780563 31.44703079,120.6780612 31.44705753,120.6780663 31.44708423,120.6780713 31.44711094,120.6780765 31.44713762,120.6780815 31.44716434,120.6780865 31.44719106,120.678091 31.44721783,120.6780956 31.44724461,120.6781007 31.44727129,120.678106 31.44729796,120.6781113 31.44732463,120.6781169 31.44735127,120.6781219 31.44737797,120.6781269 31.44740467,120.678132 31.44743139,120.6781367 31.44745809,120.6781424 31.4474846,120.6781489 31.44751107,120.6781553 31.44753754,120.6781621 31.44756402,120.6781683 31.44759037,120.6781744 31.44761666,120.6781812 31.44764297,120.6781856 31.44766939,120.6781909 31.44769649,120.6781971 31.44771782,120.6781985 31.44774324,120.6782007 31.44777168,120.6782098 31.44779786,120.678207 31.44781645,120.6782153 31.44784297,120.6782202 31.4478699,120.6782274 31.4478975,120.6782312 31.44792419,120.6782371 31.44795068,120.6782427 31.44797732,120.6782477 31.44800401,120.6782532 31.4480306,120.6782589 31.4480572,120.6782643 31.44808387,120.6782695 31.44811055,120.6782748 31.44813722,120.6782801 31.44816389,120.6782854 31.44819053,120.6782904 31.44821724,120.6782954 31.44824398,120.678301 31.44827059,120.6783063 31.44829725,120.6783119 31.44832388,120.6783174 31.44835052,120.6783228 31.44837717,120.6783281 31.44840385,120.6783338 31.44843046,120.6783392 31.44845712,120.6783455 31.44848362,120.6783515 31.44851016,120.6783578 31.44853667,120.678364 31.44856322,120.6783698 31.44858978,120.6783757 31.44861636,120.6783811 31.448643,120.6783862 31.44866973,120.6783917 31.44869634,120.6783972 31.44872289,120.6784024 31.44874947,120.6784081 31.44877609,120.678414 31.44880268,120.6784197 31.44882929,120.6784257 31.44885587,120.6784314 31.44888247,120.6784371 31.44890907,120.6784429 31.44893567,120.678449 31.4489622,120.6784546 31.44898882,120.6784607 31.44901537,120.6784668 31.44904191,120.6784729 31.44906846,120.6784791 31.449095,120.6784851 31.44912156,120.678491 31.44914813,120.678497 31.44917469,120.6785029 31.44920128,120.6785092 31.44922778,120.6785149 31.44925438,120.6785211 31.4492809,120.6785272 31.44930746,120.6785334 31.44933398,120.6785396 31.4493605,120.6785459 31.44938701,120.6785522 31.44941353,120.6785585 31.44944004,120.6785646 31.44946659,120.6785708 31.44949313,120.6785769 31.44951966,120.6785831 31.44954621,120.6785894 31.44957272,120.6785956 31.44959925,120.678602 31.44962574,120.6786085 31.44965221,120.6786147 31.44967873,120.6786216 31.44970512,120.6786281 31.4497316,120.6786344 31.4497581,120.6786409 31.44978457,120.6786477 31.44981098,120.678654 31.4498375,120.6786606 31.44986397,120.678667 31.44989045,120.6786741 31.44991676,120.67868 31.4499433,120.6786867 31.44996972,120.6786932 31.44999621,120.6786997 31.4500227,120.6787063 31.45004916,120.6787127 31.45007563,120.6787197 31.45010199,120.6787258 31.45012853,120.6787322 31.45015502,120.6787385 31.45018152,120.6787447 31.45020805,120.678751 31.45023456,120.6787573 31.45026109,120.6787638 31.45028755,120.6787703 31.45031402,120.6787769 31.45034047,120.6787836 31.45036692,120.6787904 31.45039333,120.6787971 31.45041977,120.678804 31.45044618,120.6788108 31.45047259,120.6788177 31.45049898,120.6788246 31.45052538,120.6788314 31.45055181,120.6788382 31.45057823,120.6788453 31.4506046,120.6788522 31.45063099,120.6788594 31.45065733,120.6788665 31.45068371,120.6788732 31.45071015,120.6788798 31.45073661,120.6788865 31.45076305,120.6788935 31.45078943,120.6789006 31.45081582,120.6789078 31.45084217,120.6789147 31.45086858,120.6789217 31.45089498,120.6789295 31.45092085,120.6789353 31.45094743,120.6789411 31.45097405,120.6789474 31.45100056,120.6789539 31.45102701,120.6789605 31.45105344,120.6789675 31.45107985,120.6789749 31.45110616,120.678982 31.4511325,120.6789888 31.45115889,120.6789962 31.45118516,120.6790036 31.45121139,120.6790103 31.45123782,120.6790179 31.45126411,120.6790245 31.45129048,120.6790323 31.45131666,120.6790397 31.45134292,120.6790464 31.45136936,120.679054 31.4513956,120.6790609 31.45142199,120.6790682 31.45144831,120.6790756 31.45147462,120.6790827 31.45150097,120.67909 31.45152731,120.6790974 31.45155361,120.6791045 31.45157998,120.6791122 31.45160621,120.6791191 31.45163258,120.6791268 31.45165881,120.6791344 31.45168505,120.6791415 31.45171138,120.6791492 31.45173762,120.6791568 31.45176386,120.6791642 31.45179017,120.6791717 31.45181644,120.6791795 31.45184265,120.6791872 31.4518689,120.679195 31.45189511,120.6792027 31.45192136,120.6792105 31.45194755,120.6792185 31.45197373,120.6792266 31.45199988,120.6792348 31.45202597,120.6792434 31.45205201,120.6792515 31.45207817,120.6792591 31.45210442,120.6792673 31.45213054,120.679275 31.45215677,120.6792828 31.452183,120.6792904 31.45220928,120.6792984 31.45223543,120.679306 31.45226166,120.6793132 31.45228786,120.6793217 31.4523139,120.6793294 31.45234014,120.6793373 31.45236633,120.679345 31.45239256,120.6793532 31.45241871,120.6793608 31.45244492,120.6793692 31.452471,120.6793768 31.45249727,120.6793845 31.4525235,120.6793922 31.45254973,120.6793998 31.45257599,120.6794069 31.45260232,120.6794151 31.45262842,120.6794225 31.45265472,120.6794304 31.45268092,120.6794382 31.45270712,120.6794467 31.45273321,120.6794543 31.45275944,120.6794617 31.45278571,120.679472 31.4528111,120.6794781 31.45283765,120.6794866 31.4528637,120.6794961 31.4528895,120.6795039 31.4529157,120.6795127 31.4529417,120.6795213 31.45296772,120.67953 31.45299375,120.6795386 31.45301977,120.6795472 31.4530458,120.6795558 31.45307183,120.6795646 31.45309783,)
64:LineString(120.6758643 31.43644899,120.67587 31.4364756,120.675876 31.43650215,120.6758819 31.43652874,120.6758874 31.43655538,120.675893 31.43658202,120.6758991 31.43660857,120.6759053 31.4366351,120.6759115 31.43666162,120.6759177 31.43668816,120.6759239 31.43671469,120.6759302 31.43674119,120.6759361 31.43676776,120.6759425 31.43679426,120.6759486 31.4368208,120.675955 31.43684731,120.6759609 31.43687388,120.6759669 31.43690044,120.675973 31.43692699,120.675979 31.43695356,120.675985 31.43698012,120.675991 31.43700668,120.6759972 31.4370332,120.6760029 31.43705981,120.676009 31.43708635,120.6760149 31.43711293,120.676021 31.43713947,120.6760269 31.43716606,120.6760328 31.43719263,120.6760387 31.43721922,120.6760445 31.4372458,120.6760504 31.43727239,120.6760562 31.43729898,120.6760622 31.43732554,120.676068 31.43735214,120.676074 31.43737871,120.6760798 31.4374053,120.6760857 31.43743188,120.6760915 31.43745847,120.6760972 31.43748508,120.6761033 31.43751164,120.6761089 31.43753826,120.6761146 31.43756486,120.6761205 31.43759145,120.6761262 31.43761806,120.6761319 31.43764467,120.6761377 31.43767128,120.6761433 31.4376979,120.676149 31.43772452,120.6761546 31.43775113,120.6761604 31.43777773,120.6761665 31.43780429,120.6761724 31.43783086,120.6761782 31.43785747,120.6761838 31.43788409,120.6761897 31.43791066,120.6761951 31.43793732,120.6762007 31.43796395,120.6762063 31.43799058,120.6762118 31.43801722,120.6762174 31.43804385,120.6762229 31.43807049,120.6762286 31.43809711,120.6762341 31.43812375,120.6762396 31.43815039,120.6762451 31.43817703,120.6762505 31.43820369,120.676256 31.43823033,120.6762614 31.43825699,120.6762668 31.43828366,120.6762724 31.43831028,120.6762779 31.43833692,120.6762833 31.43836357,120.6762887 31.43839024,120.6762941 31.43841689,120.6762995 31.43844355,120.6763048 31.43847023,120.6763102 31.43849689,120.6763155 31.43852355,120.6763208 31.43855023,120.6763261 31.4385769,120.6763313 31.43860358,120.6763368 31.43863023,120.676342 31.43865692,120.6763473 31.43868359,120.6763527 31.43871025,120.6763581 31.43873691,120.6763634 31.43876358,120.6763686 31.43879027,120.6763738 31.43881695,120.6763791 31.43884362,120.6763843 31.43887031,120.6763896 31.43889699,120.6763948 31.43892367,120.6764 31.43895036,120.6764052 31.43897705,120.6764105 31.43900372,120.6764156 31.43903041,120.6764211 31.43905707,120.6764261 31.43908377,120.6764313 31.43911046,120.6764365 31.43913715,120.6764416 31.43916386,120.6764468 31.43919053,120.6764519 31.43921724,120.6764572 31.43924392,120.6764625 31.43927059,120.6764677 31.43929727,120.676473 31.43932394,120.6764783 31.43935062,120.676484 31.43937723,120.6764894 31.43940389,120.6764947 31.43943056,120.6764999 31.43945725,120.676505 31.43948395,120.6765104 31.43951061,120.6765154 31.43953731,120.6765208 31.43956397,120.6765259 31.43959068,120.6765311 31.43961737,120.6765361 31.43964408,120.6765414 31.43967075,120.6765467 31.43969743,120.6765518 31.43972413,120.6765569 31.43975082,120.6765621 31.43977752,120.6765672 31.43980421,120.6765724 31.4398309,120.6765775 31.4398576,120.6765827 31.43988429,120.676588 31.43991097,120.6765934 31.43993763,120.6765988 31.43996428,120.676604 31.43999097,120.676609 31.44001769,120.6766145 31.44004432,120.6766194 31.44007105,120.6766245 31.44009775,120.6766296 31.44012445,120.6766348 31.44015115,120.6766399 31.44017784,120.6766451 31.44020453,120.6766503 31.44023122,120.6766556 31.44025789,120.6766607 31.44028459,120.6766658 31.44031129,120.6766709 31.44033799,120.6766761 31.44036467,120.6766813 31.44039137,120.6766867 31.44041803,120.6766919 31.44044472,120.6766971 31.4404714,120.6767023 31.44049809,120.6767075 31.44052478,120.6767126 31.44055147,120.6767181 31.44057812,120.6767233 31.44060481,120.6767286 31.44063148,120.6767339 31.44065815,120.6767391 31.44068484,120.6767443 31.44071151,120.6767496 31.4407382,120.6767551 31.44076484,120.6767602 31.44079153,120.6767654 31.44081822,120.6767705 31.44084492,120.6767757 31.44087162,120.6767808 31.44089831,120.6767861 31.44092499,120.6767913 31.44095167,120.6767965 31.44097836,120.6768017 31.44100505,120.6768069 31.44103173,120.6768121 31.44105842,120.6768172 31.44108512,120.6768229 31.44111172,120.6768282 31.4411384,120.6768334 31.44116508,120.6768385 31.44119178,120.6768438 31.44121846,120.6768491 31.44124514,120.6768544 31.4412718,120.6768597 31.44129847,120.6768649 31.44132517,120.67687 31.44135187,120.6768751 31.44137856,120.6768803 31.44140525,120.6768854 31.44143195,120.6768906 31.44145864,120.6768957 31.44148534,120.6769008 31.44151204,120.6769059 31.44153874,120.6769112 31.44156542,120.6769164 31.44159211,120.6769217 31.44161878,120.6769268 31.44164549,120.6769319 31.44167218,120.6769372 31.44169886,120.6769424 31.44172553,120.6769478 31.4417522,120.6769529 31.4417789,120.6769582 31.44180558,120.6769633 31.44183227,120.6769686 31.44185895,120.6769738 31.44188563,120.6769791 31.44191231,120.6769843 31.441939,120.6769895 31.44196569,120.6769946 31.44199238,120.6769998 31.44201907,120.677005 31.44204575,120.6770103 31.44207243,120.6770155 31.44209912,120.6770206 31.44212581,120.6770259 31.4421525,120.6770312 31.44217917,120.6770365 31.44220584,120.6770418 31.44223251,120.677047 31.4422592,120.6770521 31.4422859,120.6770574 31.44231257,120.6770625 31.44233927,120.6770679 31.44236593,120.6770731 31.44239261,120.6770784 31.44241929,120.6770836 31.44244598,120.6770888 31.44247266,120.677094 31.44249936,120.6770993 31.44252602,120.6771045 31.44255271,120.6771096 31.44257941,120.6771148 31.4426061,120.6771199 31.4426328,120.6771252 31.44265948,120.6771303 31.44268617,120.6771355 31.44271286,120.6771406 31.44273957,120.6771457 31.44276627,120.6771508 31.44279297,120.6771558 31.44281967,120.6771611 31.44284635,120.6771662 31.44287306,120.6771713 31.44289975,120.6771764 31.44292645,120.6771816 31.44295315,120.6771869 31.44297981,120.6771921 31.44300651,120.6771973 31.4430332,120.6772024 31.44305988,120.6772077 31.44308657,120.677213 31.44311323,120.6772182 31.44313992,120.6772238 31.44316655,120.6772289 31.44319324,120.6772341 31.44321993,120.6772394 31.44324661,120.6772445 31.44327331,120.6772499 31.44329996,120.6772549 31.44332668,120.67726 31.44335338,120.6772651 31.44338008,120.6772702 31.44340678,120.6772754 31.44343346,120.6772808 31.44346013,120.6772859 31.44348683,120.6772911 31.44351351,120.6772963 31.4435402,120.6773015 31.44356689,120.6773067 31.44359357,120.677312 31.44362025,120.6773173 31.44364691,120.6773225 31.44367361,120.6773276 31.4437003,120.6773328 31.44372699,120.677338 31.44375369,120.6773434 31.44378034,120.6773486 31.44380703,120.6773537 31.44383373,120.6773589 31.44386042,120.677364 31.44388711,120.6773693 31.44391379,120.6773743 31.4439405,120.6773797 31.44396716,120.6773848 31.44399386,120.67739 31.44402055,120.6773952 31.44404724,120.6774005 31.44407391,120.6774058 31.44410058,120.6774109 31.44412728,120.6774162 31.44415396,120.6774214 31.44418064,120.6774267 31.44420732,120.6774319 31.444234,120.6774372 31.44426068,120.6774423 31.44428737,120.6774475 31.44431406,120.6774527 31.44434075,120.6774579 31.44436743,120.6774632 31.44439411,120.6774682 31.44442082,120.6774734 31.44444752,120.6774785 31.44447422,120.6774836 31.44450091,120.6774889 31.44452758,120.6774939 31.4445543,120.6774991 31.44458099,120.6775043 31.44460767,120.6775097 31.44463433,120.677515 31.444661,120.6775204 31.44468765,120.6775255 31.44471435,120.6775308 31.44474103,120.677536 31.44476772,120.6775412 31.4447944,120.6775464 31.44482108,120.6775519 31.44484773,120.6775571 31.44487442,120.6775623 31.4449011,120.6775675 31.4449278,120.6775727 31.44495448,120.677578 31.44498116,120.6775831 31.44500785,120.6775883 31.44503454,120.6775935 31.44506123,120.6775986 31.44508793,120.6776039 31.44511461,120.6776091 31.44514129,120.6776144 31.44516796,120.6776196 31.44519465,120.6776248 31.44522134,120.6776299 31.44524803,120.6776352 31.44527471,120.6776405 31.44530138,120.6776459 31.44532805,120.677651 31.44535474,120.6776562 31.44538143,120.6776613 31.44540813,120.6776666 31.4454348,120.6776718 31.44546149,120.6776772 31.44548814,120.6776823 31.44551485,120.6776874 31.44554154,120.6776927 31.44556822,120.677698 31.44559489,120.6777033 31.44562157,120.6777086 31.44564824,120.6777137 31.44567493,120.677719 31.44570161,120.6777242 31.4457283,120.6777294 31.44575499,120.6777346 31.44578167,120.6777398 31.44580835,120.6777451 31.44583503,120.6777504 31.4458617,120.6777556 31.44588839,120.6777608 31.44591507,120.6777662 31.44594174,120.6777714 31.44596842,120.6777766 31.44599511,120.6777819 31.44602178,120.677787 31.44604848,120.6777922 31.44607516,120.6777974 31.44610186,120.6778025 31.44612855,120.6778077 31.44615525,120.6778128 31.44618194,120.6778179 31.44620864,120.6778231 31.44623533,120.6778283 31.44626202,120.6778334 31.44628872,120.6778386 31.44631541,120.6778438 31.44634209,120.6778491 31.44636876,120.6778544 31.44639544,120.6778596 31.44642213,120.6778647 31.44644882,120.67787 31.44647549,120.6778752 31.44650219,120.6778805 31.44652886,120.6778857 31.44655555,120.6778908 31.44658225,120.677896 31.44660894,120.6779011 31.44663563,120.6779064 31.4466623,120.6779116 31.446689,120.6779167 31.44671569,120.677922 31.44674237,120.6779271 31.44676907,120.6779324 31.44679575,120.6779375 31.44682245,120.6779426 31.44684914,120.6779478 31.44687583,120.677953 31.44690252,120.6779583 31.44692919,120.6779635 31.44695588,120.6779687 31.44698257,120.6779741 31.44700922,120.6779792 31.44703592,120.6779845 31.4470626,120.6779898 31.44708926,120.677995 31.44711595,120.6780004 31.44714262,120.6780059 31.44716926,120.6780113 31.44719591,120.6780166 31.44722258,120.678022 31.44724924,120.6780273 31.44727592,120.6780322 31.44730265,120.6780372 31.44732936,120.6780422 31.44735607,120.6780475 31.44738275,120.6780526 31.44740945,120.6780576 31.44743617,120.6780627 31.44746287,120.6780678 31.44748957,120.6780729 31.44751627,120.6780781 31.44754295,120.6780834 31.44756962,120.6780887 31.44759629,120.6780941 31.44762296,120.6780993 31.44764963,120.6781047 31.44767629,120.6781101 31.44770296,120.6781153 31.44772964,120.6781205 31.44775632,120.6781259 31.44778299,120.6781309 31.44780969,120.6781361 31.44783638,120.6781413 31.44786306,120.6781465 31.44788975,120.6781517 31.44791645,120.678157 31.44794311,120.6781622 31.4479698,120.6781674 31.44799648,120.6781726 31.44802317,120.6781778 31.44804985,120.678183 31.44807654,120.6781881 31.44810324,120.6781934 31.44812991,120.6781987 31.44815659,120.6782039 31.44818327,120.6782094 31.44820992,120.6782147 31.44823659,120.6782202 31.44826324,120.6782256 31.44828988,120.678231 31.44831654,120.6782367 31.44834317,120.6782422 31.4483698,120.6782479 31.44839641,120.6782534 31.44842306,120.6782588 31.44844971,120.6782645 31.44847631,120.6782699 31.44850297,120.6782755 31.4485296,120.6782811 31.44855622,120.6782867 31.44858286,120.6782925 31.44860945,120.6782983 31.44863605,120.678304 31.44866266,120.6783097 31.44868927,120.6783153 31.44871589,120.678321 31.44874251,120.6783267 31.44876912,120.6783324 31.44879574,120.6783381 31.44882234,120.6783438 31.44884896,120.6783496 31.44887556,120.6783554 31.44890215,120.6783611 31.44892876,120.678367 31.44895534,120.6783728 31.44898193,120.6783787 31.44900851,120.6783846 31.44903509,120.6783905 31.44906167,120.6783963 31.44908826,120.6784023 31.44911482,120.6784082 31.4491414,120.6784142 31.44916797,120.6784202 31.44919453,120.6784262 31.4492211,120.6784322 31.44924766,120.6784383 31.44927421,120.6784443 31.44930076,120.6784505 31.4493273,120.6784564 31.44935388,120.6784628 31.44938037,120.6784686 31.44940697,120.6784747 31.44943351,120.6784808 31.44946005,120.6784869 31.4494866,120.6784932 31.44951312,120.6784994 31.44953965,120.6785058 31.44956614,120.6785121 31.44959265,120.6785185 31.44961914,120.6785247 31.44964567,120.6785311 31.44967216,120.6785376 31.44969864,120.6785439 31.44972516,120.6785503 31.44975164,120.6785568 31.44977811,120.678563 31.44980465,120.6785694 31.44983114,120.6785758 31.44985763,120.6785821 31.44988415,120.6785886 31.44991063,120.678595 31.44993712,120.6786015 31.44996358,120.678608 31.44999007,120.6786145 31.45001655,120.6786209 31.45004304,120.6786274 31.45006951,120.6786338 31.45009601,120.6786404 31.45012247,120.6786467 31.45014898,120.6786534 31.45017543,120.6786598 31.45020192,120.6786665 31.45022836,120.6786732 31.45025479,120.6786797 31.45028127,120.6786863 31.45030773,120.6786929 31.45033418,120.6786996 31.45036063,120.6787062 31.45038709,120.6787128 31.45041355,120.6787195 31.45043997,120.6787261 31.45046643,120.6787327 31.45049289,120.6787395 31.45051932,120.6787461 31.45054577,120.6787529 31.45057219,120.6787597 31.45059862,120.6787666 31.45062503,120.6787734 31.45065144,120.6787803 31.45067784,120.6787871 31.45070427,120.6787942 31.45073063,120.6788012 31.45075701,120.6788083 31.45078337,120.6788154 31.45080973,120.6788223 31.45083613,120.6788294 31.4508625,120.6788365 31.45088886,120.6788436 31.45091522,120.6788506 31.4509416,120.6788577 31.45096796,120.6788647 31.45099436,120.6788719 31.45102069,120.678879 31.45104705,120.6788863 31.45107338,120.6788932 31.45109978,120.6789005 31.45112611,120.6789077 31.45115246,120.6789149 31.4511788,120.678922 31.45120516,120.6789293 31.45123147,120.6789363 31.45125784,120.6789436 31.45128416,120.6789508 31.45131052,120.6789582 31.45133682,120.6789653 31.45136318,120.6789726 31.45138949,120.67898 31.45141581,120.6789873 31.45144214,120.6789946 31.45146844,120.6790018 31.45149479,120.6790092 31.4515211,120.6790166 31.45154741,120.679024 31.45157369,120.6790314 31.4516,120.6790387 31.45162632,120.6790462 31.4516526,120.6790537 31.4516789,120.6790611 31.4517052,120.6790685 31.45173149,120.679076 31.45175778,120.6790835 31.45178405,120.679091 31.45181033,120.6790986 31.45183659,120.6791062 31.45186285,120.679114 31.45188908,120.6791217 31.45191533,120.6791296 31.4519415,120.6791377 31.45196766,120.6791457 31.45199384,120.6791537 31.45202,120.6791619 31.45204612,120.67917 31.45207228,120.679178 31.45209844,120.679186 31.45212462,120.679194 31.45215078,120.6792016 31.45217706,120.6792098 31.45220312,120.6792169 31.45222942,120.679225 31.45225554,120.6792327 31.45228179,120.6792406 31.45230797,120.6792485 31.45233415,120.6792568 31.45236023,120.6792651 31.45238635,120.6792733 31.45241247,120.6792815 31.45243861,120.6792895 31.45246475,120.679298 31.45249082,120.679306 31.45251699,120.6793144 31.45254304,120.6793223 31.45256925,120.6793305 31.4525954,120.6793381 31.45262166,120.679346 31.45264784,120.6793535 31.45267413,120.6793611 31.45270037,120.6793689 31.45272659,120.6793771 31.45275272,120.6793849 31.45277895,120.6793931 31.45280506,120.6794014 31.45283116,120.6794099 31.45285719,120.6794177 31.45288341,)
65:LineString(120.6759319 31.43658198,120.6759383 31.43660849,120.6759445 31.43663501,120.6759508 31.43666153,120.675957 31.43668805,120.6759633 31.43671456,120.6759695 31.43674109,120.6759757 31.43676762,120.6759819 31.43679415,120.6759881 31.43682068,120.6759942 31.43684722,120.6760003 31.43687377,120.6760063 31.43690033,120.6760123 31.43692689,120.6760183 31.43695346,120.6760243 31.43698003,120.6760303 31.43700659,120.6760361 31.43703318,120.6760421 31.43705974,120.6760481 31.43708631,120.676054 31.43711289,120.6760601 31.43713943,120.6760662 31.43716599,120.6760723 31.43719254,120.6760781 31.43721913,120.676084 31.4372457,120.6760899 31.43727228,120.6760958 31.43729887,120.6761017 31.43732544,120.6761076 31.43735203,120.6761135 31.43737861,120.6761192 31.43740522,120.6761251 31.43743179,120.6761309 31.4374584,120.6761367 31.43748499,120.6761425 31.43751159,120.6761483 31.43753818,120.6761544 31.43756473,120.6761603 31.4375913,120.6761661 31.4376179,120.6761718 31.43764452,120.6761778 31.43767108,120.6761833 31.43769772,120.6761889 31.43772434,120.6761946 31.43775096,120.6762003 31.43777757,120.6762062 31.43780416,120.6762119 31.43783077,120.6762175 31.43785739,120.6762233 31.43788399,120.6762289 31.43791062,120.6762347 31.43793722,120.6762404 31.43796383,120.6762461 31.43799044,120.6762517 31.43801707,120.6762573 31.43804369,120.6762629 31.43807033,120.6762684 31.43809696,120.676274 31.43812358,120.6762794 31.43815024,120.6762849 31.43817689,120.6762903 31.43820355,120.6762958 31.4382302,120.6763012 31.43825685,120.6763064 31.43828353,120.676312 31.43831016,120.6763176 31.43833679,120.676323 31.43836344,120.6763285 31.43839009,120.6763337 31.43841678,120.6763393 31.43844341,120.6763446 31.43847008,120.6763501 31.43849672,120.6763556 31.43852337,120.6763609 31.43855004,120.6763663 31.4385767,120.6763715 31.43860338,120.6763771 31.43863,120.6763823 31.4386567,120.6763876 31.43868337,120.676393 31.43871003,120.6763984 31.43873668,120.6764036 31.43876337,120.6764089 31.43879004,120.676414 31.43881674,120.6764193 31.43884341,120.6764245 31.4388701,120.6764298 31.43889678,120.6764351 31.43892346,120.6764403 31.43895014,120.6764456 31.43897681,120.6764508 31.4390035,120.6764561 31.43903016,120.6764615 31.43905682,120.6764667 31.43908351,120.6764719 31.4391102,120.6764771 31.43913689,120.6764823 31.43916357,120.6764877 31.43919023,120.6764928 31.43921693,120.6764981 31.4392436,120.6765035 31.43927027,120.6765088 31.43929694,120.676514 31.43932362,120.6765192 31.43935031,120.6765245 31.43937697,120.6765294 31.4394037,120.6765346 31.43943039,120.6765396 31.43945711,120.6765449 31.43948378,120.6765502 31.43951045,120.6765557 31.4395371,120.6765609 31.43956378,120.6765662 31.43959044,120.6765714 31.43961714,120.6765767 31.43964381,120.6765822 31.43967046,120.6765873 31.43969716,120.6765927 31.4397238,120.6765977 31.43975051,120.676603 31.4397772,120.676608 31.43980391,120.6766133 31.43983058,120.6766183 31.4398573,120.6766236 31.43988397,120.6766289 31.43991065,120.6766342 31.43993731,120.6766396 31.43996397,120.6766446 31.43999068,120.6766501 31.44001732,120.6766551 31.44004404,120.6766603 31.44007073,120.6766655 31.44009741,120.6766707 31.4401241,120.6766759 31.4401508,120.676681 31.44017749,120.6766862 31.44020418,120.6766912 31.44023089,120.6766965 31.44025756,120.6767015 31.44028427,120.6767066 31.44031097,120.6767116 31.44033769,120.6767168 31.44036438,120.6767219 31.44039108,120.6767269 31.44041779,120.6767321 31.44044448,120.6767373 31.44047117,120.6767425 31.44049785,120.6767477 31.44052454,120.6767528 31.44055124,120.6767582 31.4405779,120.6767634 31.44060459,120.6767687 31.44063127,120.6767739 31.44065795,120.6767791 31.44068464,120.6767844 31.44071131,120.6767896 31.440738,120.6767949 31.44076467,120.6768001 31.44079136,120.6768052 31.44081805,120.6768104 31.44084475,120.6768155 31.44087145,120.6768206 31.44089814,120.6768257 31.44092484,120.6768309 31.44095154,120.676836 31.44097824,120.6768411 31.44100493,120.6768463 31.44103162,120.6768514 31.44105832,120.6768566 31.44108501,120.6768621 31.44111166,120.6768672 31.44113835,120.6768724 31.44116504,120.6768775 31.44119174,120.6768828 31.44121842,120.676888 31.44124511,120.6768933 31.44127178,120.6768984 31.44129847,120.6769036 31.44132517,120.6769087 31.44135187,120.6769138 31.44137857,120.6769191 31.44140524,120.6769245 31.4414319,120.6769296 31.4414586,120.6769348 31.44148529,120.6769399 31.44151199,120.6769452 31.44153866,120.6769502 31.44156537,120.6769557 31.44159201,120.6769607 31.44161873,120.6769658 31.44164542,120.676971 31.44167212,120.6769761 31.44169881,120.6769813 31.4417255,120.6769864 31.44175219,120.6769916 31.44177888,120.6769968 31.44180557,120.677002 31.44183226,120.6770073 31.44185894,120.6770127 31.4418856,120.6770179 31.44191227,120.6770232 31.44193896,120.6770284 31.44196564,120.6770336 31.44199233,120.6770387 31.44201903,120.6770441 31.44204568,120.6770492 31.44207238,120.6770544 31.44209907,120.6770596 31.44212576,120.6770647 31.44215246,120.6770699 31.44217914,120.677075 31.44220584,120.6770803 31.44223251,120.6770855 31.4422592,120.6770906 31.44228591,120.6770958 31.44231259,120.6771011 31.44233926,120.6771064 31.44236594,120.6771117 31.4423926,120.677117 31.44241929,120.6771222 31.44244598,120.6771274 31.44247266,120.6771325 31.44249935,120.677138 31.442526,120.6771431 31.44255271,120.6771482 31.4425794,120.6771533 31.4426061,120.6771585 31.44263278,120.6771638 31.44265946,120.677169 31.44268615,120.6771741 31.44271286,120.6771792 31.44273956,120.6771843 31.44276625,120.6771896 31.44279292,120.6771949 31.44281961,120.6772003 31.44284626,120.6772055 31.44287295,120.6772107 31.44289964,120.6772158 31.44292634,120.6772209 31.44295303,120.6772267 31.44297962,120.6772319 31.44300632,120.677237 31.44303301,120.6772423 31.44305969,120.6772474 31.44308639,120.6772528 31.44311305,120.6772577 31.44313978,120.6772632 31.4431664,120.6772684 31.4431931,120.6772736 31.44321979,120.6772786 31.44324649,120.6772839 31.44327317,120.677289 31.44329987,120.6772944 31.44332652,120.6772998 31.44335319,120.677305 31.44337987,120.6773103 31.44340655,120.6773157 31.4434332,120.677321 31.44345988,120.6773265 31.4434865,120.6773316 31.44351322,120.6773367 31.44353991,120.6773419 31.4435666,120.677347 31.4435933,120.6773523 31.44361997,120.6773575 31.44364667,120.6773627 31.44367336,120.6773678 31.44370005,120.677373 31.44372674,120.6773782 31.44375343,120.6773834 31.44378012,120.6773886 31.4438068,120.6773938 31.44383349,120.677399 31.44386018,120.6774042 31.44388686,120.6774094 31.44391355,120.6774149 31.4439402,120.67742 31.4439669,120.6774251 31.44399359,120.6774303 31.44402028,120.6774355 31.44404697,120.6774406 31.44407366,120.6774459 31.44410034,120.6774511 31.44412704,120.6774562 31.44415373,120.6774614 31.44418041,120.6774666 31.4442071,120.6774719 31.44423377,120.6774771 31.44426047,120.6774823 31.44428716,120.6774875 31.44431384,120.6774929 31.4443405,120.6774983 31.44436715,120.6775036 31.44439383,120.6775087 31.44442053,120.6775138 31.44444722,120.6775191 31.44447391,120.6775243 31.44450059,120.6775296 31.44452727,120.6775347 31.44455396,120.6775398 31.44458066,120.6775451 31.44460735,120.6775503 31.44463402,120.6775555 31.44466071,120.6775608 31.44468738,120.6775659 31.44471408,120.677571 31.44474078,120.6775763 31.44476746,120.6775814 31.44479416,120.6775867 31.44482083,120.6775918 31.44484753,120.677597 31.44487421,120.6776023 31.44490089,120.6776075 31.44492758,120.6776127 31.44495427,120.6776179 31.44498095,120.6776232 31.44500763,120.6776283 31.44503432,120.6776335 31.44506101,120.6776387 31.44508771,120.677644 31.44511438,120.6776492 31.44514107,120.6776545 31.44516773,120.6776597 31.44519442,120.6776648 31.44522112,120.67767 31.4452478,120.6776752 31.44527449,120.6776804 31.44530118,120.6776857 31.44532786,120.6776908 31.44535455,120.677696 31.44538125,120.6777012 31.44540793,120.6777064 31.44543462,120.6777116 31.44546131,120.6777168 31.445488,120.6777219 31.44551469,120.6777271 31.44554138,120.6777324 31.44556805,120.6777377 31.44559473,120.6777429 31.44562142,120.677748 31.44564811,120.6777532 31.4456748,120.6777585 31.44570147,120.6777637 31.44572816,120.6777689 31.44575485,120.6777741 31.44578153,120.6777792 31.44580824,120.6777843 31.44583493,120.6777895 31.44586163,120.6777946 31.44588832,120.6777999 31.44591499,120.6778052 31.44594167,120.6778103 31.44596836,120.6778157 31.44599502,120.6778208 31.44602173,120.677826 31.44604841,120.6778312 31.4460751,120.6778364 31.44610179,120.6778415 31.44612849,120.6778468 31.44615517,120.6778518 31.44618188,120.677857 31.44620856,120.6778622 31.44623525,120.6778673 31.44626195,120.6778725 31.44628864,120.6778777 31.44631533,120.6778829 31.44634201,120.6778881 31.4463687,120.6778933 31.44639538,120.6778986 31.44642206,120.6779037 31.44644876,120.6779088 31.44647545,120.677914 31.44650215,120.6779192 31.44652883,120.6779243 31.44655553,120.6779296 31.44658221,120.6779348 31.4466089,120.6779399 31.44663559,120.6779451 31.44666228,120.6779503 31.44668898,120.6779554 31.44671567,120.6779605 31.44674237,120.6779658 31.44676905,120.677971 31.44679574,120.6779761 31.44682244,120.6779813 31.44684912,120.6779865 31.44687581,120.6779917 31.4469025,120.6779969 31.44692918,120.6780021 31.44695586,120.6780074 31.44698253,120.6780127 31.44700921,120.6780181 31.44703588,120.6780233 31.44706256,120.6780286 31.44708923,120.6780338 31.44711591,120.678039 31.4471426,120.6780441 31.4471693,120.6780492 31.44719601,120.6780543 31.44722272,120.6780595 31.4472494,120.6780647 31.44727608,120.67807 31.44730275,120.6780754 31.44732942,120.6780806 31.4473561,120.6780858 31.44738279,120.678091 31.44740948,120.6780962 31.44743617,120.6781013 31.44746286,120.6781064 31.44748955,120.6781119 31.44751619,120.678117 31.4475429,120.6781223 31.44756957,120.6781276 31.44759623,120.6781329 31.44762291,120.678138 31.4476496,120.6781433 31.44767627,120.6781487 31.44770292,120.6781539 31.44772961,120.6781592 31.44775629,120.6781644 31.44778297,120.6781698 31.44780963,120.6781752 31.44783629,120.6781806 31.44786295,120.678186 31.44788961,120.6781912 31.44791629,120.6781965 31.44794296,120.6782018 31.44796964,120.6782071 31.44799631,120.6782122 31.44802301,120.6782175 31.44804968,120.6782229 31.44807635,120.6782281 31.44810302,120.6782335 31.44812968,120.6782389 31.44815635,120.6782442 31.44818302,120.6782496 31.44820968,120.6782549 31.44823635,120.6782603 31.44826301,120.6782656 31.44828967,120.6782711 31.44831631,120.6782765 31.44834297,120.6782818 31.44836963,120.6782874 31.44839626,120.678293 31.44842289,120.6782985 31.44844954,120.6783042 31.44847615,120.6783098 31.44850278,120.6783154 31.44852939,120.6783211 31.448556,120.6783268 31.44858262,120.6783325 31.44860923,120.6783384 31.44863581,120.6783441 31.44866242,120.6783499 31.44868902,120.6783556 31.44871563,120.6783613 31.44874225,120.6783669 31.44876887,120.6783726 31.44879548,120.6783784 31.44882208,120.6783841 31.44884869,120.6783899 31.44887528,120.6783957 31.44890187,120.6784015 31.44892847,120.6784073 31.44895507,120.6784133 31.44898164,120.6784193 31.44900821,120.6784251 31.44903479,120.6784312 31.44906133,120.678437 31.44908793,120.6784431 31.44911449,120.6784489 31.44914107,120.678455 31.44916763,120.678461 31.44919419,120.678467 31.44922075,120.678473 31.44924731,120.6784791 31.44927386,120.6784851 31.44930042,120.6784912 31.44932697,120.6784972 31.44935353,120.6785035 31.44938004,120.6785096 31.44940659,120.6785159 31.4494331,120.6785222 31.4494596,120.6785284 31.44948614,120.6785347 31.44951266,120.6785406 31.44953923,120.6785468 31.44956575,120.6785532 31.44959225,120.6785593 31.4496188,120.6785658 31.44964527,120.6785722 31.44967177,120.6785787 31.44969825,120.6785851 31.44972473,120.6785915 31.44975124,120.6785979 31.44977774,120.6786043 31.44980422,120.6786108 31.44983071,120.6786171 31.4498572,120.6786236 31.4498837,120.67863 31.44991019,120.6786364 31.44993668,120.6786428 31.44996317,120.6786492 31.44998967,120.6786556 31.45001616,120.6786621 31.45004264,120.6786685 31.45006914,120.6786749 31.45009562,120.6786814 31.4501221,120.6786878 31.45014859,120.6786942 31.45017509,120.6787007 31.45020156,120.6787072 31.45022804,120.6787139 31.4502545,120.6787203 31.45028098,120.678727 31.45030742,120.6787336 31.45033388,120.6787404 31.4503603,120.678747 31.45038676,120.6787537 31.4504132,120.6787603 31.45043966,120.678767 31.45046609,120.6787738 31.45049252,120.6787805 31.45051896,120.6787872 31.4505454,120.678794 31.45057182,120.6788008 31.45059824,120.6788075 31.45062467,120.6788144 31.45065109,120.6788212 31.4506775,120.678828 31.45070392,120.678835 31.4507303,120.6788419 31.4507567,120.6788489 31.45078309,120.6788559 31.45080947,120.6788629 31.45083586,120.6788699 31.45086224,120.6788768 31.45088863,120.678884 31.45091498,120.6788909 31.45094139,120.6788979 31.45096776,120.6789049 31.45099414,120.6789119 31.45102053,120.6789189 31.45104692,120.6789261 31.45107327,120.678933 31.45109966,120.6789401 31.45112602,120.6789473 31.45115236,120.6789544 31.45117872,120.6789615 31.45120509,120.6789687 31.45123143,120.6789758 31.45125779,120.678983 31.45128413,120.6789903 31.45131047,120.6789975 31.45133681,120.6790046 31.45136316,120.679012 31.45138947,120.6790193 31.45141581,120.6790267 31.45144211,120.679034 31.45146843,120.6790412 31.45149476,120.6790486 31.45152107,120.679056 31.45154738,120.6790634 31.45157367,120.6790708 31.45159999,120.679078 31.45162631,120.6790856 31.45165258,120.679093 31.45167889,120.6791006 31.45170514,120.6791081 31.45173143,120.6791155 31.45175773,120.679123 31.45178401,120.6791306 31.45181028,120.6791382 31.45183653,120.6791458 31.45186279,120.6791537 31.45188898,120.6791614 31.4519152,120.6791695 31.45194136,120.6791776 31.45196752,120.6791857 31.45199365,120.679194 31.45201976,120.6792019 31.45204595,120.6792098 31.45207213,120.6792179 31.45209828,120.6792255 31.45212453,120.6792336 31.45215067,120.679241 31.45217699,120.6792491 31.4522031,120.6792563 31.45222942,120.6792642 31.45225561,120.6792719 31.45228185,120.6792792 31.45230811,120.6792878 31.45233409,120.6792952 31.45236041,120.6793032 31.45238656,120.6793111 31.45241278,120.6793187 31.45243901,120.6793275 31.45246497,120.6793354 31.45249119,120.6793433 31.45251736,120.6793515 31.45254349,120.6793589 31.4525698,120.6793668 31.45259599,120.6793746 31.4526222,120.6793824 31.45264843,120.6793901 31.45267466,120.6793979 31.45270087,120.6794057 31.45272709,120.6794138 31.45275327,120.6794215 31.45277946,120.6794297 31.45280556,120.6794375 31.45283179,120.6794451 31.45285806,120.679453 31.45288418,120.6794599 31.4529106,120.6794678 31.45293678,120.6794749 31.45296309,120.6794825 31.45298936,120.6794895 31.45301579,120.6794981 31.45304168,120.6795035 31.45306815,120.6795114 31.45309434,120.6795198 31.45312042,120.6795271 31.45314674,120.6795336 31.45317318,120.679541 31.45319948,)
66:LineString(120.6793156 31.45216181,120.6793233 31.45218805,120.6793312 31.45221425,120.6793392 31.45224042,120.6793472 31.45226658,120.6793552 31.45229278,120.6793631 31.45231896,120.6793711 31.45234514,120.679379 31.45237132,120.6793871 31.45239749,120.6793951 31.45242365,120.6794032 31.45244979,120.6794112 31.45247596,120.6794192 31.45250213,120.6794268 31.4525284,120.6794348 31.45255458,120.6794425 31.45258082,120.6794499 31.45260711,120.6794576 31.45263335,120.6794656 31.45265947,120.6794729 31.45268574,120.6794811 31.45271185,120.6794894 31.45273797,120.6794976 31.45276405,120.6795059 31.45279009,120.6795148 31.452816,120.6795231 31.45284212,120.6795319 31.4528681,120.67954 31.45289425,120.6795488 31.45292024,120.6795569 31.45294638,120.6795662 31.45297222,120.6795745 31.45299833,120.6795824 31.45302445,120.679592 31.45305013,120.6795999 31.45307629,120.6796093 31.45310214,120.6796179 31.45312817,120.6796269 31.4531541,120.6796354 31.45318014,120.6796445 31.45320605,120.6796534 31.45323199,120.6796623 31.45325791,120.6796714 31.45328381,120.67968 31.45330984,120.6796885 31.45333588,120.6796973 31.45336187,120.6797059 31.45338789,120.6797148 31.45341387,120.6797234 31.45343989,120.6797322 31.45346588,120.6797411 31.45349184,120.6797497 31.45351787,120.6797585 31.45354384,120.679767 31.45356991,120.6797757 31.45359592,120.6797844 31.45362193,120.6797929 31.45364797,120.6798015 31.453674,120.6798102 31.45370001,120.6798188 31.45372605,120.6798274 31.45375207,120.6798362 31.45377807,120.6798448 31.4538041,120.6798535 31.45383012,120.6798623 31.4538561,120.6798712 31.45388206,120.67988 31.45390803,120.6798887 31.45393404,120.6798976 31.45395999,120.6799063 31.45398599,120.6799157 31.45401183,120.6799243 31.45403787,120.6799335 31.45406373,120.6799423 31.45408972,120.6799512 31.45411566,120.6799602 31.45414159,120.6799692 31.45416753,120.6799779 31.45419354,120.6799873 31.45421934,120.6799957 31.45424543,120.6800047 31.45427136,120.6800137 31.45429729,120.6800226 31.45432325,120.6800315 31.45434923,120.6800407 31.4543751,120.6800496 31.45440105,120.6800588 31.45442693,120.6800678 31.45445287,120.6800768 31.4544788,120.6800861 31.45450466,120.6800951 31.4545306,120.6801044 31.45455645,120.6801135 31.45458235,120.6801227 31.45460825,120.6801318 31.45463415,120.6801411 31.45466001,120.6801503 31.45468589,120.6801596 31.45471175,120.6801689 31.4547376,120.6801782 31.45476346,120.6801876 31.45478928,120.680197 31.45481511,120.6802064 31.45484092,120.6802156 31.45486681,120.680225 31.45489264,120.6802343 31.45491849,120.6802438 31.4549443,120.680253 31.45497017,120.6802624 31.45499601,120.6802717 31.45502186,120.6802812 31.45504768,120.6802906 31.45507349,120.6803001 31.4550993,120.6803094 31.45512515,120.6803189 31.45515096,120.6803285 31.45517674,120.6803378 31.4552026,120.6803471 31.45522845,120.680356 31.45525443,120.6803658 31.45528012,120.6803751 31.45530598,120.6803848 31.45533169,120.6803944 31.45535747,120.6804043 31.45538316,120.6804141 31.45540887,120.680424 31.45543454,120.6804339 31.45546024,120.6804431 31.45548608,120.6804534 31.45551146,120.680463 31.45553722,120.6804723 31.45556301,120.6804823 31.45558866,120.6804918 31.45561448,120.6805016 31.45564018,120.6805113 31.45566595,120.6805213 31.4556916,120.6805312 31.45571731,120.6805411 31.45574297,120.6805515 31.4557685,120.6805616 31.45579416,120.6805715 31.45581984,120.6805817 31.45584541,120.6805916 31.45587112,120.6806018 31.4558967,120.6806115 31.45592247,120.6806219 31.45594803,120.680633 31.45597334,)
67:LineString(120.6794793 31.45257214,120.6794873 31.4525983,120.6794952 31.4526245,120.6795027 31.45265077,120.6795102 31.45267705,120.679518 31.45270328,120.679526 31.45272945,120.6795341 31.4527556,120.6795423 31.45278173,120.6795506 31.45280785,120.6795588 31.45283395,120.6795674 31.45286002,120.6795759 31.4528861,120.6795838 31.45291222,120.679593 31.45293796,120.6796012 31.45296408,120.6796095 31.4529902,120.6796179 31.45301627,120.6796264 31.45304233,120.6796353 31.45306829,120.679644 31.45309428,120.6796529 31.45312025,120.6796613 31.45314629,120.6796708 31.4531721,120.6796796 31.45319808,120.6796887 31.45322395,120.6796976 31.45324987,120.6797068 31.45327575,120.6797164 31.45330141,120.6797231 31.45332781,120.6797324 31.45335366,120.6797416 31.45337955,120.6797506 31.4534055,120.6797598 31.45343136,120.6797688 31.4534573,120.6797773 31.45348335,120.6797861 31.45350932,120.6797944 31.45353542,120.6798031 31.45356143,120.6798115 31.45358749,120.6798203 31.45361346,120.6798293 31.45363941,120.6798379 31.45366539,120.6798469 31.45369132,120.6798554 31.45371737,120.679864 31.4537434,120.6798726 31.45376943,120.6798812 31.45379546,120.67989 31.45382146,120.6798987 31.45384748,120.6799079 31.45387331,120.6799165 31.45389935,120.679925 31.45392519,120.679934 31.4539511,120.6799438 31.45397671,120.6799515 31.45400288,120.6799606 31.4540288,120.6799697 31.4540547,120.6799783 31.45408071,120.6799875 31.45410659,120.6799964 31.45413255,120.6800054 31.45415848,120.6800142 31.45418447,120.6800232 31.45421039,120.680032 31.45423637,120.6800409 31.45426234,120.6800501 31.4542882,120.6800587 31.45431423,120.6800681 31.45434007,120.6800771 31.454366,120.6800861 31.45439192,120.6800955 31.45441775,120.6801042 31.45444375,120.6801133 31.45446965,120.6801226 31.4544955,120.6801316 31.45452142,120.6801406 31.45454735,120.6801498 31.45457324,120.6801589 31.45459914,120.680168 31.45462505,120.6801774 31.45465088,120.6801866 31.45467677,120.680196 31.45470258,120.6802053 31.45472846,120.6802148 31.45475426,120.680224 31.45478012,120.6802336 31.4548059,120.6802428 31.45483177,120.6802523 31.45485758,120.6802612 31.45488352,120.6802704 31.4549094,120.6802796 31.45493528,120.6802889 31.45496115,120.6802983 31.45498698,120.6803077 31.45501281,120.6803172 31.45503861,120.6803267 31.45506442,120.6803361 31.45509024,120.6803455 31.45511606,120.6803548 31.45514191,120.6803643 31.4551677,120.6803736 31.45519356,120.6803829 31.45521941,120.6803924 31.4552452,120.680402 31.455271,120.6804114 31.45529682,120.6804209 31.45532261,120.6804306 31.45534837,120.6804404 31.45537409,120.6804504 31.45539977,120.6804598 31.45542555,120.68047 31.45545113,120.6804795 31.45547693,120.6804894 31.45550262,120.6804989 31.45552839,120.6805089 31.45555404,120.6805186 31.45557979,120.6805281 31.45560563,120.6805383 31.45563118,120.6805475 31.45565697,120.6805578 31.45568256,120.6805676 31.45570827,120.6805777 31.45573389,120.6805879 31.45575951,120.680598 31.45578515,120.6806081 31.45581076,120.6806182 31.45583641,120.6806279 31.45586213,120.6806386 31.45588759,120.6806487 31.4559132,120.6806592 31.45593874,120.680668 31.45596473,)
68:LineString(120.6796332 31.45329276,120.6796418 31.45331878,120.6796505 31.4533448,120.6796592 31.4533708,120.679668 31.4533968,120.6796766 31.45342281,120.6796853 31.45344884,120.6796939 31.45347487,120.6797025 31.4535009,120.6797112 31.45352691,120.67972 31.4535529,120.6797287 31.4535789,120.6797376 31.45360487,120.6797464 31.45363085,120.6797552 31.45365683,120.6797642 31.45368276,120.6797731 31.45370873,120.6797818 31.45373473,120.6797904 31.45376076,120.6797989 31.45378681,120.6798074 31.45381286,120.6798159 31.45383894,120.6798244 31.45386498,120.679833 31.45389103,120.6798415 31.45391708,120.6798503 31.45394306,120.6798588 31.4539691,120.6798677 31.45399506,120.6798764 31.45402108,120.6798854 31.454047,120.6798943 31.45407298,120.6799033 31.4540989,120.6799122 31.45412485,120.6799212 31.45415078,120.6799302 31.45417672,120.6799391 31.45420269,120.679948 31.45422864,120.6799569 31.4542546,120.6799657 31.45428058,120.6799747 31.45430651,120.6799836 31.45433247,120.6799926 31.4543584,120.6800016 31.45438432,120.6800107 31.45441025,120.6800198 31.45443616,120.6800288 31.45446207,120.680038 31.45448798,120.6800471 31.45451387,120.6800561 31.4545398,120.6800653 31.45456568,120.6800743 31.45459161,120.6800836 31.45461748,120.6800928 31.45464336,120.6801021 31.4546692,120.6801115 31.45469505,120.6801208 31.45472089,120.6801301 31.45474674,120.6801394 31.45477261,120.6801487 31.45479846,120.6801581 31.45482428,120.6801674 31.45485014,120.6801769 31.45487593,120.6801863 31.45490178,120.6801957 31.4549276,120.6802052 31.4549534,120.6802146 31.45497922,120.680224 31.45500506,120.6802334 31.45503089,120.6802429 31.45505668,120.6802523 31.45508251,120.6802619 31.45510829,120.6802714 31.45513408,120.680281 31.45515985,120.6802906 31.45518564,120.6803 31.45521147,120.6803092 31.45523734,120.6803186 31.45526319,120.6803282 31.45528895,120.6803376 31.45531478,120.6803469 31.45534063,120.6803561 31.45536652,120.680365 31.45539249,120.6803738 31.45541848,120.6803821 31.45544459,120.6803903 31.45547072,120.6803984 31.45549689,120.6804059 31.45552314,120.6804139 31.4555493,120.6804215 31.45557555,120.6804286 31.4556019,120.6804359 31.4556282,120.6804426 31.45565465,120.6804492 31.45568113,120.6804568 31.45570738,120.6804651 31.45573343,120.6804745 31.45575927,120.6804832 31.45578526,120.6804931 31.45581096,120.6805012 31.45583679,120.6805113 31.45586235,120.6805208 31.45588791,120.6805296 31.45591611,120.6805393 31.45593811,120.6805449 31.45596353,120.680553 31.45598916,)
69:LineString(120.6796205 31.45329597,120.6796284 31.45332216,120.6796365 31.45334832,120.6796447 31.45337444,120.6796528 31.4534006,120.6796607 31.45342678,120.6796687 31.45345296,120.6796766 31.45347916,120.6796845 31.45350535,120.6796927 31.45353148,120.6797009 31.45355761,120.679709 31.45358375,120.6797171 31.45360991,120.6797255 31.45363599,120.6797336 31.45366214,120.6797422 31.45368815,120.6797513 31.45371407,120.6797604 31.45373997,)
70:LineString(120.6804472 31.45560217,120.6804567 31.45562799,120.6804665 31.45565371,120.6804764 31.4556794,120.6804863 31.45570509,120.6804963 31.45573077,120.6805066 31.45575633,120.6805167 31.45578196,120.6805267 31.45580764,120.6805368 31.45583327,120.680547 31.45585887,120.6805573 31.45588444,120.6805674 31.45591006,120.680577 31.45593586,120.6805874 31.45596139,120.6805955 31.45598752,)
71:LineString(120.6806673 31.45604554,120.680658 31.4560714,120.6806486 31.45609724,120.6806392 31.45612306,120.6806299 31.45614892,)
72:LineString(120.6801921 31.45622731,120.6801606 31.45622522,120.6801291 31.45622738,120.6800975 31.45622625,120.680066 31.45622644,120.6800346 31.45622649,120.6800031 31.45622885,120.6799718 31.45623037,120.6799386 31.45623212,120.6799091 31.45623339,120.6798745 31.45623488,120.6798455 31.45623535,120.6798174 31.45623578,120.6797851 31.45623641,120.6797545 31.45623722,120.6797232 31.4562384,120.679692 31.45623867,120.6796602 31.45623848,120.6796287 31.4562391,120.6795973 31.45623918,120.6795658 31.45624046,120.6795347 31.45624132,120.6795035 31.45624334,120.6794711 31.45624342,120.6794407 31.45624402,120.6794089 31.45624227,120.6793774 31.45624285,120.6793463 31.45624018,120.6793162 31.45623847,120.6792871 31.45623028,120.6792588 31.45622006,120.6792266 31.45622029,)
73:LineString(120.6801917 31.45628172,120.6801602 31.45628264,120.6801287 31.45628412,120.6800971 31.45628529,120.6800656 31.45628618,120.680034 31.45628703,120.6800025 31.45628788,120.6799709 31.45628872,120.6799394 31.4562896,120.6799079 31.45629051,120.6798763 31.45629152,120.6798448 31.45629239,120.6798132 31.4562934,120.6797816 31.45629426,120.6797501 31.45629522,120.6797185 31.45629601,120.679687 31.45629671,120.6796555 31.45629707,120.6796239 31.45629782,120.6795924 31.45629823,120.6795609 31.45629873,120.6795294 31.45629864,120.6794979 31.45629872,120.6794664 31.45629816,120.6794349 31.45629761,120.6794032 31.45629658,120.6793716 31.45629549,120.6793403 31.45629609,120.6793091 31.45629553,120.6792776 31.45629636,120.679246 31.45629721,120.6792143 31.45629773,120.6791828 31.45629846,120.6791502 31.45629963,120.6791204 31.45629973,120.6790886 31.45630133,120.6790573 31.45630162,120.6790259 31.45630307,120.6789944 31.4563038,120.6789629 31.45630455,120.6789314 31.45630554,120.6788998 31.45630612,120.6788683 31.45630661,120.6788367 31.45630751,120.6788052 31.45630797,120.6787737 31.45630873,120.6787421 31.45630943,120.6787106 31.45630999,120.678679 31.45631091,120.6786475 31.45631143,120.6786159 31.45631226,120.6785844 31.45631308,120.6785528 31.4563139,120.6785213 31.45631469,120.6784897 31.45631548,120.6784582 31.45631624,)
74:LineString(120.6800954 31.45630256,120.6800639 31.45630456,120.6800324 31.45630624,120.6800009 31.45630753,120.6799693 31.45630842,120.6799378 31.45630893,)
75:LineString(120.6799419 31.4562561,120.6799104 31.45625741,120.6798789 31.45625825,120.6798473 31.45625868,120.6798157 31.45625922,120.6797842 31.45626031,120.6797527 31.45626137,120.6797211 31.45626223,120.6796896 31.45626315,120.679658 31.45626406,120.6796265 31.45626478,120.6795949 31.45626525,120.6795634 31.45626549,120.6795318 31.45626567,120.6795002 31.45626588,120.6794686 31.45626522,120.6794372 31.45626424,120.6794056 31.45626221,120.6793742 31.45626183,120.679343 31.4562598,120.6793119 31.45626025,120.6792805 31.45625932,120.6792492 31.45625973,120.6792174 31.45626072,120.6791872 31.45626121,120.6791568 31.45626258,120.6791258 31.45626502,120.6790941 31.45626451,120.6790632 31.45626695,120.6790319 31.45626671,120.6790004 31.45626784,120.6789689 31.45626875,120.6789373 31.45626917,120.6789058 31.45627003,120.6788742 31.45627074,120.6788427 31.45627159,120.6788111 31.4562725,120.6787796 31.45627333,120.678748 31.456274,120.6787165 31.45627455,120.678685 31.45627566,120.6786534 31.45627584,120.6786218 31.45627672,120.6785903 31.45627753,120.6785587 31.45627832,)
76:LineString(120.6793885 31.45620727,120.6793573 31.45621152,120.6793261 31.45621541,120.6792947 31.45621824,120.6792632 31.45622039,120.6792317 31.45622261,120.6792002 31.45622457,120.6791687 31.4562264,120.6791373 31.45622799,120.6791059 31.45622966,120.6790745 31.45623063,120.6790431 31.4562325,120.6790116 31.45623393,120.6789788 31.45623519,120.6789505 31.45623748,120.6789189 31.45623807,120.6788876 31.45623978,120.6788559 31.45624101,120.6788244 31.45624203,120.6787929 31.45624317,120.6787613 31.45624366,120.6787298 31.45624469,120.6786983 31.45624572,)
77:LineString(120.6783456 31.45623814,120.678314 31.45623709,120.6782825 31.45623693,120.6782509 31.45623722,120.6782193 31.45623807,120.6781878 31.4562395,120.6781563 31.45624148,120.6781249 31.45624402,)
78:LineString(120.6779821 31.45626182,120.6779505 31.45626258,120.677919 31.45626353,120.6778874 31.45626451,120.6778559 31.4562653,120.6778243 31.456266,120.6777928 31.45626667,120.6777612 31.4562673,120.6777297 31.45626792,120.6776981 31.45626855,120.6776666 31.45626911,120.677635 31.45626958,120.6776034 31.45627033,120.6775719 31.45627101,120.6775404 31.45627162,120.6775088 31.45627255,120.6774773 31.45627347,120.6774457 31.45627428,120.6774142 31.45627522,120.6773826 31.45627593,120.6773511 31.4562766,120.6773195 31.4562775,120.677288 31.4562783,120.6772564 31.45627925,120.6772249 31.45628024,120.6771933 31.45628096,120.6771618 31.45628188,120.6771303 31.45628264,120.6770987 31.45628339,120.6770672 31.45628413,120.6770356 31.45628505,120.6770041 31.4562858,120.6769725 31.45628651,120.676941 31.45628733,120.6769094 31.45628797,120.6768779 31.45628879,120.6768463 31.45628961,120.6768148 31.45629054,120.6767832 31.45629137,120.6767517 31.45629208,120.6767201 31.45629278,120.6766886 31.45629332,120.676657 31.45629409,120.6766255 31.45629468,120.6765939 31.45629556,120.6765624 31.4562963,120.6765308 31.45629708,120.6764993 31.45629732,120.6764678 31.45629797,120.6764363 31.45629812,120.6764047 31.45629847,120.6763732 31.45629915,120.6763416 31.45629975,120.6763101 31.45630022,120.6762785 31.45630096,120.6762469 31.45630148,120.6762154 31.45630262,120.6761838 31.45630343,120.6761523 31.45630416,120.6761208 31.45630578,120.6760894 31.45630597,120.676058 31.45630742,120.6760264 31.45630819,120.675995 31.45630895,120.6759634 31.45630998,120.6759319 31.4563108,120.6759004 31.45631196,120.6758688 31.45631272,120.6758373 31.45631383,120.6758057 31.45631464,120.6757742 31.45631551,120.6757427 31.45631645,120.6757111 31.45631739,120.6756796 31.45631779,120.675648 31.45631799,120.6756164 31.45631785,120.6755849 31.45631677,120.6755534 31.45631553,120.6755219 31.45631432,120.6754904 31.45631317,120.6754589 31.45631127,120.6754274 31.45631041,120.6753958 31.4563101,120.6753644 31.45630969,120.6753329 31.45631061,120.6753016 31.45631347,)
79:LineString(120.6779832 31.456293,120.6779517 31.45629378,120.6779201 31.45629455,120.6778886 31.45629526,120.677857 31.456296,120.6778255 31.45629682,120.6777939 31.4562976,120.6777624 31.45629838,120.6777308 31.45629921,120.6776993 31.45630007,120.6776677 31.45630092,120.6776362 31.45630177,120.6776046 31.45630249,120.6775731 31.45630334,120.6775415 31.45630405,120.67751 31.45630485,120.6774784 31.45630558,120.6774469 31.45630632,120.6774153 31.45630702,120.6773838 31.45630766,120.6773522 31.45630834,120.6773207 31.45630899,120.6772891 31.45630969,120.6772576 31.45631041,120.677226 31.45631119,120.6771945 31.45631189,120.6771629 31.45631264,120.6771314 31.45631333,120.6770998 31.45631408,120.6770683 31.45631486,120.6770367 31.45631561,120.6770052 31.45631644,120.6769736 31.45631717,120.6769421 31.4563179,120.6769105 31.45631874,120.676879 31.45631951,120.6768474 31.45632034,120.6768159 31.45632114,120.6767843 31.45632185,120.6767527 31.45632244,120.6767212 31.45632311,120.6766896 31.45632374,120.6766581 31.45632453,120.6766265 31.45632533,120.676595 31.45632605,120.6765635 31.45632684,120.6765319 31.45632766,120.6765004 31.45632818,120.6764689 31.45632908,120.6764374 31.45632957,120.6764058 31.45633024,120.6763743 31.45633106,120.6763427 31.45633178,120.6763112 31.45633271,120.6762796 31.45633335,120.6762481 31.45633403,120.6762165 31.45633462,120.676185 31.45633534,120.6761534 31.45633597,120.6761219 31.45633674,120.6760903 31.45633745,120.6760588 31.4563383,120.6760272 31.456339,120.6759957 31.45634002,120.6759641 31.45634077,120.6759326 31.45634171,120.6759011 31.45634248,120.6758695 31.45634351,120.675838 31.45634427,120.6758064 31.45634534,120.6757749 31.45634601,120.6757433 31.45634678,120.6757118 31.45634724,120.6756802 31.4563477,120.6756487 31.45634762,120.6756171 31.45634757,120.6755856 31.45634811,120.675554 31.45634797,120.6755224 31.45634737,120.6754909 31.45634583,120.6754594 31.45634472,120.6754278 31.45634426,120.6753961 31.45634459,120.6753647 31.45634497,120.6753332 31.45634549,120.6753008 31.45634623,120.6752704 31.45634656,120.6752399 31.45634756,120.6752083 31.45634807,120.6751767 31.45634863,120.6751451 31.45634904,120.6751134 31.45634981,120.6750819 31.45635,120.6750495 31.45635101,120.6750193 31.45635128,120.6749876 31.45635187,120.6749561 31.4563528,120.6749246 31.45635325,120.6748931 31.4563543,120.6748615 31.45635574,120.67483 31.45635672,120.6747985 31.45635757,120.6747669 31.45635789,120.6747353 31.45635796,120.6747037 31.45635778,120.6746721 31.45635788,120.6746406 31.4563584,)
80:LineString(120.6779841 31.45632746,120.6779525 31.45632825,120.677921 31.45632903,120.6778894 31.45632986,120.6778579 31.45633075,120.6778263 31.4563317,120.6777948 31.45633261,120.6777633 31.45633352,120.6777317 31.45633447,120.6777002 31.4563354,120.6776686 31.4563363,120.6776371 31.45633722,120.6776055 31.45633799,120.677574 31.45633883,120.6775424 31.45633952,120.6775109 31.45634031,120.6774793 31.45634102,120.6774478 31.45634177,120.6774162 31.45634244,120.6773847 31.45634312,120.6773531 31.45634394,120.6773216 31.45634465,120.67729 31.45634548,120.6772585 31.45634626,120.6772269 31.45634702,120.6771954 31.45634772,120.6771638 31.45634844,120.6771323 31.45634913,120.6771007 31.45634987,120.6770692 31.45635062,120.6770376 31.45635136,120.6770061 31.45635216,120.6769745 31.4563529,120.676943 31.4563537,120.6769114 31.45635454,120.6768799 31.45635539,120.6768483 31.45635625,120.6768168 31.456357,120.6767852 31.45635764,120.6767537 31.4563581,120.6767221 31.4563587,120.6766906 31.45635941,120.676659 31.45636014,120.6766275 31.45636104,120.6765959 31.45636181,120.6765643 31.45636281,120.6765329 31.45636387,120.6765005 31.45636489,120.67647 31.45636598,120.6764383 31.45636686,120.6764068 31.45636761,120.6763752 31.45636848,120.6763437 31.45636907,120.6763121 31.4563699,120.6762806 31.45637057,120.676249 31.45637125,120.6762175 31.45637194,120.6761859 31.45637243,120.6761544 31.45637303,120.6761228 31.45637355,120.6760913 31.45637428,120.6760597 31.45637486,120.6760282 31.45637562,120.6759966 31.45637635,120.6759651 31.45637707,120.6759335 31.45637775,120.675902 31.45637828,120.6758704 31.4563791,120.6758389 31.45637981,120.6758073 31.45638088,120.6757758 31.45638168,120.6757443 31.45638255,120.6757127 31.45638332,120.6756812 31.45638449,120.6756496 31.45638539,120.6756181 31.45638601,120.6755865 31.45638675,120.675555 31.456388,120.6755236 31.45639016,120.6754921 31.45639248,120.6754607 31.4563951,120.6754293 31.45639735,120.6753978 31.45639851,120.6753663 31.45639971,120.6753346 31.45640084,120.6753029 31.45640172,120.6752705 31.45640298,120.6752414 31.45640326,120.6752097 31.45640444,120.6751782 31.45640526,120.6751465 31.4564059,120.675115 31.45640687,120.6750835 31.4564075,120.675052 31.45640828,120.6750204 31.45640918,120.6749889 31.45640987,120.6749573 31.45641068,120.6749258 31.45641129,120.6748942 31.45641174,120.6748627 31.45641244,120.6748311 31.45641311,120.6747996 31.45641381,120.674768 31.45641446,120.6747365 31.45641507,120.6747049 31.45641567,120.6746734 31.45641645,120.6746418 31.45641716,)
81:LineString(120.6779743 31.45635536,120.6779427 31.45635629,120.6779112 31.45635709,120.6778796 31.45635771,120.6778481 31.45635849,120.6778165 31.45635934,120.677785 31.45636025,120.6777534 31.45636108,120.6777219 31.4563619,120.6776903 31.45636267,120.6776588 31.45636328,120.6776272 31.45636388,120.6775956 31.45636425,120.6775641 31.45636457,120.6775326 31.45636587,)
82:LineString(120.6767813 31.45638373,120.6767498 31.45638504,120.6767183 31.45638676,120.6766868 31.45638837,120.6766553 31.45638976,120.6766237 31.45639094,120.6765922 31.4563919,120.6765606 31.45639267,120.6765291 31.45639325,120.6764975 31.45639366,120.676466 31.45639398,120.6764344 31.45639422,)
83:LineString(120.6761676 31.45639966,120.6761361 31.45640172,120.6761046 31.45640306,120.676073 31.4564041,120.6760415 31.45640516,120.67601 31.45640612,120.6759784 31.456407,120.6759469 31.45640781,120.6759154 31.45640857,120.6758838 31.4564092,120.6758523 31.4564096,120.6758207 31.45641006,)
84:LineString(120.6753838 31.45637188,120.6753522 31.45637238,120.6753207 31.45637298,120.6752891 31.45637355,120.6752576 31.45637408,120.675226 31.45637462,120.6751945 31.45637515,120.6751629 31.45637583,120.6751313 31.45637645,120.6750998 31.45637708,120.6750682 31.45637772,120.6750367 31.45637841,120.6750051 31.45637906,120.6749736 31.45637976,120.674942 31.45638051,120.6749105 31.45638146,120.6748789 31.4563824,120.6748474 31.4563832,120.6748158 31.45638399,120.6747843 31.45638464,120.6747527 31.45638533,120.6747212 31.45638615,120.6746896 31.45638663,120.6746581 31.456388,)
85:LineString(120.6741666 31.45640438,120.674135 31.45640299,120.6741035 31.45640211,120.6740719 31.45640141,120.6740404 31.45640075,120.6740088 31.4564002,120.6739773 31.45639987,120.6739457 31.45639972,120.6739142 31.45639959,120.6738826 31.45639973,120.673851 31.45640023,120.6738193 31.45640064,120.6737879 31.45640234,120.6737567 31.45640326,120.6737252 31.45640556,120.6736938 31.45640794,120.6736624 31.4564106,120.6736311 31.45641406,120.6735998 31.4564175,120.6735686 31.45642132,120.6735374 31.45642524,120.6735061 31.45642903,120.6734749 31.45643273,120.6734436 31.45643639,120.6734124 31.45644035,120.6733811 31.45644391,120.6733498 31.45644733,120.6733185 31.45645097,120.6732872 31.45645423,120.6732558 31.45645728,120.6732244 31.45646001,120.6731929 31.45646253,120.6731615 31.45646577,120.6731302 31.45646919,120.673099 31.45647352,120.6730679 31.45647835,120.673037 31.45648409,120.6730062 31.45649025,120.6729756 31.45649721,120.6729453 31.45650467,120.6729151 31.45651244,120.672885 31.4565201,120.6728552 31.45652868,120.6728251 31.45653701,120.6727953 31.45654579,120.6727656 31.4565548,120.6727358 31.45656376,120.6727061 31.45657293,120.6726764 31.45658217,120.6726468 31.45659154,120.6726173 31.45660104,120.6725877 31.45661055,120.6725581 31.45662007,120.6725287 31.45662973,120.6724991 31.45663923,120.6724696 31.45664893,120.6724402 31.4566587,120.6724107 31.45666828,120.6723813 31.45667814,120.6723519 31.45668804,120.6723226 31.45669788,120.6722932 31.45670788,120.6722639 31.45671784,120.6722346 31.45672792,120.6722053 31.45673804,120.6721761 31.45674821,120.6721468 31.45675836,120.6721176 31.45676857,120.6720883 31.45677872,120.672059 31.45678883,120.6720298 31.45679899,120.6720006 31.45680922,120.6719713 31.45681942,120.6719421 31.45682967,120.6719129 31.45683993,120.6718837 31.45685016,120.6718545 31.45686048,120.6718253 31.45687078,120.6717962 31.45688118,120.671767 31.45689152,120.6717378 31.45690179,120.6717086 31.45691212,120.6716794 31.4569224,120.6716502 31.45693268,120.671621 31.45694287,120.6715918 31.45695321,120.6715627 31.45696353,120.6715335 31.45697387,120.6715043 31.45698419,120.6714752 31.45699465,120.671446 31.45700491,120.671417 31.45701548,120.6713878 31.45702588,120.6713588 31.45703644,)
86:LineString(120.6741567 31.45643846,120.6741253 31.45643523,120.6740938 31.45643347,120.6740623 31.45643235,120.6740307 31.4564316,120.6739991 31.45643117,120.6739676 31.45643104,120.6739359 31.45643109,120.6739045 31.45643137,120.67387 31.45643213,120.6738414 31.45643285,120.6738097 31.45643413,120.6737783 31.45643535,120.6737468 31.45643741,120.6737153 31.45643944,120.6736839 31.45644199,120.6736526 31.45644494,120.6736212 31.45644809,120.6735899 31.45645148,120.6735586 31.45645516,120.6735274 31.45645889,120.6734961 31.45646267,120.6734649 31.45646642,120.6734336 31.45647022,120.6734023 31.45647396,120.6733711 31.45647775,120.6733398 31.4564812,120.6733085 31.45648502,120.6732772 31.45648846,120.673246 31.45649212,120.6732146 31.45649547,120.6731834 31.45649914,120.6731521 31.45650311,120.673121 31.45650756,120.67309 31.4565124,120.6730591 31.45651798,120.6730283 31.45652401,120.6729977 31.45653053,120.6729671 31.45653724,120.672937 31.45654515,120.6729068 31.45655205,120.6728769 31.45656045,120.6728468 31.45656856,120.6728168 31.45657704,120.672787 31.45658593,120.6727572 31.45659485,120.6727275 31.45660389,120.6726978 31.45661316,120.6726682 31.45662261,120.6726385 31.45663187,120.672609 31.45664139,120.6725794 31.4566508,120.6725498 31.45666021,120.6725203 31.45666977,120.6724908 31.45667946,120.6724613 31.45668909,120.6724319 31.45669893,120.6724025 31.45670868,120.6723731 31.45671855,120.6723438 31.4567286,120.6723144 31.45673858,120.6722852 31.4567487,120.6722559 31.45675875,120.6722266 31.45676893,120.6721974 31.45677906,120.6721681 31.45678929,120.6721389 31.45679949,120.6721097 31.45680971,120.6720805 31.45681993,120.6720513 31.4568302,120.672022 31.4568404,120.6719928 31.45685064,120.6719636 31.45686092,120.6719344 31.45687123,120.6719052 31.45688154,120.6718761 31.45689186,120.6718469 31.4569022,120.6718178 31.45691262,120.6717886 31.45692296,120.6717595 31.45693335,120.6717303 31.45694373,120.6717011 31.45695408,120.671672 31.45696439,120.6716428 31.45697466,120.6716135 31.4569849,120.6715843 31.45699516,120.6715551 31.45700537,120.671526 31.4570158,120.6714968 31.45702612,120.6714677 31.45703649,120.6714385 31.45704688,120.6714093 31.4570571,120.6713801 31.45706746,120.6713512 31.45707823,)
87:LineString(120.6741659 31.45637594,120.6741343 31.45637504,120.6741028 31.45637505,120.6740712 31.45637513,120.6740396 31.45637483,120.6740081 31.45637436,120.6739766 31.45637392,120.673945 31.45637365,120.6739134 31.45637344,120.6738819 31.45637351,120.6738503 31.45637376,120.6738181 31.45637374,120.6737865 31.45637632,120.6737563 31.45637596,120.6737267 31.45637924,120.6736952 31.45638139,120.673664 31.45638386,120.6736328 31.45638714,120.6736015 31.45639042,120.6735702 31.45639391,120.6735389 31.4563976,120.6735077 31.45640113,120.6734764 31.45640491,120.6734451 31.45640842,120.6734138 31.45641195,120.6733825 31.45641539,120.6733512 31.45641864,120.6733199 31.45642218,120.6732886 31.45642522,120.6732572 31.45642846,120.6732259 31.45643179,120.6731945 31.45643448,120.6731632 31.45643817,)
88:LineString(120.6733045 31.4564081,120.673273 31.45641019,120.6732417 31.45641345,120.6732105 31.45641763,120.6731793 31.45642168,120.6731482 31.4564264,120.6731173 31.45643146,120.6730865 31.45643692,120.673056 31.45644293,120.6730261 31.45644911,120.6729965 31.45645664,120.6729665 31.4564649,120.6729334 31.45647322,120.6729096 31.45648046,120.6728787 31.45648818,120.6728494 31.456496,120.6728195 31.45650447,120.6727897 31.45651322,120.6727598 31.45652198,120.6727302 31.45653123,120.6727005 31.4565404,120.6726709 31.45654965,120.6726413 31.45655917,120.6726118 31.45656866,120.6725823 31.45657834,120.6725529 31.4565881,120.6725234 31.45659772,120.6724939 31.4566075,120.6724645 31.45661716,120.672435 31.45662689,120.6724056 31.45663666,120.6723761 31.45664639,120.6723467 31.45665622,120.6723173 31.45666608,120.672288 31.45667604,120.6722587 31.45668614,120.6722294 31.45669612,120.6722001 31.4567063,120.6721709 31.45671643,120.6721416 31.45672664,120.6721124 31.4567368,120.6720832 31.45674706,120.6720538 31.45675702,120.6720246 31.45676721,120.6719952 31.45677711,120.671966 31.45678732,120.6719367 31.4567974,120.6719075 31.45680768,120.6718782 31.45681777,120.671849 31.45682804,120.6718199 31.4568384,120.6717907 31.4568486,120.6717615 31.45685903,120.6717325 31.45686956,120.6717033 31.45687999,120.6716742 31.4568904,120.671645 31.45690065,120.6716159 31.4569111,120.6715868 31.45692156,120.6715576 31.45693194,120.6715286 31.45694256,120.6714996 31.45695317,120.6714704 31.45696348,120.6714413 31.45697404,120.6714122 31.45698448,120.6713831 31.45699493,120.6713542 31.45700574,120.6713247 31.45701546,)
89:LineString(120.6719662 31.45688968,120.6719375 31.45690078,120.6719086 31.45691181,120.6718797 31.45692262,120.6718507 31.45693331,120.6718217 31.45694386,120.6717925 31.45695428,120.6717633 31.45696455,120.6717341 31.4569747,120.6717048 31.45698474,120.6716754 31.45699454,120.6716458 31.45700414,)
90:LineString(120.6712178 31.45708814,120.6711883 31.45709777,120.6711588 31.45710738,120.6711294 31.45711719,120.6710999 31.45712686,120.6710705 31.45713665,120.671041 31.45714644,120.6710116 31.45715624,120.6709822 31.45716614,120.6709529 31.45717616,120.6709234 31.45718585,120.6708941 31.45719587,120.6708645 31.45720517,120.6708351 31.45721493,120.6708057 31.45722475,120.6707762 31.45723453,120.6707469 31.45724451,120.6707173 31.45725372,120.6706877 31.45726326,120.6706589 31.45727425,120.6706293 31.45728343,120.6706005 31.45729434,120.6705713 31.45730455,120.6705422 31.45731508,120.670513 31.45732539,120.6704839 31.45733578,120.6704546 31.45734587,120.6704252 31.4573557,120.6703957 31.45736542,120.6703663 31.45737524,120.6703369 31.45738505,)
91:LineString(120.6711629 31.45707868,120.6711332 31.4570879,120.6711036 31.45709737,120.6710742 31.45710721,120.6710447 31.4571168,120.6710153 31.45712664,120.6709859 31.45713638,120.6709564 31.45714591,120.6709269 31.45715571,120.6708975 31.45716531,120.6708687 31.45717646,120.670839 31.45718549,120.6708098 31.45719568,120.6707818 31.45720804,120.6707515 31.45721606,)
92:LineString(120.6711762 31.45714164,120.6711467 31.4571512,120.6711173 31.45716103,120.6710882 31.45717151,120.6710592 31.45718228,120.6710302 31.45719309,120.6710014 31.45720422,120.6709726 31.45721496,120.6709442 31.45722675,120.6709155 31.4572379,120.670887 31.45724927,120.6708585 31.45726086,120.6708294 31.45727139,120.6708006 31.45728233,120.6707713 31.45729246,120.6707428 31.45730367,120.6707131 31.45731249,120.6706845 31.45732386,120.6706557 31.45733494,120.6706267 31.45734573,120.6705974 31.45735572,120.6705684 31.45736636,120.6705391 31.45737647,120.6705099 31.45738676,120.6704808 31.45739705,120.6704515 31.45740728,120.6704223 31.45741743,120.670393 31.45742759,120.6703636 31.45743746,)
93:LineString(120.6708845 31.45722329,120.6708552 31.45723342,120.670826 31.45724364,120.6707968 31.45725381,120.6707675 31.45726397,120.6707383 31.45727414,120.670709 31.45728434,120.6706799 31.45729469,120.6706509 31.45730539,120.6706218 31.45731587,120.6705925 31.45732604,120.6705634 31.45733649,120.6705342 31.45734662,120.670505 31.45735688,120.6704757 31.45736712,120.6704465 31.45737731,120.6704172 31.45738747,120.670388 31.45739765,120.6703588 31.45740797,)
94:LineString(120.6699734 31.45754387,120.6699442 31.45755417,120.669915 31.45756453,120.6698858 31.4575747,120.6698565 31.45758488,120.6698273 31.45759509,120.6697981 31.4576053,120.6697689 31.45761554,120.6697397 31.45762584,120.6697105 31.4576361,120.6696813 31.45764637,120.6696521 31.45765662,120.6696229 31.45766703,120.6695937 31.45767729,120.6695646 31.45768775,120.6695355 31.45769819,120.6695063 31.45770848,120.669477 31.45771862,120.6694477 31.45772864,120.6694183 31.45773836,120.6693887 31.45774793,120.6693592 31.45775738,120.6693295 31.45776664,120.6692997 31.45777563,120.6692701 31.45778492,120.6692405 31.45779423,120.6692108 31.45780346,120.6691812 31.45781296,120.6691516 31.45782224,120.6691221 31.45783193,120.6690926 31.45784146,120.6690633 31.45785149,120.6690339 31.45786136,120.6690047 31.45787153,120.6689754 31.45788157,120.668946 31.4578915,120.6689167 31.45790159,120.6688873 31.45791131,120.668858 31.45792139,120.6688287 31.45793135,120.6687993 31.45794126,120.66877 31.45795135,120.6687408 31.45796154,120.6687115 31.45797157,120.6686822 31.45798183,120.668653 31.45799194,120.6686239 31.45800239,120.6685948 31.45801304,120.6685657 31.45802351,120.6685366 31.45803387,120.6685074 31.45804413,120.668478 31.45805402,120.6684489 31.45806439,120.6684196 31.45807435,120.6683903 31.45808449,120.6683611 31.4580947,120.6683319 31.45810497,120.6683027 31.45811522,120.6682735 31.45812547,120.6682443 31.45813577,120.6682151 31.45814604,120.6681859 31.4581563,120.6681566 31.4581664,120.6681274 31.45817668,120.6680981 31.45818672,120.6680691 31.45819736,)
95:LineString(120.6699606 31.45751973,120.6699316 31.45753023,120.6699022 31.45754006,120.6698729 31.45755021,120.6698436 31.45756026,120.6698145 31.45757063,120.6697853 31.45758091,120.6697562 31.45759133,120.669727 31.45760174,120.6696979 31.45761212,120.6696687 31.45762246,120.6696388 31.45763096,120.6696085 31.45763857,)
96:LineString(120.6699917 31.45757114,120.6699625 31.4575814,120.6699333 31.45759167,120.669904 31.45760183,120.6698748 31.45761205,120.6698455 31.45762222,120.6698163 31.45763236,120.669787 31.4576425,120.6697578 31.45765272,120.6697286 31.45766299,120.6696994 31.45767332,120.6696702 31.45768362,120.6696411 31.45769414,120.6696119 31.45770431,120.6695828 31.45771475,120.6695536 31.457725,120.6695244 31.45773527,120.6694951 31.45774541,120.6694658 31.45775546,120.6694364 31.45776528,120.669407 31.45777519,120.6693775 31.45778486,120.669348 31.45779429,120.6693184 31.4578037,120.6692888 31.45781318,120.6692592 31.45782265,120.6692295 31.45783177,120.6691998 31.45784093,120.6691702 31.4578502,120.6691406 31.4578598,120.6691112 31.45786957,120.6690817 31.45787928,120.6690525 31.45788941,120.6690232 31.4578994,120.6689939 31.4579096,120.6689648 31.45792006,120.6689355 31.45793018,120.6689065 31.45794065,120.6688773 31.45795105,120.6688481 31.45796129,120.668819 31.45797183,120.6687898 31.45798207,120.6687607 31.45799246,120.6687315 31.45800266,120.6687023 31.4580131,120.6686732 31.45802343,120.668644 31.45803371,120.6686148 31.45804396,120.6685855 31.45805408,120.6685563 31.45806439,120.6685271 31.45807471,120.668498 31.45808516,120.6684689 31.4580955,120.6684397 31.45810589,120.6684105 31.45811617,120.6683813 31.4581264,120.6683521 31.45813662,120.6683228 31.45814672,120.6682936 31.45815697,120.6682644 31.45816724,120.6682352 31.45817762,120.6682059 31.45818772,120.6681767 31.45819794,120.6681475 31.45820816,120.6681183 31.45821854,120.6680892 31.45822892,120.6680599 31.45823907,120.6680307 31.45824931,120.6680015 31.45825955,120.6679723 31.45826979,120.6679431 31.45828003,120.6679139 31.45829027,120.6678846 31.45830053,)
97:LineString(120.6699502 31.45760713,120.6699208 31.45761713,120.6698916 31.45762734,120.6698623 31.4576375,120.6698331 31.45764771,120.6698038 31.45765775,120.6697745 31.45766788,120.6697453 31.45767811,120.6697161 31.45768838,120.669687 31.45769882,120.6696579 31.45770934,120.6696288 31.45771975,120.6695997 31.45773023,120.6695705 31.45774061,120.6695412 31.4577506,120.6695122 31.45776123,120.6694831 31.45777165,120.6694545 31.45778315,120.6694247 31.45779199,120.6693965 31.45780414,)
98:LineString(120.667905 31.4582246,120.6678756 31.45823456,120.6678461 31.45824412,120.6678169 31.45825434,120.6677876 31.45826439,120.6677584 31.45827464,120.6677292 31.45828494,120.6677001 31.45829532,120.6676709 31.45830573,120.6676418 31.45831619,120.6676127 31.45832663,120.667584 31.45833797,)
99:LineString(120.6679149 31.45832155,120.6678867 31.45833349,120.667858 31.45834459,120.667829 31.45835534,120.6677999 31.4583658,120.6677708 31.45837626,120.6677416 31.45838649,120.6677124 31.45839686,120.6676832 31.45840709,120.6676542 31.45841764,120.6676246 31.45842671,120.6675958 31.45843767,120.6675664 31.45844756,120.6675373 31.45845782,120.6675086 31.4584691,120.667479 31.45847848,120.6674504 31.45848976,120.6674216 31.45850055,120.667392 31.4585101,120.6673625 31.45851979,120.6673331 31.45852947,120.6673037 31.45853934,120.6672743 31.45854933,120.6672452 31.45855976,120.667216 31.45856962,120.6671868 31.45858,120.6671575 31.45858999,120.6671281 31.45860005,120.6670987 31.45860972,120.6670696 31.45862018,120.6670403 31.4586302,120.6670111 31.45864052,120.6669819 31.4586507,120.6669529 31.45866137,120.6669238 31.45867172,120.6668957 31.45868407,120.6668668 31.45869479,120.6668379 31.45870583,120.666809 31.45871671,120.6667807 31.45872862,)
100:LineString(120.6679402 31.45828084,120.667911 31.45829126,120.6678819 31.45830173,120.6678528 31.45831224,120.6678237 31.4583227,120.6677946 31.4583331,120.6677654 31.4583434,120.6677362 31.45835364,120.6677069 31.45836385,120.6676777 31.45837406,120.6676484 31.45838417,120.6676192 31.45839434,120.6675899 31.45840444,120.6675608 31.45841486,120.6675316 31.45842508,120.6675024 31.45843546,120.6674734 31.45844597,120.6674442 31.45845627,120.6674151 31.4584667,120.6673859 31.45847702,120.6673567 31.45848734,120.6673274 31.45849742,120.6672982 31.45850765,120.6672689 31.45851774,120.6672397 31.45852799,120.6672105 31.45853819,120.6671812 31.45854837,120.6671519 31.45855836,120.6671226 31.45856844,120.6670934 31.45857859,120.6670641 31.45858869,120.6670348 31.45859891,120.6670055 31.45860898,120.6669762 31.45861903,120.666947 31.45862914,120.6669177 31.45863928,120.6668885 31.45864959,120.6668594 31.45866005,120.6668303 31.45867058,120.6668015 31.4586815,120.6667726 31.45869237,120.666744 31.45870391,120.6667153 31.45871504,120.6666869 31.4587266,120.6666582 31.45873804,120.6666296 31.45874933,120.6666007 31.45876063,120.6665712 31.45877084,120.666544 31.45878238,120.6665147 31.45879142,120.6664874 31.45880203,120.6664582 31.45881271,120.6664289 31.45882267,120.6663998 31.45883298,120.6663705 31.45884305,120.6663412 31.45885314,120.6663119 31.45886321,120.6662828 31.45887362,120.6662537 31.45888416,120.6662246 31.45889455,120.6661955 31.45890492,120.6661663 31.45891523,120.6661372 31.45892571,120.666108 31.45893598,120.6660793 31.45894731,120.66605 31.45895679,120.6660234 31.45897102,120.665994 31.45898085,)
101:LineString(120.6679067 31.4582552,120.6678775 31.45826559,120.6678484 31.45827595,120.6678192 31.45828633,120.66779 31.45829665,120.6677608 31.45830686,120.6677316 31.45831707,120.6677023 31.45832727,120.6676731 31.45833746,120.6676438 31.45834759,120.6676145 31.45835758,120.6675852 31.4583675,120.6675559 31.4583776,120.6675266 31.45838777,120.6674974 31.45839804,120.6674683 31.4584084,120.6674391 31.4584188,120.66741 31.4584291,120.6673808 31.4584395,120.6673516 31.45844982,120.6673226 31.45846041,120.6672934 31.45847076,120.6672644 31.45848127,120.6672352 31.45849159,120.667206 31.4585019,120.6671768 31.45851225,120.6671477 31.45852262,120.6671185 31.45853297,120.6670894 31.45854344,120.6670603 31.45855397,120.6670312 31.45856429,120.667002 31.45857463,120.6669727 31.4585848,120.6669434 31.45859486,120.6669141 31.45860479,120.6668847 31.45861465,120.6668551 31.45862404,120.6668255 31.45863357,120.6667961 31.4586431,120.6667663 31.45865208,120.6667366 31.45866144,120.6667068 31.45867035,120.6666771 31.45867958,120.6666475 31.45868895,120.6666179 31.45869828,120.6665883 31.4587077,120.6665588 31.45871721,120.6665293 31.45872695,120.6665 31.45873701,120.6664707 31.45874711,120.6664414 31.45875713,120.6664122 31.45876747,120.666383 31.45877757,120.6663538 31.45878783,120.6663246 31.45879824,120.6662953 31.45880829,120.666266 31.45881841,120.6662369 31.45882881,120.6662077 31.45883913,120.6661786 31.45884947,120.6661494 31.45885977,120.6661202 31.45887006,120.666091 31.45888034,120.6660618 31.45889055,120.6660325 31.45890081,120.6660033 31.458911,120.6659742 31.4589215,)
102:LineString(120.666704 31.45869536,120.6666748 31.45870553,120.6666456 31.45871583,120.6666164 31.45872618,120.6665872 31.4587365,120.6665581 31.45874686,120.6665289 31.4587572,120.6664997 31.45876754,120.6664706 31.45877788,120.6664414 31.45878818,120.6664122 31.45879852,120.666383 31.45880878,120.6663538 31.45881913,120.6663247 31.45882949,120.6662957 31.45884012,120.6662665 31.4588505,120.6662373 31.45886082,120.6662082 31.45887113,120.666179 31.45888143,120.6661498 31.45889173,120.6661206 31.45890205,120.6660914 31.45891239,120.6660622 31.4589227,120.666033 31.45893296,120.6660039 31.45894333,)
103:LineString(120.6658143 31.45891421,120.6658113 31.45888728,120.6658076 31.45886042,120.6658026 31.4588337,120.665797 31.45880706,120.6657914 31.45878043,120.6657857 31.45875384,120.6657798 31.45872751,120.6657735 31.45870023,120.6657684 31.45867489,120.6657608 31.45864883,120.6657533 31.4586225,120.6657465 31.45859642,120.6657392 31.45857023,120.6657343 31.45854367,120.6657272 31.45851743,120.6657214 31.45849081,120.6657155 31.45846422,120.6657095 31.45843767,120.6657034 31.45841112,120.6656978 31.4583845,120.6656917 31.45835794,120.665686 31.45833134,120.6656798 31.4583048,120.6656739 31.45827822,120.665668 31.45825164,120.665662 31.45822507,120.6656561 31.4581985,120.6656502 31.45817192,120.665644 31.4581454,120.6656375 31.45811892,120.6656309 31.45809245,120.6656246 31.45806594,120.6656185 31.4580394,120.6656122 31.45801288,120.6656064 31.4579863,120.6655996 31.45795992,120.6655936 31.45793335,120.6655875 31.45790681,120.6655814 31.45788026,120.6655755 31.45785367,120.6655693 31.45782715,120.6655635 31.45780054,120.665557 31.4577741,120.6655512 31.4577475,120.6655451 31.45772095,120.6655388 31.45769443,120.6655325 31.45766793,120.6655263 31.45764139,120.6655204 31.45761483,120.6655137 31.45758839,120.6655078 31.45756181,120.6655018 31.45753525,120.665496 31.45750864,120.6654901 31.45748206,120.6654839 31.45745553,120.6654776 31.45742902,120.6654715 31.45740249,120.6654649 31.45737603,120.6654591 31.45734946,120.6654524 31.45732301,120.6654458 31.45729656,120.6654386 31.45727021,120.6654316 31.45724383,120.6654249 31.45721738,120.6654183 31.45719092,120.6654119 31.45716444,120.6654048 31.45713811,120.665399 31.45711152,120.6653927 31.457085,120.6653861 31.45705853,120.6653796 31.45703205,120.6653734 31.45700553,120.6653669 31.45697906,120.6653603 31.45695259,120.6653536 31.45692614,120.6653467 31.45689975,120.6653398 31.45687334,120.665333 31.45684692,120.665326 31.45682053,120.665319 31.45679416,120.6653121 31.45676776,120.6653052 31.45674137,120.6652981 31.45671499,120.6652914 31.45668856,120.6652843 31.45666221,120.6652775 31.45663578,120.6652708 31.45660935,120.6652636 31.456583,120.6652567 31.45655661,120.6652497 31.45653022,120.6652426 31.45650386,120.6652355 31.4564775,120.6652282 31.45645116,)
104:LineString(120.665774 31.45893258,120.6657715 31.45890561,120.6657684 31.45887869,120.665764 31.45885191,120.6657592 31.45882515,120.6657538 31.45879847,120.6657481 31.45877185,120.6657424 31.45874518,120.6657368 31.4587186,120.665732 31.45869242,120.6657252 31.45866683,120.6657159 31.45864083,120.665709 31.45861417,120.6656993 31.45858987,120.6656976 31.45856381,120.6656892 31.45853808,120.6656836 31.45851145,120.6656784 31.45848476,120.6656717 31.45845831,120.6656661 31.45843172,120.6656598 31.45840521,120.6656537 31.45837866,120.6656481 31.45835206,120.6656414 31.45832563,120.6656348 31.45829915,120.6656285 31.45827266,120.6656219 31.45824621,120.6656162 31.45821958,120.66561 31.45819307,120.6656039 31.45816652,120.6655981 31.45813994,120.6655916 31.45811351,120.6655859 31.45808688,120.6655799 31.45806032,120.6655742 31.45803369,120.665568 31.45800716,120.6655621 31.45798059,120.6655563 31.45795399,120.6655502 31.45792745,120.6655441 31.45790089,120.6655382 31.45787432,120.6655322 31.45784775,120.6655261 31.45782121,120.6655204 31.4577946,120.6655142 31.45776808,120.6655082 31.45774152,120.6655021 31.45771497,120.6654959 31.45768844,120.6654898 31.45766189,120.6654836 31.45763535,120.6654777 31.45760878,120.6654713 31.45758228,120.6654651 31.45755575,120.6654585 31.45752929,120.6654514 31.45750293,120.6654447 31.45747647,120.6654381 31.45745002,120.6654316 31.45742356,120.6654251 31.45739708,120.6654191 31.45737056,120.6654118 31.4573443,120.6654059 31.45731771,120.6653997 31.45729118,120.6653937 31.4572646,120.6653877 31.45723803,120.6653815 31.4572115,120.6653752 31.45718501,120.6653688 31.45715852,120.6653625 31.45713201,120.6653554 31.45710564,120.6653488 31.45707919,120.6653422 31.45705273,120.6653355 31.45702629,120.6653284 31.45699992,120.6653218 31.45697348,120.6653145 31.45694716,120.6653079 31.45692069,120.6653011 31.45689428,120.6652942 31.45686787,120.6652875 31.45684143,120.6652805 31.45681505,120.6652735 31.45678867,120.6652668 31.45676224,120.6652599 31.45673584,120.665253 31.45670943,120.6652459 31.45668308,120.6652391 31.45665666,120.6652322 31.45663025,120.6652251 31.45660389,120.6652181 31.45657751,120.6652109 31.45655117,120.6652038 31.45652481,120.6651964 31.4564985,120.6651897 31.45647206,)
105:LineString(120.6657361 31.45894907,120.6657338 31.45892209,120.665732 31.45889507,120.6657287 31.45886817,120.6657237 31.45884146,120.6657178 31.45881486,120.6657118 31.45878825,120.6657063 31.45876167,120.6657002 31.45873506,120.665695 31.45870835,120.6656898 31.45868228,120.665681 31.45865609,120.665674 31.45862914,120.6656644 31.45860674,120.6656618 31.45858025,120.6656554 31.45855376,120.665649 31.4585277,120.6656451 31.45850089,120.6656384 31.45847447,120.6656319 31.45844803,120.6656277 31.4584216,120.6656199 31.4583954,120.6656142 31.45836876,120.6656084 31.45834216,120.6656018 31.4583157,120.6655946 31.45828936,120.6655875 31.45826295,120.6655817 31.45823637,120.6655752 31.45820992,120.6655687 31.45818347,120.6655628 31.45815695,120.6655564 31.45813057,120.6655515 31.45810381,120.6655458 31.45807717,120.66554 31.45805059,120.6655347 31.45802387,120.6655281 31.45799747,120.6655235 31.4579708,120.6655173 31.45794425,120.6655114 31.45791767,120.6655055 31.45789109,120.6654994 31.45786452,120.6654937 31.45783792,120.6654878 31.45781134,120.6654818 31.45778477,120.6654758 31.45775821,120.6654698 31.45773164,120.665464 31.45770506,120.6654579 31.4576785,120.6654515 31.45765201,120.6654453 31.45762547,120.6654391 31.45759895,120.6654327 31.45757245,120.6654262 31.45754599,120.6654183 31.45751976,120.6654103 31.45749357,120.6654034 31.45746718,120.6653964 31.45744081,120.6653894 31.45741448,120.6653833 31.45738803,120.665375 31.45736222,120.6653693 31.45733555,120.665363 31.457309,120.6653567 31.45728249,120.6653497 31.45725601,120.6653429 31.45722957,120.6653366 31.4572031,120.6653298 31.4571767,120.6653274 31.45715001,120.6653205 31.45712368,120.6653139 31.45709718,120.6653073 31.45707071,120.6653004 31.4570443,120.6652932 31.45701796,120.6652854 31.45699166,120.6652807 31.45696513,120.6652711 31.45694015,120.6652656 31.45691347,120.6652587 31.45688705,120.6652524 31.45686044,120.6652456 31.45683402,120.6652392 31.45680754,120.6652324 31.45678112,120.6652258 31.45675465,120.6652191 31.45672821,120.6652123 31.45670179,120.6652056 31.45667536,120.6651989 31.45664892,120.6651919 31.45662254,120.6651852 31.45659611,120.6651777 31.45656982,120.6651709 31.4565434,120.6651636 31.45651706,120.6651568 31.45649065,120.6651491 31.4564644,)
106:LineString(120.6658427 31.45889637,120.6658429 31.45886931,120.6658424 31.45884228,120.6658408 31.45881532,120.665838 31.45878839,120.6658349 31.45876145,120.6658317 31.45873455,)
107:LineString(120.6651084 31.45631031,120.6651004 31.45628416,120.6650924 31.45625798,120.6650853 31.45623164,120.6650777 31.45620536,120.6650704 31.45617904,120.6650629 31.45615277,120.6650554 31.4561265,120.6650475 31.45610029,120.6650413 31.45607353,120.6650301 31.45604947,120.6650272 31.45602363,120.6650182 31.45599763,120.6650097 31.45597133,120.6650021 31.45594506,120.6649947 31.45591884,120.6649862 31.45589288,120.6649779 31.45586682,120.6649712 31.45584033,120.6649629 31.45581423,120.6649556 31.45578791,120.664948 31.45576163,120.6649399 31.45573551,120.6649327 31.45570919,120.6649269 31.45568258,120.6649196 31.45565623,120.6649108 31.45563029,120.6649034 31.45560404,120.6648952 31.45557792,120.6648872 31.45555175,120.6648797 31.45552552,120.664871 31.45549966,120.6648645 31.45547366,120.6648559 31.45544766,120.6648481 31.45542143,120.6648394 31.4553953,120.6648314 31.45536913,120.6648231 31.45534304,120.664815 31.45531688,120.6648071 31.4552907,120.6647985 31.45526469,120.6647898 31.45523866,120.6647817 31.45521252,120.6647733 31.45518644,120.6647653 31.45516025,120.6647573 31.45513409,120.6647494 31.4551079,120.6647415 31.45508171,120.6647336 31.45505553,120.6647257 31.45502931,120.6647178 31.45500313,120.6647099 31.45497692,120.664702 31.45495074,120.6646942 31.45492452,120.6646863 31.45489831,120.6646785 31.4548721,120.6646706 31.45484591,120.6646625 31.45481976,)
108:LineString(120.6651894 31.45618169,120.6651827 31.45615524,120.6651778 31.45612857,120.6651704 31.45610233,120.6651634 31.45607594,120.665156 31.45604964,120.6651481 31.45602344,120.6651407 31.45599712,120.6651313 31.45597135,120.6651246 31.45594492,120.6651165 31.45591875,)
109:LineString(120.6651668 31.45622654,120.6651592 31.45620027,120.6651516 31.45617401,120.6651441 31.45614773,120.6651368 31.45612141,120.6651294 31.45609511,120.6651219 31.45606882,120.6651144 31.45604255,120.6651067 31.4560163,120.6650989 31.45599007,120.6650911 31.45596387,120.6650834 31.45593765,120.6650753 31.45591149,120.6650676 31.45588526,120.6650591 31.45585923,120.6650519 31.45583289,120.6650442 31.45580667,120.665036 31.45578056,120.665028 31.45575437,120.6650203 31.45572813,120.6650121 31.45570203,120.6650048 31.45567575,120.6649959 31.45564982,120.6649872 31.45562374,120.6649798 31.45559745,120.6649712 31.45557147,120.664963 31.45554532,120.6649549 31.45551915,120.6649471 31.45549296,120.6649389 31.45546686,120.6649312 31.45544063,120.6649231 31.45541447,120.6649149 31.45538835,120.6649071 31.45536214,120.6648989 31.45533601,120.6648909 31.45530983,120.6648826 31.45528372,120.6648749 31.45525748,120.6648672 31.45523126,120.6648592 31.45520507,120.6648517 31.45517879,120.6648443 31.45515251,120.6648368 31.45512624,120.6648292 31.45509997,120.6648212 31.45507378,120.6648135 31.45504754,120.6648054 31.45502138,120.6647981 31.45499505,120.6647896 31.45496903,120.6647822 31.45494279,120.6647736 31.4549168,120.6647653 31.45489069,120.6647565 31.45486471,120.6647479 31.45483868,120.66474 31.45481249,)
110:LineString(120.665111 31.45618503,120.6651039 31.45615867,120.6650966 31.45613235,120.6650893 31.45610603,120.6650818 31.45607974,120.6650743 31.45605345,120.6650666 31.45602721,120.6650586 31.45600105,120.6650507 31.45597484,120.6650431 31.45594861,120.665035 31.45592244,120.6650274 31.45589623,120.665019 31.4558702,120.6650115 31.45584391,120.6650041 31.45581759,120.6649966 31.4557913,120.6649888 31.45576513,120.6649815 31.4557388,120.6649732 31.45571272,120.6649661 31.45568643,120.6649577 31.45566036,120.6649493 31.45563424,120.664942 31.45560792,120.6649334 31.45558196,120.6649256 31.45555573,120.6649182 31.4555294,120.6649101 31.45550327,120.6649018 31.45547716,120.6648943 31.4554509,120.6648862 31.45542476,120.6648781 31.4553986,120.6648702 31.45537242,120.6648618 31.45534636,120.6648539 31.45532015,120.6648462 31.4552939,120.6648382 31.45526774,120.6648304 31.45524152,120.6648224 31.45521534,120.6648149 31.45518907,120.664807 31.45516287,120.6647991 31.45513669,120.6647911 31.4551105,120.6647832 31.45508432,120.6647752 31.45505813,120.6647674 31.45503193,120.6647595 31.45500575,120.6647513 31.4549796,120.6647434 31.45495341,120.6647353 31.45492726,120.6647272 31.45490111,120.6647192 31.45487494,120.6647111 31.45484879,120.664703 31.45482263,)
111:LineString(120.6647603 31.45526022,120.664752 31.45523413,120.6647443 31.45520787,120.6647363 31.45518169,120.6647279 31.45515561,120.6647197 31.45512949,120.6647115 31.45510337,120.6647035 31.45507719,120.6646958 31.45505095,120.6646877 31.45502481,120.6646797 31.45499862,120.664672 31.45497239,120.6646642 31.45494618,120.6646562 31.45492,120.6646484 31.45489379,120.6646404 31.4548676,120.6646321 31.45484151,)
112:LineString(120.6645877 31.45457581,120.6645779 31.45455004,120.6645716 31.45452357,120.6645634 31.45449743,120.6645558 31.45447119,120.6645475 31.45444508,120.6645393 31.45441897,120.6645312 31.45439283,120.6645227 31.45436675,120.664515 31.45434052,120.6645057 31.4543148,120.6644987 31.45428847,120.6644903 31.45426241,120.6644816 31.4542364,120.6644738 31.45421018,120.664466 31.45418396,120.664458 31.45415777,120.6644506 31.45413148,120.6644427 31.45410529,120.6644348 31.45407911,120.6644271 31.45405287,120.6644192 31.45402666,120.6644115 31.45400042,120.6644037 31.4539742,120.664395 31.4539482,)
113:LineString(120.6646693 31.45456801,120.6646612 31.45454187,120.6646514 31.45451619,120.6646426 31.45449023,120.6646335 31.45446434,120.6646247 31.45443837,120.6646169 31.45441218,120.6646086 31.45438613,120.6646013 31.45435994,120.6645951 31.4543328,120.6645853 31.45430706,120.6645816 31.45428122,120.6645713 31.45425742,120.6645623 31.45423161,120.6645554 31.45420526,120.6645474 31.45417914,120.66454 31.45415281,120.6645325 31.45412655,120.6645246 31.45410036,120.6645167 31.45407417,120.664509 31.45404794,120.6645004 31.45402193,120.6644935 31.4539955,120.6644848 31.45396951,120.6644765 31.45394341,)
114:LineString(120.6646239 31.4545623,120.6646156 31.45453618,120.6646075 31.45451005,120.6645992 31.45448394,120.6645911 31.45445779,120.6645829 31.45443166,120.6645747 31.45440552,120.6645666 31.45437937,120.6645585 31.45435322,120.6645505 31.45432705,120.6645425 31.45430088,120.6645346 31.45427467,120.6645262 31.4542486,120.6645187 31.45422232,120.6645108 31.45419613,120.6645031 31.4541699,120.6644954 31.45414367,120.6644877 31.45411741,120.6644797 31.45409124,120.6644724 31.45406494,120.6644644 31.45403877,120.6644567 31.45401253,120.6644489 31.4539863,120.6644413 31.45396004,)
115:LineString(120.6645446 31.45457409,120.6645338 31.45454866,120.6645236 31.45452306,120.664514 31.45449728,120.664505 31.45447136,120.6644965 31.4544453,120.6644885 31.45441912,120.6644811 31.45439282,)
116:LineString(120.6643664 31.45372777,120.6643585 31.45370159,120.6643505 31.4536754,120.6643426 31.45364922,120.6643346 31.45362303,120.6643267 31.45359684,120.6643188 31.45357065,120.6643109 31.45354446,120.6643029 31.45351827,120.664295 31.45349208,120.6642871 31.45346589,120.6642791 31.45343971,120.6642711 31.45341354,120.6642629 31.45338741,)
117:LineString(120.6643283 31.45373643,120.6643203 31.45371024,120.6643124 31.45368405,120.6643045 31.45365786,120.6642966 31.45363167,120.6642886 31.45360548,120.6642807 31.45357929,120.6642728 31.4535531,120.6642649 31.45352691,120.664257 31.45350072,120.6642491 31.45347452,120.6642412 31.45344832,120.6642334 31.4534221,120.6642254 31.45339593,)
118:LineString(120.6644029 31.45371948,120.6643955 31.45369318,120.6643879 31.45366691,120.6643802 31.45364067,120.6643726 31.45361442,120.6643649 31.45358819,120.6643571 31.45356196,120.6643493 31.45353575,120.6643414 31.45350955,120.6643335 31.45348335,120.6643256 31.45345715,120.6643173 31.45343104,120.6643108 31.45340458,120.6643015 31.45337873,)
119:LineString(120.6642609 31.453385,120.664253 31.45335883,120.6642449 31.45333266,120.6642369 31.4533065,120.6642289 31.45328033,120.6642209 31.45325415,120.6642129 31.45322796,120.6642051 31.45320176,120.664197 31.4531756,120.6641889 31.45314945,120.6641809 31.45312328,120.6641729 31.45309711,120.6641648 31.45307096,120.6641566 31.45304482,120.6641486 31.45301866,120.6641405 31.4529925,120.6641323 31.45296638,120.6641236 31.45294036,120.6641154 31.45291424,120.6641074 31.45288807,120.664099 31.452862,120.6640912 31.45283578,120.6640831 31.45280963,120.664075 31.45278348,120.6640669 31.45275733,120.6640587 31.4527312,120.6640505 31.45270507,120.6640424 31.45267892,120.6640338 31.4526529,120.6640255 31.4526268,120.6640168 31.45260077,120.6640082 31.45257473,120.6640002 31.45254862,120.6639909 31.45252278,120.6639821 31.45249678,120.6639735 31.45247078,120.6639645 31.45244483,120.6639561 31.45241873,120.6639479 31.45239262,120.6639394 31.45236655,120.6639324 31.45234014,)
120:LineString(120.6643008 31.45337606,120.664293 31.45334985,120.6642855 31.45332358,120.6642777 31.45329735,120.6642697 31.45327117,120.6642617 31.45324501,120.6642533 31.45321891,120.6642443 31.45319297,120.6642357 31.45316693,120.6642275 31.45314082,120.6642191 31.45311475,120.6642106 31.45308866,120.6642028 31.45306248,120.6641932 31.45303683,120.6641857 31.45301054,120.6641779 31.45298434,120.6641703 31.45295808,120.6641627 31.4529318,120.6641541 31.45290577,120.6641461 31.45287962,120.664137 31.45285375,120.6641288 31.45282763,120.6641196 31.45280184,120.6641087 31.45277631,120.664099 31.452752,120.6640834 31.45272963,120.6640749 31.45270255,120.6640671 31.45267601,120.6640576 31.45264927,120.6640496 31.45262488,120.6640423 31.45259862,120.6640339 31.45257245,120.6640289 31.45254634,120.66402 31.45252077,120.6640129 31.45249435,120.6640061 31.45246798,120.6639975 31.45244206,120.6639908 31.45241562,120.6639832 31.45238937,120.6639757 31.45236309,)
121:LineString(120.6642146 31.45336279,120.6642065 31.45333664,120.6641984 31.45331047,120.6641904 31.45328431,120.6641823 31.45325815,120.6641743 31.45323198,120.6641663 31.45320581,120.6641583 31.45317964,120.6641503 31.45315347,120.6641422 31.4531273,120.6641342 31.45310114,120.6641262 31.45307497,)
122:LineString(120.6640309 31.45276229,120.6640226 31.45273618,120.6640143 31.45271007,120.6640062 31.45268393,120.6639978 31.45265783,120.6639895 31.45263174,120.6639811 31.45260565,120.6639728 31.45257955,120.6639645 31.45255345,120.6639564 31.45252729,120.6639483 31.45250114,120.6639403 31.45247498,120.663932 31.45244887,120.6639243 31.45242263,120.663916 31.45239653,120.6639082 31.45237032,)
123:LineString(120.6639223 31.4521469,120.6639133 31.45212096,120.6639079 31.45209434,120.6638995 31.45206829,120.6638918 31.45204203,120.6638839 31.45201584,120.6638757 31.45198972,120.6638677 31.45196354,120.6638597 31.45193736,120.6638509 31.45191134,120.6638432 31.45188523,120.6638348 31.45185919,120.6638265 31.45183309,120.6638179 31.45180704,120.6638102 31.45178082,120.6638014 31.45175495,120.6637939 31.45172867,120.6637858 31.45170252,120.6637778 31.45167635,120.6637699 31.45165016,120.6637618 31.45162399,120.6637546 31.4515977,120.6637464 31.45157159,120.6637383 31.45154543,120.6637305 31.45151922,120.6637226 31.45149304,120.6637143 31.45146695,120.6637067 31.45144073,120.6636983 31.45141466,120.6636903 31.45138849,120.663682 31.45136239,120.6636738 31.45133626,120.6636658 31.45131009,120.6636575 31.45128394,120.6636502 31.45125763,120.6636414 31.45123166,120.6636326 31.45120567,120.6636241 31.45117961,120.663616 31.45115345,120.6636081 31.45112725,120.6636002 31.45110107,120.6635923 31.45107487,120.6635844 31.45104868,120.6635766 31.45102245,120.6635689 31.45099623,120.6635608 31.45097005,120.6635532 31.45094386,120.6635448 31.45091777,120.6635367 31.45089166,120.6635288 31.45086548,120.6635207 31.45083934,120.6635128 31.45081313,120.6635052 31.45078687,120.6634973 31.45076069,120.6634897 31.45073442,120.6634818 31.45070822,120.6634739 31.45068203,120.6634654 31.45065594,120.6634578 31.4506298,120.6634492 31.45060382,120.6634408 31.45057772,120.6634329 31.45055152,120.6634249 31.45052535,120.6634167 31.45049925,120.663409 31.45047296,120.6634011 31.45044676,120.6633928 31.45041978,120.6633854 31.45039432,120.6633772 31.45036826,120.6633694 31.45034206,120.6633615 31.45031587,120.6633535 31.4502897,120.6633457 31.4502635,120.6633376 31.45023738,120.6633296 31.45021118,120.6633216 31.45018502,120.6633137 31.45015883,120.6633058 31.45013263,120.6632979 31.45010643,120.66329 31.45008024,120.6632817 31.45005413,120.6632733 31.45002805,120.6632648 31.45000198,120.6632567 31.44997586,120.6632483 31.44994977,120.66324 31.44992365,120.6632317 31.44989756,120.6632235 31.44987144,120.6632156 31.44984525,120.6632074 31.44981916,120.6631993 31.44979302,120.6631915 31.44976682,120.6631835 31.44974064,120.6631758 31.4497144,120.6631676 31.44968828,120.6631601 31.449662,120.6631521 31.44963585,120.6631441 31.44960966,120.6631362 31.44958348,120.6631282 31.4495573,120.6631201 31.44953116,120.6631118 31.44950504,120.6631039 31.44947887,120.6630956 31.44945275,120.6630875 31.44942663,120.6630793 31.44940054,120.6630714 31.44937437,120.663064 31.44934805,120.6630567 31.44932173,120.6630498 31.44929536,120.6630433 31.44926889,120.6630359 31.44924258,120.6630262 31.44921681,120.6630185 31.44919067,120.6630089 31.44916492,120.6630002 31.44913898,120.6629912 31.44911356,120.6629824 31.44908763,120.6629742 31.44906114,120.662966 31.44903696,120.6629566 31.449002,120.6629502 31.44898485,120.6629424 31.44895327,120.662935 31.44893166,120.662928 31.44890398,120.6629201 31.4488777,120.6629134 31.44885228,120.6629057 31.44882603,120.6628983 31.4487998,120.6628907 31.44877352,120.6628833 31.44874729,120.6628737 31.44872164,120.6628655 31.44869515,120.6628561 31.44866951,120.6628496 31.44864373,120.6628405 31.44861812,120.6628326 31.44859188,120.6628241 31.44856587,120.6628158 31.44853977,120.6628076 31.44851362,120.6627998 31.44848739,120.662791 31.44846142,)
124:LineString(120.6638859 31.45215737,120.6638778 31.45213122,120.6638701 31.45210499,120.663862 31.45207884,120.663854 31.45205266,120.663846 31.45202648,120.6638379 31.45200033,120.6638299 31.45197416,120.6638219 31.45194799,120.6638138 31.45192185,120.6638054 31.45189576,120.6637974 31.4518696,120.663789 31.45184352,120.6637806 31.45181742,120.6637728 31.45179123,120.6637642 31.45176523,120.6637564 31.45173901,120.6637483 31.45171286,120.6637404 31.45168666,120.6637325 31.45166047,120.6637245 31.45163429,120.6637166 31.45160809,120.6637086 31.45158191,120.6637007 31.45155573,120.6636928 31.45152953,120.6636849 31.45150333,120.6636769 31.45147716,120.6636691 31.45145095,120.6636608 31.45142484,120.6636529 31.45139866,120.6636447 31.45137252,120.6636365 31.4513464,120.6636285 31.45132023,120.6636203 31.4512941,120.6636122 31.45126795,120.6636045 31.4512417,)
125:LineString(120.6638394 31.4521415,120.6638316 31.45211528,120.6638237 31.45208907,120.6638158 31.45206287,120.6638079 31.45203668,120.6638 31.4520105,120.663792 31.45198433,120.6637839 31.45195816,120.6637758 31.45193201,120.6637678 31.45190585,120.6637597 31.45187969,120.6637517 31.45185351,120.6637431 31.45182749,120.6637355 31.45180123,120.663727 31.45177521,120.6637191 31.45174902,120.6637109 31.45172288,120.663703 31.4516967,120.663695 31.45167051,120.663687 31.45164435,120.663679 31.45161816,120.663671 31.451592,120.6636631 31.4515658,120.6636552 31.45153961,120.6636473 31.45151342,120.6636392 31.45148727,120.6636313 31.45146106,120.6636233 31.45143491,120.6636154 31.45140871,120.6636074 31.45138253,120.6635994 31.45135636,120.6635913 31.4513302,120.6635832 31.45130405,120.6635752 31.45127788,120.6635662 31.45125194,)
126:LineString(120.6635915 31.45120209,120.6635834 31.45117593,120.6635754 31.45114976,120.6635673 31.4511236,120.6635592 31.45109745,120.6635512 31.45107128,120.6635433 31.45104509,120.6635354 31.45101889,120.6635275 31.4509927,120.6635196 31.4509665,120.6635117 31.45094031,120.6635037 31.45091413,120.6634957 31.45088796,120.6634878 31.45086177,120.6634796 31.45083564,120.6634718 31.45080942,120.6634637 31.45078327,120.6634559 31.45075706,120.6634478 31.4507309,120.6634399 31.45070472,120.6634318 31.45067856,120.6634239 31.45065239,120.6634155 31.45062631,120.6634072 31.4506002,120.6633991 31.45057406,120.663391 31.45054789,120.6633829 31.45052176,120.6633751 31.45049554,120.6633672 31.45046934,120.6633593 31.45044315,120.6633515 31.45041694,120.6633436 31.45039075,120.6633356 31.45036456,120.6633277 31.45033837,120.6633198 31.45031219,120.6633117 31.45028602,120.6633038 31.45025983,120.6632957 31.45023368,120.6632877 31.45020751,120.6632797 31.45018133,120.6632716 31.45015519,120.6632636 31.45012903,120.6632555 31.45010287,120.6632474 31.45007672,120.6632393 31.45005056,120.6632311 31.45002445,120.6632228 31.44999834,120.6632146 31.44997222,120.6632064 31.44994609,120.6631982 31.44991995,120.6631901 31.4498938,120.663182 31.44986764,120.663174 31.44984147,120.663166 31.44981532,120.663158 31.44978914,120.6631501 31.44976295,120.6631422 31.44973675,120.6631343 31.44971056,120.6631265 31.44968435,120.6631185 31.44965816,120.6631106 31.44963197,120.6631026 31.4496058,120.6630947 31.4495796,120.6630866 31.44955346,120.6630783 31.44952736,120.6630701 31.44950124,120.6630617 31.44947515,120.6630536 31.449449,120.6630454 31.44942287,120.6630375 31.44939668,120.6630298 31.44937045,120.6630224 31.44934414,120.6630149 31.44931786,120.6630075 31.44929161,120.6630001 31.44926536,120.6629915 31.44923931,120.6629831 31.44921321,120.6629747 31.44918714,120.6629666 31.44916099,120.6629585 31.44913486,120.6629502 31.44910875,120.6629421 31.44908259,120.6629339 31.4490565,120.6629259 31.44903025,120.6629169 31.44900434,120.6629084 31.44897843,120.6629009 31.44895215,120.6628933 31.44892591,120.6628857 31.44889965,120.6628781 31.44887341,120.6628703 31.44884719,120.6628625 31.44882099,120.6628548 31.44879476,120.6628472 31.44876851,120.6628389 31.44874249,120.6628301 31.44871654,120.662822 31.44869044,120.6628142 31.44866425,120.6628063 31.44863804,120.6627978 31.44861197,120.6627899 31.44858583,120.6627815 31.44855977,120.6627735 31.4485336,120.6627652 31.44850748,120.662757 31.44848135,120.6627487 31.44845526,)
127:LineString(120.6635548 31.45121504,120.6635468 31.45118886,120.6635389 31.45116266,120.663531 31.45113646,120.6635231 31.45111026,120.6635152 31.45108408,120.663507 31.45105793,120.6634989 31.45103179,120.6634909 31.45100563,120.6634829 31.45097945,120.6634749 31.45095327,120.6634668 31.45092711,120.6634588 31.45090095,120.6634509 31.45087476,120.6634427 31.45084863,120.6634348 31.45082244,120.6634266 31.4507963,120.6634186 31.45077012,120.6634105 31.45074399,120.6634023 31.45071785,120.6633945 31.45069163,120.663387 31.45066535,120.6633776 31.45063961,120.663373 31.45061292,120.6633651 31.45058673,120.6633563 31.45056069,)
128:LineString(120.6633523 31.4505548,120.6633444 31.45052861,120.6633366 31.4505024,120.6633287 31.45047621,120.6633208 31.45045001,120.6633128 31.45042382,120.6633048 31.45039765,120.6632968 31.45037148,120.6632888 31.4503453,120.6632809 31.45031912,120.6632728 31.45029297,120.6632649 31.45026677,120.6632569 31.45024061,120.6632489 31.45021444,120.6632408 31.45018828,120.6632327 31.45016211,120.6632244 31.45013602,120.6632161 31.45010992,120.663208 31.45008377,120.6631999 31.45005761,120.6631918 31.45003145,120.6631838 31.45000528,120.6631758 31.44997913,120.6631679 31.44995293,120.6631599 31.44992675,120.6631522 31.4499005,120.6631441 31.44987436,120.6631363 31.44984816,120.6631284 31.44982196,)
129:LineString(120.6630784 31.44966041,120.663071 31.44963412,120.6630631 31.44960791,120.6630544 31.4495819,120.6630448 31.44955615,120.663034 31.44953071,120.6630226 31.4495055,120.6630103 31.44948054,)
130:LineString(120.663024 31.44948656,120.663016 31.44946039,120.6630081 31.44943419,120.6629999 31.44940805,120.6629918 31.44938191,120.6629839 31.44935571,120.6629762 31.44932947,120.6629686 31.44930322,120.6629609 31.44927696,120.6629542 31.44925053,120.662947 31.44922417,120.6629392 31.44919795,120.6629313 31.44917174,120.6629235 31.44914555,120.6629153 31.44911942,120.6629071 31.44909329,120.6628991 31.44906712,120.662891 31.44904095,120.662883 31.4490148,120.6628746 31.4489887,120.6628665 31.44896257,120.6628574 31.44893668,120.6628492 31.44891053,120.6628409 31.44888444,120.6628314 31.44885864,)
131:LineString(120.662838 31.44888107,120.6628301 31.44885488,120.6628223 31.44882867,120.6628146 31.44880242,120.662807 31.44877616,120.6627993 31.44874993,120.6627915 31.44872371,120.6627836 31.44869749,120.6627759 31.44867128,120.6627681 31.44864505,120.6627605 31.44861879,120.662753 31.44859251,120.6627455 31.44856624,120.662738 31.44853995,120.6627301 31.44851376,120.6627227 31.44848746,)
132:LineString(120.662709 31.44819556,120.662699 31.44816975,120.6626901 31.44814384,120.6626825 31.44811773,120.6626738 31.4480917,120.6626661 31.44806548,120.6626584 31.44803925,120.6626506 31.44801302,120.6626428 31.44798677,120.6626357 31.44796032,120.6626268 31.44793561,120.6626202 31.44790942,120.6626126 31.44788325,120.6626043 31.4478572,120.6625968 31.44783095,120.6625889 31.44780475,120.6625807 31.44777863,120.662573 31.4477524,120.6625652 31.44772618,120.6625573 31.44769999,120.6625496 31.44767375,120.6625419 31.44764749,120.662534 31.44762131,120.6625266 31.44759505,120.6625185 31.4475689,120.6625105 31.44754273,120.6625028 31.44751649,120.662495 31.44749028,120.6624871 31.44746409,120.6624792 31.4474379,120.6624712 31.44741172,120.6624632 31.44738554,120.6624551 31.44735939,120.662447 31.44733325,120.6624389 31.44730709,120.6624309 31.44728094,120.6624226 31.44725483,120.6624144 31.44722872,120.6624061 31.4472026,120.662398 31.44717644,120.6623902 31.44715024,120.6623821 31.4471241,120.6623742 31.4470979,120.6623662 31.44707171,120.6623584 31.4470455,120.6623505 31.44701932,120.6623424 31.44699317,120.6623346 31.44696696,120.6623267 31.44694077,120.6623191 31.44691452,120.6623111 31.44688834,120.6623033 31.44686213,120.6622953 31.44683596,120.6622874 31.44680978,120.6622795 31.44678359,120.6622719 31.44675732,120.6622642 31.44673109,120.6622563 31.44670488,120.6622482 31.44667875,120.6622402 31.44665258,120.662232 31.44662645,120.6622243 31.44660021,120.6622164 31.44657403,120.6622084 31.44654788,120.6622002 31.44652174,120.6621922 31.44649558,120.6621841 31.44646945,120.6621762 31.44644324,120.6621682 31.44641708,120.66216 31.44639095,120.6621518 31.44636481,120.6621433 31.44633872,120.6621355 31.44631256,120.6621266 31.44628663,120.6621185 31.44626049,120.6621105 31.44623435,120.6621022 31.44620828,120.6620939 31.44618219,120.6620856 31.44615608,120.6620776 31.4461299,120.6620696 31.44610372,120.6620618 31.44607751,120.6620535 31.44605142,120.6620457 31.44602522,120.6620377 31.44599905,120.6620297 31.44597286,120.6620216 31.44594674,120.6620138 31.44592053,120.6620056 31.44589441,120.6619974 31.44586829,120.6619893 31.44584213,120.6619813 31.44581596,120.6619732 31.44578981,120.6619651 31.44576366,120.6619572 31.44573747,120.6619491 31.44571133,120.6619413 31.44568511,120.6619332 31.44565897,120.6619252 31.44563278,120.6619172 31.4456066,120.6619089 31.44558051,120.661901 31.44555431,120.6618925 31.44552827,120.6618839 31.44550224,120.6618753 31.44547622,120.6618671 31.44545009,120.6618581 31.44542414,120.6618493 31.44539813,120.661841 31.44537203,120.6618332 31.44534582,120.6618255 31.44531959,120.6618177 31.44529337,120.6618099 31.44526716,120.6618021 31.445241,120.661795 31.4452146,120.6617872 31.44518842,120.6617799 31.44516213,120.6617722 31.44513594,120.6617642 31.44510975,120.6617563 31.44508358,120.6617486 31.44505734,120.6617406 31.44503117,120.6617327 31.44500499,120.6617246 31.44497884,120.6617164 31.44495272,120.6617086 31.4449265,120.6617009 31.44490027,120.6616929 31.44487409,120.6616849 31.44484792,120.6616771 31.4448217,120.6616687 31.44479563,120.6616606 31.44476949,120.6616525 31.44474336,120.6616444 31.44471719,120.6616366 31.44469098,120.6616287 31.44466478,120.6616206 31.44463864,120.6616128 31.44461243,120.6616048 31.44458626,120.6615969 31.44456006,120.661589 31.44453387,120.6615814 31.44450761,120.6615737 31.44448138,120.661566 31.44445514,120.6615582 31.44442891,120.6615504 31.44440271,120.6615424 31.44437654,120.6615342 31.4443504,120.6615263 31.44432419,120.6615179 31.44429815,120.6615099 31.44427198,120.6615018 31.44424585,120.6614936 31.44421974,120.6614854 31.44419362,120.661477 31.44416753,120.6614686 31.44414144,120.6614603 31.4441153,120.6614518 31.44408904,120.6614431 31.44406179,120.661435 31.44403665,120.6614267 31.44401072,120.6614184 31.4439846,120.6614101 31.44395851,120.6614015 31.44393244,120.6613934 31.44390631,120.6613849 31.4438803,120.6613766 31.44385418,120.6613687 31.44382796,120.6613611 31.44380173,120.6613532 31.44377553,120.6613459 31.44374919,120.6613387 31.44372285,120.6613312 31.44369659,120.6613241 31.44367025,120.6613165 31.44364396,120.6613086 31.44361779,120.6613005 31.44359164,120.6612924 31.44356552,120.6612841 31.44353943,120.6612759 31.44351329,120.6612679 31.44348717,120.6612595 31.44346112,120.6612512 31.44343503,120.6612429 31.44340891,120.661235 31.44338275,120.6612269 31.4433566,120.6612188 31.44333044,120.6612106 31.44330432,120.6612025 31.44327819,120.6611942 31.44325208,120.661186 31.44322598,120.661178 31.4431998,120.6611699 31.44317367,120.6611617 31.44314754,120.6611534 31.44312143,120.6611452 31.44309529,120.661137 31.44306917,120.6611291 31.44304298,120.6611214 31.44301675,120.6611131 31.44299065,120.6611053 31.44296443,120.6610973 31.44293826,120.661089 31.44291218,120.6610814 31.44288594,120.6610733 31.44285979,120.6610652 31.44283362,120.6610574 31.44280742,120.6610497 31.44278119,120.6610415 31.44275508,120.6610341 31.4427288,120.661026 31.44270265,120.6610182 31.44267645,120.6610104 31.44265023,120.6610025 31.44262403,120.6609945 31.44259785,120.6609865 31.44257169,120.6609784 31.44254554,120.6609703 31.4425194,120.6609625 31.44249318,120.6609547 31.44246698,120.6609468 31.44244078,120.660939 31.4424146,120.6609309 31.44238845,120.6609229 31.44236228,120.6609149 31.4423361,120.6609068 31.44230994,120.660899 31.44228374,120.660891 31.44225758,120.660883 31.4422314,120.6608749 31.44220525,120.6608668 31.44217909,120.6608588 31.44215293,120.6608506 31.4421268,120.6608424 31.44210067,120.6608344 31.44207451,120.6608263 31.44204834,120.660818 31.44202224,120.6608092 31.44199631,120.6607991 31.44197068,120.6607908 31.44194457,120.6607822 31.44191852,120.6607742 31.4418923,120.6607662 31.44186604,120.6607553 31.4418405,120.6607454 31.4418148,120.6607358 31.44178893,120.6607277 31.44176228,120.6607151 31.44173773,120.6607218 31.44171235,120.6607033 31.44169048,)
133:LineString(120.662671 31.44820352,120.6626627 31.4481774,120.6626548 31.44815122,120.6626468 31.44812505,120.6626387 31.44809888,120.6626307 31.44807271,120.6626227 31.44804653,120.6626148 31.44802035,120.6626068 31.44799417,120.6625988 31.44796801,120.6625907 31.44794185,120.6625826 31.4479157,120.6625748 31.44788949,120.6625666 31.44786339,120.6625587 31.44783718,120.6625507 31.44781102,120.6625427 31.44778484,120.6625348 31.44775864,120.6625268 31.44773247,120.6625192 31.44770623,120.6625111 31.44768007,120.6625033 31.44765386,120.6624952 31.44762769,120.6624875 31.44760147,120.6624795 31.44757531,120.6624714 31.44754915,120.6624633 31.44752299,120.6624552 31.44749686,120.6624472 31.44747067,120.6624394 31.44744447,120.6624314 31.44741829,120.6624236 31.44739209,120.6624155 31.44736592,120.6624075 31.44733975,120.6623996 31.44731357,120.6623915 31.44728742,120.6623834 31.44726127,120.6623753 31.44723512,120.6623671 31.44720899,120.662359 31.44718283,120.662351 31.44715665,120.662343 31.44713049,120.6623351 31.4471043,120.662327 31.44707813,120.6623194 31.44705189,120.6623111 31.44702581,120.6623034 31.44699958,120.6622954 31.44697341,120.6622875 31.44694721,120.6622796 31.44692101,120.6622716 31.44689483,120.6622638 31.44686863,120.6622557 31.44684247,120.6622478 31.44681627,120.6622398 31.4467901,120.6622317 31.44676395,120.6622238 31.44673776,120.6622156 31.44671164,120.6622076 31.44668546,120.6621996 31.44665928,120.6621917 31.4466331,120.6621837 31.44660692,120.6621758 31.44658073,120.6621676 31.44655459,120.6621597 31.4465284,120.6621517 31.44650223,120.6621437 31.44647606,120.6621357 31.44644988,120.6621276 31.44642373,120.6621196 31.44639756,120.6621115 31.44637141,120.6621034 31.44634527,120.6620953 31.44631911,120.6620871 31.44629299,120.6620792 31.4462668,120.6620711 31.44624065,120.662063 31.44621449,120.662055 31.44618832,120.6620469 31.44616218,120.6620388 31.44613603,120.6620307 31.44610987,120.6620227 31.44608369,120.6620145 31.44605758,120.6620066 31.44603137,120.6619985 31.44600525,120.6619905 31.44597907,120.6619824 31.44595292,120.6619744 31.44592675,120.6619663 31.44590058,120.6619583 31.44587442,120.6619503 31.44584825,120.6619422 31.44582209,120.6619342 31.44579591,120.6619262 31.44576975,120.6619183 31.44574356,120.6619102 31.44571741,120.6619022 31.44569124,120.6618941 31.44566508,120.6618859 31.44563894,120.6618779 31.44561279,120.6618698 31.44558663,120.6618616 31.44556049,120.6618537 31.4455343,120.6618453 31.44550822,120.6618371 31.44548209,120.661829 31.44545595,120.6618207 31.44542983,120.6618124 31.44540373,120.6618043 31.44537758,120.6617964 31.44535139,120.6617885 31.4453252,120.6617806 31.445299,120.6617728 31.44527278,120.6617646 31.44524665,120.6617571 31.44522037,120.6617492 31.44519417,120.6617413 31.44516798,120.6617336 31.44514174,120.6617256 31.44511558,120.6617177 31.44508938,120.6617097 31.4450632,120.6617017 31.44503702,120.6616938 31.44501084,120.6616856 31.44498471,120.6616775 31.44495857,120.6616695 31.44493238,120.6616616 31.4449062,120.6616535 31.44488003,120.6616457 31.44485383,120.6616375 31.4448277,120.6616295 31.44480152,120.6616215 31.44477535,120.6616134 31.4447492,120.6616055 31.44472302,120.6615975 31.44469683,120.6615893 31.44467071,120.6615816 31.44464448,120.6615734 31.44461834,120.6615655 31.44459215,120.6615576 31.44456596,120.6615496 31.44453979,120.6615417 31.44451359,120.6615337 31.44448741,120.6615257 31.44446124,120.6615178 31.44443505,120.6615097 31.4444089,120.6615018 31.44438271,120.6614938 31.44435654,120.6614857 31.44433038,120.6614777 31.44430422,120.6614696 31.44427807,120.6614614 31.44425193,120.6614533 31.44422578,120.6614452 31.44419964,120.661437 31.44417352,120.6614288 31.44414737,120.6614208 31.44412121,120.6614125 31.4440951,120.6614045 31.44406893,120.6613965 31.44404276,120.6613883 31.44401662,120.6613802 31.44399049,120.6613719 31.44396437,120.661364 31.44393819,120.661356 31.443912,120.6613477 31.4438859,120.6613397 31.44385973,120.6613317 31.44383355,120.661324 31.44380732,120.6613161 31.44378112,120.6613085 31.44375485,120.6613009 31.44372861,120.6612931 31.44370239,120.6612853 31.44367617,120.6612773 31.44364999,120.6612692 31.44362385,120.6612611 31.44359769,120.6612529 31.44357157,120.6612448 31.44354543,120.6612368 31.44351925,120.6612287 31.4434931,120.6612206 31.44346696,120.6612124 31.44344082,120.6612044 31.44341466,120.6611962 31.44338851,120.6611882 31.44336235,120.6611802 31.44333619,120.661172 31.44331006,120.6611639 31.4432839,120.6611559 31.44325774,120.6611477 31.4432316,120.6611396 31.44320546,120.6611315 31.4431793,120.6611233 31.44315317,120.6611154 31.44312698,120.6611072 31.44310084,120.6610993 31.44307465,120.6610912 31.4430485,120.6610832 31.44302234,120.6610752 31.44299617,120.6610672 31.44297,120.661059 31.44294387,120.661051 31.44291769,120.6610429 31.44289154,120.6610351 31.44286531,120.661027 31.44283916,120.6610192 31.44281296,120.6610113 31.44278677,120.6610032 31.4427606,120.6609954 31.44273439,120.6609873 31.44270824,120.6609793 31.44268206,120.6609714 31.44265588,120.6609633 31.44262973,120.6609554 31.44260354,120.6609474 31.44257737,120.6609392 31.44255122,120.6609312 31.44252506,120.6609233 31.44249887,120.6609154 31.44247267,120.6609074 31.4424465,120.6608995 31.44242031,120.6608914 31.44239415,120.6608834 31.44236797,120.6608753 31.44234183,120.6608672 31.44231567,120.6608591 31.44228953,120.6608511 31.44226334,120.6608431 31.44223719,120.6608352 31.44221098,120.6608272 31.44218482,120.6608193 31.44215862,120.6608113 31.44213245,120.6608034 31.44210626,120.6607952 31.44208012,120.6607872 31.44205396,120.6607792 31.44202778,120.6607709 31.44200168,120.6607625 31.4419756,)
134:LineString(120.6625827 31.44820332,120.6625747 31.44817713,120.6625665 31.44815101,120.6625579 31.44812497,120.6625494 31.44809891,120.662541 31.44807283,120.6625327 31.44804673,120.6625245 31.4480206,120.6625164 31.44799445,120.6625083 31.44796831,)
135:LineString(120.6625541 31.4479488,120.6625461 31.44792261,120.6625382 31.44789643,120.6625301 31.44787027,120.662522 31.44784412,120.662514 31.44781795,120.662506 31.44779177,120.6624981 31.44776558,120.6624902 31.44773938,120.6624823 31.44771318,120.6624744 31.44768698,120.6624667 31.44766076,120.6624586 31.4476346,120.662451 31.44760835,120.6624427 31.44758223,120.6624347 31.44755605,120.662427 31.44752982,120.6624186 31.44750374,120.6624107 31.44747755,120.6624021 31.44745153,120.6623947 31.44742522,)
136:LineString(120.6619963 31.44612912,120.6619883 31.44610294,120.6619804 31.44607676,120.6619724 31.44605058,120.6619644 31.44602441,120.6619564 31.44599823,120.6619484 31.44597206,120.6619404 31.44594589,120.6619324 31.44591971,120.6619245 31.44589352,120.6619165 31.44586734,120.6619085 31.44584117,120.6619004 31.44581501,120.6618924 31.44578884,120.6618844 31.44576266,120.6618764 31.44573649,120.6618684 31.44571033,120.6618604 31.44568415,120.6618524 31.44565799,120.6618444 31.44563181,120.6618363 31.44560565,120.6618283 31.44557948,120.6618202 31.44555333,120.6618122 31.44552715,120.6618043 31.44550096,120.6617965 31.44547475,120.6617886 31.44544855,120.6617808 31.44542232,120.6617731 31.4453961,120.6617648 31.44536998,120.6617567 31.44534383,120.6617485 31.4453177,120.6617404 31.44529155,120.6617322 31.44526543,120.6617244 31.44523922,120.6617161 31.44521313,120.6617082 31.44518694,120.6616999 31.44516086,120.6616922 31.44513463,120.6616841 31.44510848,120.661676 31.44508233,120.6616679 31.44505618,120.6616599 31.44503,120.6616517 31.44500387,120.6616437 31.4449777,120.6616356 31.44495154,120.6616276 31.44492538,120.6616196 31.44489921,120.6616117 31.44487302,120.6616038 31.44484682,120.6615956 31.44482068,120.6615878 31.44479447,120.6615797 31.44476832,120.6615715 31.44474219,120.6615635 31.44471601,120.6615555 31.44468984,120.6615476 31.44466366,120.6615395 31.4446375,120.6615313 31.44461138,120.6615232 31.44458522,120.6615152 31.44455904,120.6615073 31.44453286,120.6614992 31.44450671,120.6614911 31.44448056,120.661483 31.4444544,120.6614743 31.4444284,120.6614665 31.44440219,120.6614585 31.44437601,120.6614509 31.44434975,)
137:LineString(120.6614082 31.44421307,120.6614001 31.44418692,120.6613922 31.44416074,120.6613843 31.44413453,120.6613766 31.4441083,120.6613689 31.44408206,120.661361 31.44405585,120.6613532 31.44402966,120.6613452 31.44400346,120.6613373 31.44397728,120.6613293 31.4439511,120.6613214 31.44392492,120.6613134 31.44389874,120.6613053 31.4438726,120.6612972 31.44384643,120.6612893 31.44382024,120.6612811 31.44379413,120.6612731 31.44376794,120.6612649 31.44374182,120.6612569 31.44371564,120.6612491 31.44368942,120.6612408 31.44366333,120.6612331 31.4436371,120.661225 31.44361093,120.6612169 31.44358479,120.661209 31.44355861,120.6612004 31.44353255,120.6611929 31.44350628,120.6611841 31.44348031,120.6611767 31.44345407,120.6611684 31.44342797,120.6611603 31.4434018,120.6611522 31.44337565,120.6611443 31.44334948,120.6611362 31.44332332,120.6611281 31.44329717,120.6611202 31.44327098,120.661112 31.44324484,120.6611041 31.44321866,120.6610961 31.44319248,120.6610882 31.44316629,120.6610803 31.4431401,120.6610724 31.44311389,120.6610645 31.44308771,120.6610566 31.44306151,120.6610484 31.44303537,120.6610404 31.44300921,120.6610324 31.44298304,120.6610243 31.44295687,120.6610163 31.44293071,120.6610082 31.44290456,120.6610003 31.44287837,120.6609922 31.44285221,120.6609842 31.44282606,120.6609762 31.44279989,120.6609681 31.44277373,120.6609601 31.44274756,120.6609518 31.44272145,120.6609438 31.44269528,120.6609357 31.44266914,120.6609276 31.44264299,120.6609195 31.44261683,120.6609114 31.44259069,120.6609032 31.44256456,120.660895 31.44253843,120.6608869 31.44251227,120.660879 31.44248608,120.660871 31.44245991,120.660863 31.44243373,120.6608549 31.44240759,120.6608469 31.44238141,120.6608389 31.44235525,120.6608308 31.44232909,120.6608228 31.44230292,120.6608142 31.44227687,120.6608063 31.44225068,120.6607983 31.44222452,120.6607905 31.4421983,120.6607828 31.44217206,120.6607749 31.44214586,120.6607668 31.44211972,120.6607589 31.44209354,120.6607509 31.44206736,120.660743 31.44204117,120.6607352 31.44201495,)
138:LineString(120.6607553 31.4419206,120.6607419 31.44189624,120.6607318 31.44187059,120.6607211 31.44184514,120.6607108 31.44181957,120.6607006 31.441794,120.6606908 31.44176832,120.6606801 31.44174294,120.6606731 31.44171687,120.6606623 31.44169149,120.6606488 31.44166709,120.6606414 31.44164074,)
139:LineString(120.6606833 31.44165876,120.660673 31.44163317,120.6606631 31.44160749,120.6606531 31.44158181,120.6606433 31.4415561,120.6606335 31.44153039,120.6606239 31.4415046,120.6606147 31.44147877,120.6606062 31.44145272,120.6605976 31.44142673,120.6605897 31.4414006,120.6605817 31.44137438,120.6605736 31.44134832,120.6605662 31.44132205,120.660558 31.44129594,120.6605504 31.44126895,120.6605424 31.44124355,120.6605345 31.44121732,120.6605271 31.44119113,120.6605184 31.44116514,120.6605107 31.44113891,120.6605019 31.44111292,120.6604932 31.4410869,120.6604858 31.4410606,120.6604762 31.44103483,120.6604685 31.4410086,120.66046 31.44098255,120.6604521 31.44095634,120.6604443 31.44093013,120.6604365 31.44090391,120.6604285 31.44087775,120.6604206 31.44085157,120.6604132 31.44082521,120.6604045 31.44079942,120.6603966 31.4407732,120.6603873 31.44074737,120.660379 31.44072123,120.6603708 31.44069515,120.6603631 31.44066893,120.6603553 31.44064289,120.6603475 31.44061662,120.6603399 31.44059038,120.6603322 31.44056412,120.6603246 31.44053787,120.660317 31.44051159,120.6603094 31.44048524,120.6603021 31.44045887,120.6602943 31.44043256,120.6602871 31.44040682,120.6602788 31.44038069,120.660271 31.44035447,120.6602628 31.44032834,120.6602548 31.44030212,120.6602466 31.44027604,120.6602387 31.44024989,120.6602306 31.44022374,120.6602223 31.4401976,120.6602144 31.4401715,120.6602059 31.44014551,120.6601975 31.44011938,120.6601892 31.44009328,120.6601809 31.44006722,120.6601729 31.44004105,120.6601646 31.44001494,120.6601565 31.43998881,120.6601482 31.43996272,120.66014 31.43993658,120.660132 31.43991042,120.6601239 31.43988428,120.6601158 31.43985819,120.660108 31.43983198,120.6600999 31.43980583,120.6600918 31.43977968,120.6600832 31.43975363,120.6600751 31.43972748,120.660067 31.43970134,120.660059 31.43967517,120.6600507 31.43964905,120.6600429 31.43962283,120.6600348 31.43959669,120.6600273 31.4395704,120.6600192 31.43954432,120.6600118 31.43951805,120.6600038 31.43949184,120.6599961 31.43946559,120.6599879 31.43943948,120.6599802 31.43941327,120.6599725 31.439387,120.6599646 31.43936081,120.659957 31.43933457,120.6599491 31.4393084,120.6599413 31.43928218,120.6599336 31.43925593,120.6599254 31.43922986,120.6599178 31.43920364,120.6599095 31.43917754,120.659901 31.43915146,120.659893 31.4391253,120.6598844 31.43909928,120.6598764 31.43907307,120.6598684 31.43904694,120.6598596 31.43902102,120.6598516 31.43899486,120.6598431 31.43896877,120.6598355 31.43894256,120.6598275 31.43891648,120.6598195 31.43889026,120.659809 31.43886476,120.6598003 31.4388388,120.6597922 31.43881266,120.6597841 31.43878642,120.6597763 31.43876011,120.6597687 31.4387341,120.6597613 31.43870777,120.6597541 31.43868143,120.6597469 31.43865508,120.6597399 31.43862873,120.6597293 31.43860326,120.6597211 31.43857705,120.6597124 31.43855103,120.6597047 31.43852477,120.6596966 31.43849867,120.6596893 31.43847234,120.6596806 31.43844633,)
140:LineString(120.6606324 31.44162038,120.6606222 31.44159477,120.6606123 31.44156908,120.6606025 31.44154338,120.6605928 31.44151764,120.6605832 31.44149185,120.6605739 31.44146601,120.660565 31.44144006,120.6605566 31.44141399,120.6605489 31.44138778,120.6605413 31.44136155,120.6605335 31.44133532,120.6605258 31.44130909,120.6605179 31.4412829,120.66051 31.44125669,120.6605021 31.44123049,120.6604942 31.44120432,120.6604861 31.44117816,120.660478 31.44115201,120.6604696 31.44112594,120.6604611 31.44109986,120.660453 31.44107373,120.6604445 31.44104769,120.6604364 31.44102154,120.6604282 31.44099542,120.66042 31.4409693,120.6604118 31.44094316,120.6604039 31.44091694,120.6603955 31.44089092,120.6603881 31.44086471,120.6603793 31.44083822,120.6603724 31.44081256,120.660364 31.44078644,120.6603559 31.44076033,120.6603471 31.44073433,120.6603397 31.44070801,120.6603316 31.44068188,120.6603236 31.44065573,120.6603156 31.44062955,120.6603077 31.44060335,120.6602998 31.44057698,120.6602921 31.44055072,120.6602845 31.44052454,120.6602768 31.44049831,120.6602686 31.44047225,120.6602599 31.44044625,120.6602519 31.44042006,120.6602442 31.44039393,120.660236 31.44036792,120.6602281 31.44034173,120.66022 31.44031559,120.660212 31.44028941,120.660204 31.44026323,120.660196 31.44023706,120.660188 31.44021089,120.6601799 31.44018474,120.6601719 31.44015858,120.6601638 31.44013243,120.6601558 31.44010626,120.6601477 31.4400801,120.6601396 31.44005395,120.6601316 31.44002778,120.6601234 31.44000165,120.6601155 31.43997545,120.6601075 31.43994929,120.6600994 31.43992314,120.6600913 31.43989699,120.6600833 31.43987082,120.6600753 31.43984464,120.6600673 31.43981846,120.6600592 31.43979232,120.6600509 31.43976621,120.6600429 31.43974004,120.6600349 31.43971387,120.6600269 31.4396877,120.6600189 31.43966154,120.6600108 31.43963538,120.6600028 31.43960921,120.659995 31.43958299,120.6599868 31.43955687,120.6599789 31.43953068,120.659971 31.43950449,120.6599632 31.43947827,120.6599552 31.4394521,120.6599473 31.4394259,120.6599393 31.43939973,120.6599313 31.43937357,120.6599236 31.43934734,120.6599155 31.4393212,120.6599077 31.43929501,120.6598995 31.43926888,120.6598915 31.4392427,120.6598833 31.43921658,120.6598754 31.43919038,120.6598673 31.43916423,120.6598592 31.43913808,120.6598512 31.43911191,120.6598432 31.43908574,120.6598353 31.43905955,120.6598273 31.43903338,120.6598192 31.43900722,120.6598112 31.43898104,120.6598031 31.43895489,120.6597951 31.43892873,120.6597872 31.43890252,120.6597784 31.43887655,120.6597701 31.43885043,120.6597624 31.43882419,120.6597546 31.43879799,120.6597467 31.43877179,120.6597389 31.43874558,120.659731 31.43871937,120.6597232 31.43869316,120.6597154 31.43866697,120.6597074 31.4386408,120.6596993 31.43861465,120.6596907 31.43858861,120.6596826 31.43856247,120.6596743 31.43853636,120.6596663 31.43851019,120.6596583 31.43848401,120.6596502 31.43845787,120.6596423 31.43843168,120.6596344 31.43840548,)
141:LineString(120.6605444 31.44149824,120.6605365 31.44147204,120.6605287 31.44144583,120.6605209 31.44141963,120.6605129 31.44139344,120.660505 31.44136725,120.6604971 31.44134106,120.6604891 31.44131488,120.6604812 31.44128869,120.6604732 31.4412625,120.660465 31.44123638,120.660457 31.4412102,120.6604487 31.4411841,120.6604406 31.44115717,120.6604325 31.44113179,120.6604243 31.44110567,120.6604161 31.44107958,120.6604074 31.44105358,120.660399 31.44102751,120.66039 31.44100158,120.6603803 31.44097581,120.6603713 31.44094991,120.6603549 31.44092681,)
142:LineString(120.6597385 31.43887146,120.6597305 31.43884529,120.6597226 31.4388191,120.6597146 31.43879292,120.6597066 31.43876674,120.6596987 31.43874056,120.6596908 31.43871436,120.6596828 31.43868817,120.6596749 31.43866199,120.6596669 31.43863582,120.6596588 31.43860967,120.6596509 31.43858346,120.6596426 31.43855737,120.6596349 31.43853113,120.6596265 31.43850505,120.6596186 31.43847886,120.6596107 31.43845267,120.6596029 31.43842644,)
143:LineString(120.6594543 31.43793531,120.6594467 31.43790905,120.6594392 31.43788276,120.6594316 31.43785649,120.659424 31.43783024,120.6594163 31.43780399,120.6594087 31.43777774,120.6594009 31.43775152,120.6593931 31.43772529,120.6593854 31.43769906,120.6593775 31.43767287,120.6593697 31.43764666,120.659362 31.43762043,120.6593542 31.43759421,120.6593464 31.437568,120.6593386 31.43754177,120.659331 31.43751553,120.6593231 31.43748933,120.6593154 31.43746308,120.6593077 31.43743685,120.6592999 31.43741064,120.6592921 31.43738442,120.6592843 31.43735821,120.6592763 31.43733203,120.6592685 31.43730582,120.6592606 31.43727963,120.6592529 31.43725339,120.659245 31.43722719,120.6592372 31.43720097,120.6592293 31.43717477,120.6592217 31.43714852,120.6592139 31.43712231,120.6592062 31.43709606,120.6591985 31.43706982,120.6591908 31.43704359,120.659183 31.43701736,120.6591753 31.43699113,120.6591675 31.4369649,120.6591597 31.43693868,120.659152 31.43691245,120.6591442 31.43688623,120.6591365 31.43685999,120.6591288 31.43683376,120.659121 31.43680754,120.6591133 31.4367813,120.6591056 31.43675505,120.6590979 31.43672881,120.6590902 31.43670257,120.6590825 31.43667633,120.6590748 31.4366501,120.6590671 31.43662386,120.6590595 31.4365976,120.6590519 31.43657135,120.6590442 31.43654511,120.6590364 31.43651888,120.6590286 31.43649266,120.6590209 31.43646642,120.6590131 31.4364402,120.6590053 31.43641398,120.6589975 31.43638777,120.6589897 31.43636155,120.658982 31.43633533,120.6589741 31.43630912,120.6589663 31.43628291,120.6589584 31.43625671,120.6589507 31.43623047,120.658943 31.43620424,120.6589352 31.436178,120.6589275 31.43615178,120.6589197 31.43612555,120.658912 31.43609931,120.6589043 31.43607307,120.6588966 31.43604684,120.6588888 31.43602063,120.658881 31.43599441,120.6588732 31.43596819,120.6588655 31.43594195,120.6588576 31.43591575,120.6588498 31.43588954,120.6588421 31.43586331,120.6588343 31.43583707,120.6588267 31.43581083,120.658819 31.43578459,120.6588112 31.43575835,120.6588035 31.43573213,120.6587957 31.43570591,120.658788 31.43567967,120.6587802 31.43565345,120.6587723 31.43562725,120.6587645 31.43560104,120.6587567 31.43557482,120.658749 31.43554857,120.658741 31.43552241,120.6587331 31.43549621,120.6587253 31.43547,120.6587175 31.43544378,120.6587098 31.43541754,120.6587017 31.4353914,120.658694 31.43536514,120.6586861 31.43533895,120.6586782 31.43531276,120.6586703 31.43528658,120.6586622 31.43526041,120.6586544 31.43523421,120.6586461 31.43520813,120.6586382 31.43518193,120.6586303 31.43515573,120.658622 31.43512963,120.658614 31.43510344,120.6586054 31.43507743,120.6585974 31.43505126,120.6585895 31.43502507,)
144:LineString(120.6595187 31.43791224,120.6595111 31.43788597,120.6595035 31.43785971,120.6594956 31.43783352,120.6594878 31.4378073,120.6594799 31.43778111,120.6594721 31.43775488,120.6594646 31.4377286,120.6594571 31.43770232,120.6594495 31.43767605,120.6594418 31.43764982,120.6594341 31.43762359,120.6594263 31.43759736,120.6594189 31.43757106,120.6594112 31.43754485,120.6594034 31.43751864,120.6593959 31.43749243,120.6593879 31.43746628,120.6593801 31.43744006,120.6593722 31.43741387,120.6593643 31.43738767,120.6593564 31.43736148,120.6593486 31.43733527,120.6593407 31.43730907,120.659333 31.43728284,120.6593252 31.4372566,120.6593174 31.43723039,120.6593097 31.43720416,120.659302 31.43717793,120.6592942 31.4371517,120.6592865 31.43712546,120.6592789 31.43709921,120.659271 31.43707302,120.6592632 31.43704679,120.6592554 31.43702059,120.6592476 31.43699437,120.6592398 31.43696815,120.659232 31.43694192,120.6592242 31.43691573,120.6592165 31.43688948,120.6592089 31.43686322,120.659201 31.43683703,120.6591935 31.43681075,120.6591855 31.43678457,120.6591778 31.43675833,120.6591702 31.43673208,120.6591622 31.43670591,120.6591545 31.43667967,120.6591468 31.43665344,120.659139 31.43662722,120.6591312 31.43660101,120.6591234 31.43657479,120.6591156 31.43654856,120.6591079 31.43652232,120.6591001 31.43649611,120.6590925 31.43646986,120.6590847 31.43644364,120.659077 31.4364174,120.6590692 31.43639118,120.6590614 31.43636496,120.6590535 31.43633875,120.6590458 31.43631251,120.6590382 31.43628625,120.6590309 31.43625994,120.6590235 31.43623364,120.6590162 31.43620731,120.6590085 31.43618107,120.6590008 31.43615482,120.6589931 31.43612859,120.6589853 31.43610235,120.6589775 31.43607614,120.6589696 31.43604993,120.6589619 31.43602371,120.6589536 31.43599761,120.6589463 31.43597131,120.658938 31.43594525,120.6589307 31.43591893,120.6589229 31.43589273,120.6589151 31.43586651,120.6589071 31.43584034,120.6588993 31.43581412,120.6588914 31.43578792,120.6588843 31.43576156,120.6588767 31.43573531,120.658869 31.4357091,120.6588611 31.43568289,120.6588536 31.43565669,120.658846 31.43563051,120.6588377 31.43560452,120.6588303 31.43557817,120.6588227 31.43555196,120.6588144 31.43552586,120.6588069 31.4354996,120.6587986 31.4354735,120.6587909 31.43544728,120.6587825 31.4354212,120.6587746 31.43539502,120.6587666 31.43536886,120.6587591 31.43534256,120.6587509 31.43531647,120.6587438 31.43529018,120.6587356 31.43526408,120.6587274 31.43523792,120.6587196 31.4352117,120.6587119 31.43518548,120.6587034 31.43515942,120.6586946 31.43513343,120.6586864 31.43510731,120.6586784 31.43508114,120.6586705 31.43505493,120.6586629 31.43502868,)
145:LineString(120.6594212 31.43794237,120.6594134 31.43791615,120.6594064 31.43788977,120.659399 31.43786347,120.6593915 31.43783719,120.6593838 31.43781094,120.6593761 31.43778472,120.6593681 31.43775854,120.6593601 31.43773236,120.6593522 31.43770616,120.6593443 31.43767998,120.6593364 31.43765377,120.6593289 31.4376275,120.6593209 31.43760136,120.6593133 31.4375751,120.6593056 31.43754888,120.659298 31.43752261,120.6592902 31.43749646,120.6592828 31.43747016,120.6592749 31.43744396,120.6592671 31.43741774,120.6592594 31.43739151,120.6592516 31.4373653,120.6592437 31.4373391,120.6592358 31.43731291,120.6592279 31.43728671,120.6592199 31.43726054,120.659212 31.43723435,120.659204 31.43720818,120.6591961 31.43718198,120.6591884 31.43715574,120.6591806 31.43712953,120.6591727 31.43710331,120.6591652 31.43707705,120.6591574 31.43705084,120.6591498 31.43702457,120.659142 31.43699838,120.6591344 31.43697214,120.6591267 31.4369459,120.6591187 31.43691972,120.659111 31.43689348,120.6591032 31.43686726,120.6590955 31.43684103,120.6590875 31.43681489,120.65908 31.43678862,120.6590721 31.43676242,120.6590644 31.43673618,120.6590567 31.43670994,120.6590489 31.43668371,120.6590413 31.43665746,120.6590337 31.43663119,120.6590263 31.4366049,120.6590189 31.4365786,120.6590111 31.43655238,120.6590034 31.43652614,120.6589956 31.43649993,120.6589878 31.4364737,120.6589801 31.43644748,120.6589724 31.43642123,120.6589646 31.43639503,120.6589567 31.43636883,120.6589489 31.43634263,120.6589409 31.43631646,120.6589331 31.43629024,120.6589251 31.43626407,120.6589173 31.43623785,120.6589095 31.43621163,120.6589018 31.43618539,120.6588941 31.43615914,120.6588865 31.4361329,120.6588789 31.43610663,120.6588711 31.43608041,120.6588637 31.43605414,120.6588557 31.43602796,120.6588477 31.43600179,120.65884 31.43597557,120.658832 31.4359494,120.6588242 31.43592319,120.6588165 31.43589696,120.6588086 31.43587074,120.6588009 31.43584451,120.6587931 31.4358183,120.6587854 31.43579207,120.6587776 31.43576585,120.6587698 31.43573962,120.658762 31.43571341,120.6587541 31.43568722,120.6587463 31.435661,120.6587383 31.43563483,120.6587304 31.43560863,120.6587225 31.43558244,120.6587147 31.43555621,120.6587068 31.43553002,120.658699 31.43550381,120.6586912 31.4354776,120.658683 31.43545145,120.6586757 31.43542513,120.6586674 31.43539909,120.6586599 31.4353728,120.658652 31.43534662,120.6586441 31.43532041,120.6586362 31.43529423,120.6586282 31.43526805,120.6586201 31.43524189,120.6586121 31.43521574,120.6586042 31.43518954,120.6585964 31.4351633,120.6585881 31.43513721,120.6585799 31.43511109,120.6585708 31.43508518,120.6585628 31.43505903,)
146:LineString(120.6594831 31.43790767,120.6594755 31.43788141,120.6594679 31.43785515,120.6594602 31.4378289,120.6594525 31.43780266,120.6594449 31.43777641,120.6594373 31.43775016,120.6594297 31.4377239,120.6594221 31.43769764,120.6594144 31.43767139,120.6594066 31.43764517,120.6593988 31.43761895,120.6593909 31.43759278,120.6593831 31.43756656,120.6593752 31.43754036,120.6593676 31.43751412,120.6593597 31.43748793,120.6593518 31.43746173,120.6593438 31.43743555,120.6593359 31.43740935,120.6593281 31.43738314,120.6593202 31.43735695,120.6593124 31.43733073,120.6593045 31.43730454,120.6592967 31.43727832,120.659289 31.43725208,120.6592811 31.43722588,120.6592734 31.43719964,120.6592657 31.43717341,120.6592579 31.43714718,120.6592503 31.43712094,120.6592424 31.43709473,120.6592347 31.4370685,120.6592269 31.43704228,120.6592191 31.43701605,120.6592114 31.43698983,120.6592036 31.4369636,120.6591958 31.43693739,120.659188 31.43691116,120.6591803 31.43688493,120.6591726 31.43685869,120.6591649 31.43683246,120.6591571 31.43680624,120.6591493 31.43678002,120.6591415 31.43675379,120.6591338 31.43672755,120.6591261 31.43670133,120.6591183 31.4366751,120.6591106 31.43664886,120.6591029 31.43662263,120.6590952 31.43659638,120.6590875 31.43657015,120.6590798 31.43654391,120.659072 31.43651769,120.6590643 31.43649146,120.6590566 31.43646522,120.6590488 31.436439,120.659041 31.43641278,120.6590333 31.43638655,120.6590255 31.43636033,120.6590178 31.43633408,120.65901 31.43630787,120.6590023 31.43628164,120.6589945 31.43625542,120.6589868 31.43622918,120.6589791 31.43620295,120.6589714 31.43617671,120.6589636 31.43615048,120.6589559 31.43612424,120.6589482 31.436098,120.6589405 31.43607176,120.6589327 31.43604554,120.6589249 31.43601932,120.6589172 31.4359931,120.6589094 31.43596686,120.6589017 31.43594064,120.6588938 31.43591444,120.658886 31.43588823,120.6588782 31.43586199,120.6588706 31.43583575,120.6588629 31.43580951,120.6588552 31.43578326,120.6588475 31.43575702,120.6588398 31.43573078,120.6588321 31.43570455,120.6588245 31.43567829,120.6588167 31.43565208,120.658809 31.43562584,120.6588012 31.43559963,120.6587934 31.4355734,120.6587857 31.43554717,120.6587777 31.43552099,120.6587698 31.43549479,120.658762 31.43546858,120.6587542 31.43544236,120.6587465 31.43541613,120.6587384 31.43538996,120.6587306 31.43536375,120.6587228 31.43533753,120.6587151 31.4353113,120.6587069 31.43528516,120.6586991 31.43525895,120.6586911 31.43523278,120.6586832 31.43520658,120.6586749 31.4351805,120.6586668 31.43515434,120.6586584 31.43512826,120.6586504 31.43510209,120.6586419 31.43507607,120.6586339 31.43504988,120.6586264 31.4350236,)
147:LineString(120.6585363 31.43464634,120.6585271 31.43462044,120.6585184 31.43459443,120.6585098 31.43456839,120.6585013 31.43454235,120.6584928 31.4345163,120.6584842 31.43449025,120.6584757 31.43446421,120.658467 31.43443818,120.6584584 31.43441214,120.6584497 31.43438615,120.6584405 31.43436025,120.6584325 31.43433412,120.6584228 31.43430843,120.6584142 31.43428241,120.6584051 31.4342565,120.6583958 31.43423065,120.6583869 31.43420469,120.6583779 31.43417877,120.6583688 31.43415284,120.6583595 31.43412699,120.6583505 31.43410107,120.6583413 31.43407519,120.6583322 31.43404927,120.6583229 31.43402342,120.6583134 31.43399762,120.6583041 31.43397176,120.658295 31.43394585,120.6582859 31.43391996,120.6582765 31.43389412,120.658267 31.43386833,120.6582576 31.43384249,120.6582483 31.43381664,120.658239 31.4337908,120.6582293 31.43376505,120.6582195 31.43373933,120.6582103 31.43371347,120.6582002 31.43368788,120.658191 31.43366201,120.6581812 31.43363628,120.6581718 31.43361046,120.6581621 31.43358472,120.6581523 31.433559,120.6581427 31.43353323,120.6581329 31.4335075,120.6581233 31.43348173,120.6581135 31.43345601,120.6581038 31.43343028,120.658094 31.43340455,120.658084 31.43337888,120.6580742 31.43335316,120.6580645 31.43332742,120.658055 31.43330162,120.6580447 31.43327604,120.6580348 31.43325036,120.6580253 31.43322455,120.6580159 31.43319869,120.6580059 31.43317298,120.657996 31.43314713,120.6579852 31.43312099,120.6579747 31.43309428,120.6579592 31.43306614,120.6579674 31.43304877,120.6579546 31.43302954,120.6579542 31.43300513,120.6579332 31.43300361,120.6579246 31.43297637,120.6579166 31.43294936,120.6579046 31.43292609,120.6578949 31.43290028,120.6578847 31.43287436,120.657874 31.43284886,120.6578638 31.43282325,120.657853 31.43279786,120.6578427 31.43277228,120.6578321 31.43274678,120.6578212 31.43272141,120.6578106 31.43269594,120.6577997 31.43267057,120.6577891 31.43264506,120.6577787 31.43261954,120.6577679 31.43259411,120.6577577 31.43256851,120.6577467 31.43254318,120.6577363 31.43251765,120.6577261 31.43249202,120.6577149 31.43246674,120.6577035 31.43244148,120.6576932 31.43241596,120.6576822 31.43239062,120.657671 31.4323653,120.6576603 31.43233986,120.6576498 31.43231436,120.657638 31.43228932,120.6576274 31.43226383,120.6576164 31.43223848,120.6576053 31.43221314,120.6575944 31.43218775,120.6575834 31.4321624,120.6575718 31.43213727,120.6575608 31.43211192,120.6575495 31.43208665,120.6575382 31.43206137,120.657527 31.4320361,120.6575156 31.43201086,120.6575046 31.43198551,120.6574926 31.43196049,120.6574815 31.43193517,120.6574701 31.43190994,120.657459 31.43188459,120.6574479 31.43185927,120.6574367 31.43183399,120.6574247 31.43180894,120.6574129 31.43178388,120.6574008 31.43175889,120.6573894 31.43173367,120.657378 31.43170846,120.6573663 31.43168331,120.6573545 31.43165824,120.6573428 31.43163308,120.6573312 31.43160793,120.6573197 31.43158274,120.6573082 31.43155754,120.6572969 31.43153228,120.6572851 31.43150719,120.6572731 31.43148219,120.6572623 31.4314569,120.6572499 31.43143204,120.6572381 31.43140695,120.6572259 31.43138195,120.6572142 31.43135682,120.6572026 31.43133168,120.6571902 31.4313068,120.6571784 31.43128172,120.6571665 31.43125666,120.6571546 31.4312316,120.6571426 31.43120655,120.6571307 31.43118151,120.6571187 31.43115649,120.6571064 31.43113156,120.6570944 31.43110656,120.6570821 31.43108163,120.6570699 31.43105668,120.6570574 31.43103183,120.6570452 31.43100688,120.6570328 31.430982,120.6570205 31.43095709,120.6570075 31.43093245,120.656995 31.43090758,120.6569826 31.43088273,120.6569704 31.43085776,120.6569582 31.43083282,120.656946 31.43080787,120.6569333 31.43078308,120.6569211 31.43075813,120.6569077 31.43073365,120.6568946 31.43070904,120.6568812 31.43068455,120.6568675 31.43066018,120.6568546 31.43063546,120.6568394 31.43061175,)
148:LineString(120.6584367 31.4346706,120.6584287 31.43464442,120.6584205 31.43461828,120.6584121 31.4345922,120.6584036 31.43456615,120.658395 31.43454012,120.6583863 31.43451411,120.6583777 31.4344881,120.658369 31.43446209,120.6583602 31.4344361,120.6583513 31.43441013,120.6583425 31.43438415,120.6583335 31.43435823,120.658325 31.43433219,120.6583159 31.43430629,120.6583066 31.43428045,120.6582972 31.4342546,120.6582885 31.4342286,120.6582788 31.43420289,120.6582699 31.43417695,120.6582605 31.43415111,120.6582515 31.43412518,120.6582419 31.4340994,120.6582329 31.43407349,120.6582235 31.43404765,120.6582142 31.43402179,120.658205 31.43399592,120.6581957 31.43397007,120.6581863 31.43394423,120.6581769 31.4339184,120.6581675 31.43389257,120.658158 31.43386678,120.6581484 31.433841,120.6581389 31.4338152,120.6581294 31.4337894,120.6581196 31.43376368,120.6581102 31.43373786,120.6581001 31.43371226,120.6580906 31.43368646,120.6580807 31.43366075,120.658071 31.43363502,120.6580611 31.43360931,120.6580515 31.43358354,120.6580416 31.43355786,120.6580315 31.43353223,120.6580216 31.43350653,120.6580118 31.43348081,120.658002 31.4334551,120.6579921 31.4334294,120.6579822 31.43340371,120.6579724 31.43337801,120.657962 31.43335245,120.6579521 31.43332677,120.6579423 31.43330106,120.6579323 31.43327541,120.6579222 31.43324976,120.6579118 31.43322421,120.6579018 31.43319856,120.6578917 31.43317294,120.6578818 31.43314723,120.6578718 31.43312157,120.6578615 31.43309601,120.6578515 31.43307034,120.6578414 31.43304473,120.6578315 31.43301901,120.6578214 31.43299341,120.6578116 31.43296772,120.6578011 31.43294219,120.6577907 31.43291664,120.6577803 31.4328911,120.6577698 31.43286558,120.6577593 31.43284006,120.6577489 31.43281453,120.6577382 31.43278906,120.6577276 31.43276359,120.657717 31.43273811,120.6577067 31.4327125,120.6576955 31.4326873,120.6576859 31.43266153,120.6576754 31.43263601,120.6576643 31.43261068,120.6576539 31.43258518,120.6576427 31.4325599,120.6576316 31.43253456,120.6576205 31.43250926,120.6576095 31.43248394,120.6575983 31.43245869,120.6575873 31.43243335,120.6575764 31.43240792,120.6575654 31.43238258,120.657554 31.43235734,120.657543 31.43233198,120.6575314 31.43230683,120.65752 31.4322816,120.6575086 31.43225635,120.6574971 31.43223117,120.6574863 31.43220574,120.6574742 31.43218079,120.6574639 31.43215521,120.6574544 31.43212936,120.657444 31.43210383,120.6574331 31.43207843,120.6574218 31.43205312,120.6574098 31.4320281,120.6574005 31.43200236,120.6573878 31.43197767,120.6573769 31.43195227,120.6573655 31.43192702,120.6573543 31.43190175,120.657343 31.4318765,120.6573316 31.43185128,120.6573206 31.43182598,120.6573086 31.43180094,120.657297 31.43177577,120.6572852 31.43175066,120.6572736 31.43172552,120.6572618 31.43170041,120.6572502 31.43167527,120.6572384 31.43165018,120.657227 31.43162493,120.6572155 31.43159973,120.6572041 31.43157451,120.6571928 31.43154924,120.6571809 31.43152423,120.6571703 31.4314988,120.6571582 31.4314738,120.6571464 31.43144872,120.6571345 31.43142367,120.6571225 31.43139864,120.6571109 31.43137348,120.6570982 31.43134873,120.6570865 31.43132359,120.6570745 31.43129857,120.6570624 31.43127358,120.6570504 31.43124857,120.657038 31.43122368,120.6570261 31.43119864,120.657013 31.43117403,120.657001 31.43114902,120.6569892 31.43112394,120.656977 31.43109899,120.656965 31.43107394,120.6569524 31.43104913,120.6569401 31.43102423,120.6569282 31.43099919,120.6569151 31.43097459,120.6569028 31.43094962,120.6568915 31.43092437,120.6568766 31.43090051,)
149:LineString(120.6584918 31.43461579,120.6584833 31.43458972,120.6584747 31.43456371,120.658466 31.43453769,120.6584573 31.43451168,120.6584486 31.43448568,120.6584398 31.43445968,120.6584311 31.43443368,120.6584223 31.4344077,120.6584134 31.43438174,120.6584045 31.43435577,120.6583958 31.43432978,120.6583866 31.43430389,120.6583777 31.43427793,120.6583687 31.434252,120.6583598 31.43422605,120.6583506 31.43420016,120.6583416 31.43417422,120.6583324 31.43414835,120.6583233 31.43412245,120.6583142 31.43409654,120.6583048 31.4340707,120.6582957 31.43404479,120.6582864 31.43401895,120.6582772 31.43399306,120.6582678 31.43396723,120.6582585 31.43394138,120.6582492 31.43391553,120.6582398 31.4338897,120.6582305 31.43386384,120.658221 31.43383806,120.6582116 31.43381222,120.6582021 31.43378643,120.6581924 31.43376068,120.6581829 31.43373486,120.6581731 31.43370917,120.6581637 31.43368334,120.658154 31.43365759,120.6581445 31.4336318,120.6581347 31.43360607,120.6581251 31.43358031,120.6581154 31.43355455,120.6581056 31.43352882,120.6580958 31.43350312,120.6580861 31.43347738,120.6580762 31.43345167,120.6580665 31.43342594,120.6580567 31.4334002,120.6580468 31.43337452,120.658037 31.43334881,120.658027 31.43332313,120.6580171 31.43329744,120.6580071 31.43327178,120.6579971 31.43324612,120.6579871 31.43322046,120.657977 31.43319484,120.657967 31.43316918,120.6579567 31.43314358,120.6579463 31.43311804,120.6579363 31.43309241,120.6579258 31.43306688,120.6579158 31.43304124,120.6579056 31.43301561,120.6578951 31.43299011,120.6578848 31.43296454,120.6578745 31.43293896,120.6578642 31.43291337,120.6578539 31.4328878,120.6578434 31.43286229,120.6578331 31.43283671,120.6578225 31.43281126,120.6578122 31.43278568,120.6578015 31.43276021,120.6577908 31.43273476,120.6577802 31.43270929,120.6577694 31.43268386,120.6577588 31.43265837,120.6577483 31.43263287,120.6577375 31.43260746,120.657727 31.43258194,120.6577161 31.43255655,120.6577054 31.43253108,120.6576948 31.43250559,120.657684 31.43248017,120.6576731 31.43245478,120.6576624 31.43242933,120.6576516 31.43240393,120.6576407 31.43237853,120.6576298 31.43235315,120.657619 31.43232771,120.6576077 31.43230245,120.6575969 31.43227704,120.6575858 31.43225171,120.6575748 31.43222636,120.6575637 31.43220102,120.6575525 31.4321757,120.6575413 31.43215042,120.65753 31.43212514,120.6575188 31.43209988,120.6575076 31.43207458,120.6574964 31.43204929,120.6574851 31.43202402,120.6574738 31.43199874,120.6574626 31.43197346,120.6574511 31.43194825,120.6574398 31.431923,120.6574284 31.43189776,120.657417 31.43187254,120.6574055 31.43184734,120.6573943 31.43182206,120.6573823 31.43179705,120.6573708 31.43177183,120.6573593 31.43174666,120.6573477 31.43172149,120.6573362 31.4316963,120.6573245 31.43167117,120.6573126 31.43164611,120.657301 31.43162095,120.6572894 31.43159577,120.6572779 31.43157059,120.6572664 31.43154538,120.6572547 31.43152028,120.657243 31.43149515,120.6572318 31.43146988,120.6572198 31.43144486,120.657208 31.43141977,120.657196 31.43139475,120.6571842 31.43136963,120.6571724 31.43134456,120.6571601 31.43131963,120.6571483 31.43129455,120.6571363 31.43126953,120.6571242 31.43124453,120.6571121 31.43121955,120.6571 31.43119455,120.6570879 31.43116957,120.6570755 31.43114468,120.6570635 31.43111969,120.6570511 31.43109479,120.6570387 31.43106989,120.6570264 31.431045,120.6570142 31.43102006,120.6570017 31.43099519,120.6569897 31.43097018,120.6569768 31.4309455,120.6569647 31.43092051,120.6569524 31.43089561,120.65694 31.43087071,120.6569279 31.43084575,120.6569155 31.43082086,120.6569032 31.43079594,120.6568909 31.43077102,120.6568784 31.43074616,120.656866 31.43072129,120.6568536 31.43069643,120.6568411 31.43067157,120.6568286 31.43064674,120.6568162 31.43062185,120.6568033 31.43059718,120.6567909 31.4305723,120.6567783 31.43054747,120.6567658 31.43052262,120.6567532 31.43049784,120.6567407 31.43047299,120.656728 31.43044821,120.6567155 31.43042338,120.6567029 31.43039855,120.6566904 31.43037374,120.6566777 31.43034894,120.6566651 31.43032416,120.6566525 31.43029936,120.6566398 31.43027459,120.6566272 31.43024976,120.6566148 31.4302249,120.6566021 31.43020012,120.6565896 31.43017527,120.6565771 31.43015043,120.6565647 31.43012555,120.6565522 31.43010072,120.6565397 31.43007588,120.6565272 31.43005103,120.6565145 31.43002625,120.6565021 31.43000138,120.6564893 31.42997663,120.6564767 31.42995185,120.6564641 31.42992703,120.6564514 31.42990224,120.6564388 31.42987746,120.6564256 31.42985288,120.6564128 31.42982815,120.6564002 31.42980335,120.6563874 31.4297786,120.6563747 31.42975385,120.6563619 31.42972909,120.6563494 31.42970425,120.6563365 31.4296796,120.6563241 31.4296547,120.6563115 31.4296299,120.6562989 31.4296051,120.6562861 31.42958035,120.6562734 31.42955558,120.6562609 31.42953076,120.6562481 31.429506,)
150:LineString(120.6584585 31.43462394,120.65845 31.43459787,120.6584413 31.43457186,120.6584326 31.43454585,120.6584239 31.43451986,120.658415 31.43449388,120.6584063 31.43446789,120.6583975 31.4344419,120.6583886 31.43441594,120.6583796 31.43439,120.6583708 31.43436403,120.658362 31.43433804,120.6583528 31.43431216,120.6583439 31.43428619,120.6583349 31.43426027,120.6583259 31.43423433,120.6583168 31.43420844,120.6583078 31.43418251,120.6582985 31.43415663,120.6582895 31.43413073,120.6582803 31.43410483,120.658271 31.43407899,120.6582618 31.43405309,120.6582524 31.43402728,120.6582432 31.43400138,120.6582338 31.43397557,120.6582245 31.4339497,120.6582152 31.43392385,120.6582058 31.43389804,120.6581964 31.43387219,120.6581868 31.43384644,120.6581775 31.43382059,120.658168 31.43379479,120.6581583 31.43376904,120.6581489 31.43374321,120.658139 31.43371753,120.6581295 31.43369172,120.65812 31.43366592,120.65811 31.43364025,120.6581004 31.43361449,120.6580907 31.43358875,120.658081 31.43356299,120.6580711 31.4335373,120.6580611 31.43351163,120.6580514 31.4334859,120.6580415 31.43346022,120.6580317 31.43343448,120.6580219 31.43340877,120.6580118 31.43338314,120.6580019 31.43335744,120.657992 31.43333176,120.6579821 31.43330607,120.6579721 31.43328041,120.6579621 31.43325475,120.6579521 31.43322908,120.6579419 31.43320347,120.6579319 31.43317781,120.6579218 31.43315218,120.6579115 31.4331266,120.6579015 31.43310095,120.6578912 31.43307537,120.6578811 31.43304973,120.6578709 31.43302412,120.6578608 31.43299849,120.6578505 31.43297293,120.6578404 31.4329473,120.6578301 31.43292172,120.6578198 31.43289615,120.6578093 31.43287062,120.657799 31.43284504,120.6577885 31.43281955,120.6577781 31.432794,120.6577675 31.4327685,120.6577569 31.43274303,120.6577463 31.43271755,120.6577355 31.43269215,120.6577249 31.43266666,120.6577143 31.43264118,120.6577033 31.43261582,120.6576927 31.43259032,120.6576819 31.43256491,120.6576712 31.43253945,120.6576605 31.432514,120.6576496 31.43248862,120.6576387 31.43246323,120.6576278 31.43243783,120.657617 31.43241242,120.6576061 31.43238703,120.6575951 31.43236165,120.6575843 31.43233623,120.6575731 31.43231095,120.6575622 31.43228555,120.6575512 31.4322602,120.6575402 31.43223483,120.657529 31.43220953,120.657518 31.43218416,120.6575067 31.43215892,120.6574954 31.43213364,120.6574842 31.43210836,120.657473 31.43208306,120.6574618 31.43205776,120.6574506 31.43203248,120.6574394 31.43200717,120.657428 31.43198197,120.6574167 31.4319567,120.6574053 31.43193145,120.657394 31.43190621,120.6573825 31.43188098,120.6573711 31.43185579,120.6573599 31.4318305,120.6573479 31.43180545,120.6573366 31.43178021,120.657325 31.43175502,120.6573135 31.43172984,120.657302 31.43170465,120.6572903 31.43167951,120.6572786 31.4316544,120.657267 31.43162922,120.6572555 31.43160403,120.657244 31.43157885,120.6572326 31.43155361,120.6572207 31.43152857,120.6572093 31.43150333,120.6571979 31.43147811,120.657186 31.43145304,120.6571742 31.43142795,120.6571624 31.43140287,120.6571505 31.43137782,120.6571387 31.4313527,120.6571265 31.43132778,120.6571146 31.43130272,120.6571024 31.43127775,120.6570902 31.4312528,120.657078 31.43122784,120.6570659 31.43120285,120.6570538 31.43117789,120.6570414 31.43115301,120.6570293 31.43112801,120.657017 31.4311031,120.6570047 31.43107819,120.6569924 31.43105326,120.6569801 31.43102835,120.6569678 31.43100344,120.6569557 31.43097844,120.6569428 31.43095376,120.6569307 31.43092878,120.6569183 31.43090388,120.656906 31.43087897,120.6568937 31.43085405,120.6568814 31.43082913,120.656869 31.43080425,120.6568567 31.43077934,120.6568441 31.43075455,120.6568318 31.43072964,120.6568193 31.43070481,120.6568069 31.43067992,120.6567943 31.4306551,120.6567821 31.43063018,120.6567689 31.4306056,120.6567566 31.4305807,120.6567441 31.43055587,120.6567315 31.43053104,120.656719 31.43050619,120.6567065 31.43048136,120.6566938 31.43045658,120.6566813 31.43043174,120.6566688 31.43040692,120.6566562 31.43038209,120.6566436 31.4303573,120.6566308 31.43033254,120.6566181 31.4303078,120.6566054 31.43028303,120.6565927 31.43025825,120.65658 31.43023348,120.6565673 31.43020873,120.6565546 31.43018394,120.6565412 31.43015943,120.6565284 31.43013472,120.6565156 31.43010996,120.6565031 31.43008514,120.6564904 31.43006036,120.6564778 31.4300356,120.6564648 31.43001095,120.6564524 31.42998607,120.6564398 31.42996124,120.6564272 31.42993642,120.6564147 31.42991161,120.6564023 31.42988671,120.6563898 31.42986188,120.6563774 31.42983699,120.6563649 31.42981216,120.6563524 31.42978732,120.6563399 31.42976247,120.6563274 31.42973763,120.6563147 31.42971284,120.6563025 31.42968792,120.6562897 31.42966316,120.6562771 31.42963838,120.6562643 31.42961363,120.6562514 31.42958894,120.6562385 31.42956427,120.6562262 31.42953935,)
151:LineString(120.656843 31.43082929,120.6568305 31.43080444,120.6568181 31.43077958,120.6568056 31.43075473,120.6567931 31.43072989,120.6567806 31.43070504,120.6567681 31.43068019,120.6567557 31.43065533,120.6567433 31.43063045,120.6567308 31.4306056,120.6567182 31.43058077,120.6567057 31.43055593,120.656693 31.43053116,120.6566805 31.43050632,120.6566679 31.43048153,120.6566553 31.43045673,120.6566427 31.43043191,120.6566301 31.4304071,120.6566175 31.43038232,120.6566048 31.43035752,120.656592 31.43033282,120.6565792 31.43030807,120.6565663 31.43028338,120.6565536 31.43025863,120.6565409 31.43023387,120.6565276 31.43020929,120.6565148 31.43018459,120.6565015 31.43016005,120.656489 31.43013522,120.6564762 31.43011049,120.6564633 31.43008578,120.6564506 31.43006104,120.6564376 31.43003638,120.656425 31.43001157,120.6564123 31.42998678,120.6563996 31.42996204,120.6563868 31.42993729,120.6563743 31.42991246,120.6563618 31.42988766,120.6563507 31.42986231,120.6563384 31.42983738,120.6563263 31.42981238,120.6563139 31.42978756,120.6563018 31.42976257,120.6562887 31.42973808,120.6562778 31.429713,120.6562643 31.42968849,120.6562516 31.4296637,120.6562389 31.42963895,120.6562257 31.42961429,120.6562132 31.42958945,120.6561999 31.4295649,120.6561877 31.42953996,)
152:LineString(120.6568558 31.43063143,120.656844 31.43060633,120.6568316 31.43058146,120.6568192 31.43055659,120.6568068 31.43053171,120.6567943 31.43050685,120.6567821 31.4304819,120.6567692 31.43045724,120.6567567 31.43043238,120.6567441 31.43040758,120.6567317 31.43038272,120.6567191 31.43035789,120.656707 31.43033294,120.6566939 31.43030831,120.6566813 31.4302835,120.6566687 31.4302587,120.6566564 31.43023379,120.6566439 31.43020893,120.6566315 31.43018405,120.6566193 31.4301591,120.6566068 31.43013427,120.6565947 31.43010929,120.6565824 31.43008439,120.6565702 31.43005943,120.6565578 31.43003454,120.6565456 31.43000959,120.6565327 31.42998488,120.6565197 31.42996023,120.656507 31.42993548,120.6564943 31.4299107,120.6564816 31.42988594,120.6564689 31.42986118,120.6564549 31.42983694,120.6564421 31.42981219,120.6564292 31.4297875,120.6564162 31.42976285,120.6564036 31.42973806,120.6563905 31.42971344,120.6563784 31.42968851,120.6563649 31.42966411,120.6563527 31.42963914,120.6563401 31.42961432,120.6563274 31.42958957,120.656315 31.42956469,120.6563021 31.42954,120.656289 31.42951538,)
153:LineString(120.6562338 31.42947736,120.6562212 31.42945256,120.6562087 31.42942772,120.6561962 31.42940289,120.6561837 31.42937804,120.6561712 31.42935319,120.6561587 31.42932834,120.6561462 31.42930349,120.6561337 31.42927865,120.6561213 31.42925379,120.6561088 31.42922894,120.6560963 31.42920409,120.6560838 31.42917925,120.6560715 31.42915433,)
154:LineString(120.6562012 31.42948929,120.6561887 31.42946445,120.6561761 31.42943961,120.6561636 31.42941477,120.6561512 31.42938992,120.6561387 31.42936507,120.6561262 31.42934022,120.6561137 31.42931537,120.6561012 31.42929052,120.6560887 31.42926567,120.6560763 31.42924082,120.6560638 31.42921597,120.6560513 31.42919112,120.656039 31.42916621,)
155:LineString(120.6562646 31.42946612,120.656252 31.42944131,120.6562398 31.42941636,120.6562274 31.42939149,120.656215 31.42936659,120.6562027 31.42934169,120.6561903 31.42931679,120.6561779 31.4292919,120.6561655 31.42926702,120.6561531 31.42924215,120.6561407 31.42921728,120.6561282 31.42919243,120.6561158 31.42916757,120.6561033 31.42914271,)
156:LineString(120.6561573 31.42947592,120.6561447 31.4294511,120.6561322 31.42942625,120.6561197 31.42940143,120.6561071 31.4293766,120.6560946 31.42935177,120.6560821 31.42932694,120.6560695 31.4293021,120.656057 31.42927725,120.6560445 31.42925241,120.656032 31.42922758,120.6560195 31.42920273,120.6560067 31.42917799,)
157:LineString(120.6561118 31.42916605,120.6560994 31.42914118,120.656087 31.4291163,120.6560745 31.42909144,120.6560621 31.42906658,120.6560496 31.42904173,120.6560371 31.42901688,120.6560246 31.42899204,120.6560121 31.42896721,120.6559995 31.42894239,120.6559868 31.42891761,120.6559742 31.42889281,120.6559618 31.42886793,120.6559493 31.4288431,120.6559368 31.42881823,120.6559244 31.42879335,120.6559119 31.42876851,120.6558992 31.42874375,120.6558864 31.42871903,120.6558736 31.42869428,120.6558611 31.42866944,120.6558489 31.42864452,120.6558362 31.42861976,120.6558239 31.42859484,120.655811 31.42857013,120.6557981 31.42854543,120.6557857 31.42852056,120.6557732 31.42849572,120.6557603 31.428471,120.6557479 31.42844617,120.6557348 31.42842159,120.6557227 31.4283966,120.6557102 31.42837172,120.6556977 31.4283469,120.655685 31.4283221,120.6556725 31.42829727,120.6556601 31.4282724,120.6556478 31.42824749,120.6556352 31.42822266,120.6556228 31.42819777,120.6556105 31.42817286,120.6555984 31.42814789,120.6555857 31.4281231,120.6555728 31.42809843,120.6555604 31.42807354,120.655548 31.42804866,120.6555361 31.42802363,120.655523 31.427999,120.6555098 31.42797443,120.6554976 31.4279495,120.6554846 31.42792489,120.6554719 31.42790009,120.6554588 31.42787548,120.6554463 31.42785065,120.6554336 31.42782589,120.6554219 31.42780079,120.6554092 31.42777602,120.6553961 31.4277514,120.6553838 31.42772648,120.6553711 31.42770179,120.6553591 31.42767676,120.6553463 31.42765202,120.6553337 31.4276272,120.6553218 31.4276022,120.6553087 31.42757779,120.6552969 31.42755269,120.6552845 31.42752781,120.6552723 31.42750282,120.6552597 31.42747806,120.6552463 31.4274536,120.6552339 31.42742871,120.6552215 31.42740384,120.6552083 31.42737926,120.6551953 31.42735465,120.6551818 31.42733025,120.6551696 31.42730525,120.6551572 31.42728039,120.6551446 31.42725556,120.655132 31.42723077,120.6551194 31.42720596,120.655107 31.42718108,120.6550939 31.42715653,120.6550816 31.42713163,120.6550692 31.42710672,120.6550569 31.42708182,120.6550444 31.427057,120.655032 31.42703212,120.6550194 31.42700731,120.655007 31.42698241,120.6549943 31.42695767,120.654982 31.42693275,120.6549695 31.42690792,120.6549571 31.42688303,120.6549447 31.42685815,120.6549323 31.42683329,120.6549201 31.42680834,120.6549074 31.42678355,120.6548953 31.4267586,120.6548828 31.42673376,120.6548702 31.42670895,120.6548576 31.42668413,120.654845 31.42665934,120.6548323 31.42663457,120.6548192 31.42660997,120.6548065 31.4265852,120.6547936 31.4265605,120.6547806 31.42653585,120.6547682 31.42651099,120.654755 31.42648641,120.654743 31.42646136,120.6547316 31.42643613,120.6547206 31.42641081,120.6547098 31.42638535,120.6546973 31.42636048,120.6546839 31.42633595,120.6546704 31.42631148,120.6546561 31.42628735,120.6546429 31.42626275,120.6546296 31.42623824,120.6546165 31.42621366,120.654604 31.42618877,120.6545912 31.42616402,120.6545781 31.42613945,120.6545666 31.42611462,120.6545532 31.42609024,120.6545409 31.4260653,120.6545281 31.42604055,120.6545156 31.42601572,120.6545031 31.42599088,120.6544906 31.42596605,120.6544781 31.4259412,120.6544656 31.42591638,120.6544531 31.42589153,120.6544404 31.42586673,120.6544277 31.42584197,120.6544152 31.42581713,120.6544026 31.42579235,120.6543901 31.4257675,120.6543776 31.42574267,120.654365 31.42571787,120.6543523 31.42569309,120.6543398 31.42566824,120.6543271 31.42564346,120.6543145 31.42561865,120.6543018 31.42559391,120.6542889 31.42556918,120.6542764 31.42554437,120.6542636 31.42551965,120.6542508 31.42549489,120.654238 31.42547016,120.6542254 31.42544537,120.6542127 31.4254206,120.6542002 31.42539577,120.6541875 31.42537099,120.6541748 31.42534623,120.6541621 31.42532145,120.6541493 31.42529671,120.6541366 31.42527194,120.6541236 31.42524729,120.6541108 31.42522257,120.6540979 31.42519789,120.6540851 31.42517319,120.6540723 31.42514845,120.6540594 31.42512374,120.6540465 31.42509905,120.6540336 31.42507438,120.6540207 31.42504966,120.6540078 31.42502496,120.6539951 31.42500023,120.6539821 31.42497556,120.6539693 31.42495083,120.6539562 31.42492621,120.6539432 31.42490158,120.6539303 31.42487687,120.6539173 31.42485221,120.6539044 31.42482754,120.6538914 31.42480288,120.6538784 31.42477823,120.6538653 31.42475363,120.6538522 31.424729,120.6538391 31.42470437,120.653826 31.42467975,120.6538132 31.42465504,120.6538 31.42463045,120.6537874 31.42460568,120.6537743 31.42458106,120.6537615 31.42455635,120.6537487 31.42453162,120.6537358 31.42450692,120.6537225 31.42448238,120.6537094 31.4244578,120.6536959 31.42443334,120.6536829 31.42440868,120.6536695 31.42438417,120.6536567 31.42435942,120.6536436 31.42433485,120.6536309 31.42431009,120.6536181 31.42428532,120.6536053 31.42426064,120.6535925 31.42423589,120.6535795 31.42421122,120.6535664 31.42418662,120.6535528 31.42416219,120.6535392 31.42413776,120.6535257 31.42411336,120.653512 31.42408899,120.6534987 31.42406443,120.6534855 31.42403988,120.6534728 31.42401515,120.6534595 31.42399071,120.6534466 31.42396602,120.6534337 31.42394129,120.6534206 31.42391666,120.6534074 31.42389213,120.6533944 31.42386747,120.6533811 31.42384293,120.6533679 31.42381835,120.6533547 31.42379377,120.6533416 31.42376917,120.6533283 31.42374463,120.6533152 31.42372003,120.6533022 31.42369536,120.653289 31.42367078,120.6532758 31.42364621,120.6532631 31.42362145,120.6532502 31.42359676,120.6532371 31.42357212,120.6532211 31.42354872,120.6532092 31.42352346,120.6531971 31.42349858,120.6531852 31.42347348,120.6531727 31.42344869,120.6531592 31.42342424,)
158:LineString(120.6560186 31.42920083,120.656006 31.42917605,120.6559933 31.42915125,120.6559806 31.42912649,120.655968 31.42910171,120.6559553 31.42907692,120.6559427 31.42905212,120.6559301 31.42902731,120.6559175 31.42900249,120.6559051 31.42897763,120.6558926 31.42895278,120.65588 31.42892799,120.6558671 31.42890327,120.6558544 31.4288785,120.6558418 31.4288537,120.655829 31.42882898,120.6558166 31.42880411,120.655804 31.4287793,120.6557914 31.42875449,120.6557787 31.42872971,120.6557662 31.42870488,120.6557536 31.42868009,120.6557406 31.42865544,120.6557283 31.42863052,120.6557158 31.42860569,120.6557032 31.42858087,120.6556907 31.42855605,120.6556781 31.42853123,120.6556654 31.42850647,120.6556531 31.42848154,120.6556404 31.42845677,120.655628 31.42843192,120.6556154 31.4284071,120.655603 31.42838223,120.6555907 31.42835729,120.655578 31.42833254,120.655565 31.42830786,120.6555521 31.42828317,120.6555392 31.42825848,120.6555261 31.42823385,120.6555136 31.42820904,120.6555005 31.42818445,120.6554889 31.42815929,120.655477 31.42813422,120.6554648 31.42810926,120.6554522 31.42808445,120.65544 31.42805953,120.6554272 31.42803479,120.6554145 31.42801,120.6554018 31.42798522,120.6553892 31.42796044,120.6553766 31.42793564,120.6553639 31.42791085,120.6553512 31.4278861,120.6553385 31.42786132,120.655326 31.42783649,120.6553133 31.42781173,120.6553006 31.42778695,120.6552879 31.4277622,120.6552755 31.42773732,120.6552627 31.42771257,120.6552503 31.42768772,120.6552375 31.42766296,120.655225 31.42763815,120.6552123 31.42761338,120.6551996 31.42758861,120.6551868 31.42756387,120.6551736 31.42753927,120.6551599 31.42751489,120.6551472 31.42749014,120.6551338 31.42746567,120.6551217 31.42744067,120.6551096 31.42741569,120.6550978 31.42739059,120.6550859 31.42736554,120.6550733 31.42734072,120.6550607 31.42731589,120.6550484 31.427291,120.6550363 31.42726602,120.6550237 31.42724122,120.655011 31.42721648,120.6549987 31.42719165,120.6549859 31.42716693,120.6549727 31.42714228,120.6549606 31.42711731,120.6549478 31.42709261,120.6549353 31.42706775,120.6549226 31.42704296,120.6549102 31.42701808,120.6548976 31.42699331,120.6548852 31.42696844,120.6548725 31.42694363,120.65486 31.42691882,120.6548474 31.426894,120.6548348 31.42686919,120.6548222 31.4268444,120.6548096 31.4268196,120.6547969 31.4267948,120.6547843 31.42677002,120.6547717 31.42674522,120.6547591 31.42672038,120.6547463 31.42669563,120.6547344 31.42667063,120.6547212 31.42664607,120.6547093 31.42662104,120.6546965 31.42659636,120.6546841 31.42657147,120.654672 31.4265465,120.6546593 31.42652171,120.6546469 31.42649684,120.6546342 31.42647207,120.6546218 31.42644721,120.6546091 31.42642245,120.6545965 31.42639764,120.6545839 31.42637285,120.654571 31.42634815,120.6545582 31.42632341,120.6545457 31.4262986,120.6545329 31.42627389,120.6545207 31.42624895,120.6545082 31.42622411,120.6544958 31.4261992,120.6544833 31.42617439,120.6544709 31.4261495,120.6544583 31.42612471,120.6544461 31.42609974,120.6544333 31.42607504,120.654421 31.42605014,120.6544084 31.42602535,120.6543959 31.4260005,120.6543834 31.42597564,120.6543709 31.42595081,120.6543585 31.42592593,120.6543459 31.42590112,120.6543333 31.42587632,120.6543206 31.42585156,120.6543081 31.42582673,120.6542955 31.42580191,120.6542829 31.42577709,120.6542701 31.42575238,120.6542572 31.42572768,120.6542442 31.42570301,120.6542315 31.42567827,120.6542184 31.42565367,120.6542054 31.425629,120.6541923 31.42560439,120.6541795 31.42557969,120.6541668 31.4255549,120.6541542 31.42553009,120.6541416 31.42550529,120.6541292 31.42548044,120.6541163 31.42545572,120.6541037 31.42543094,120.654091 31.42540616,120.6540785 31.42538132,120.654066 31.4253565,120.6540533 31.42533172,120.6540407 31.42530694,120.6540278 31.42528222,120.6540151 31.42525746,120.6540023 31.42523273,120.6539894 31.42520804,120.6539765 31.42518336,120.6539635 31.42515869,120.6539506 31.42513401,120.6539377 31.42510931,120.6539247 31.42508467,120.6539117 31.42506003,120.6538989 31.42503529,120.6538862 31.42501054,120.6538731 31.42498593,120.65386 31.42496132,120.6538468 31.42493673,120.6538341 31.42491199,120.6538211 31.42488733,120.6538082 31.42486263,120.6537949 31.42483807,120.6537821 31.42481338,120.6537686 31.42478901,120.6537561 31.42476416,120.6537425 31.42473976,120.6537297 31.4247151,120.6537167 31.42469042,120.653703 31.42466614,120.6536907 31.42464129,120.6536776 31.42461665,120.6536647 31.42459194,120.6536517 31.42456729,120.653639 31.42454255,120.653626 31.42451789,120.6536132 31.42449316,120.6536003 31.42446846,120.6535872 31.42444388,120.6535743 31.4244192,120.6535611 31.4243946,120.6535479 31.42437002,120.6535348 31.42434541,120.6535217 31.42432082,120.6535086 31.42429623,120.6534953 31.4242717,120.6534823 31.42424703,120.6534692 31.42422244,120.653456 31.42419784,120.653443 31.4241732,120.6534298 31.4241486,120.6534165 31.42412405,120.6534036 31.42409939,120.6533902 31.42407492,120.6533771 31.42405032,120.6533642 31.42402564,120.6533509 31.42400111,120.653338 31.42397639,120.6533247 31.42395187,120.6533117 31.4239272,120.6532984 31.4239027,120.6532855 31.42387802,120.6532724 31.42385338,120.6532593 31.42382877,120.6532463 31.42380411,120.6532332 31.42377952,120.6532201 31.42375489,120.6532071 31.42373026,120.6531941 31.4237056,120.6531812 31.4236809,120.6531684 31.42365617,120.6531554 31.42363149,120.6531425 31.42360682,120.6531298 31.42358205,120.6531163 31.42355758,120.6531027 31.42353316,120.6530888 31.42350883,120.6530766 31.42348391,120.6530633 31.42345933,)
159:LineString(120.6560409 31.42917221,120.6560283 31.42914739,120.6560157 31.4291226,120.656003 31.42909781,120.6559905 31.42907299,120.6559779 31.42904816,120.6559654 31.42902333,120.6559529 31.42899851,120.6559403 31.42897369,120.6559276 31.42894891,120.6559149 31.42892416,120.6559023 31.42889935,120.6558895 31.4288746,120.6558771 31.42884971,120.6558645 31.42882494,120.655852 31.42880009,120.6558393 31.42877531,120.6558266 31.42875053,120.655814 31.42872573,120.6558015 31.42870091,120.6557889 31.4286761,120.6557765 31.42865121,120.6557638 31.42862643,120.6557513 31.42860158,120.6557388 31.42857677,120.6557262 31.42855193,120.6557138 31.42852708,120.6557011 31.4285023,120.6556885 31.42847749,120.655676 31.42845266,120.6556634 31.42842784,120.6556509 31.42840298,120.6556383 31.42837818,120.6556256 31.42835344,120.6556129 31.42832865,120.6556004 31.42830382,120.6555878 31.428279,120.6555751 31.42825422,120.6555625 31.42822943,120.65555 31.42820458,120.6555373 31.42817982,120.6555249 31.42815495,120.6555123 31.42813015,120.6554997 31.42810535,120.6554873 31.42808047,120.6554745 31.42805574,120.6554621 31.42803086,120.6554495 31.42800604,120.6554371 31.42798118,120.6554244 31.42795639,120.6554121 31.42793149,120.6553993 31.42790674,120.6553867 31.42788195,120.6553743 31.42785708,120.6553617 31.42783225,120.6553492 31.42780741,120.6553366 31.42778261,120.6553239 31.42775785,120.6553114 31.42773301,120.6552988 31.42770818,120.6552864 31.42768333,120.6552736 31.42765858,120.6552609 31.42763381,120.6552485 31.42760893,120.655236 31.42758408,120.6552236 31.42755922,120.6552111 31.42753438,120.6551983 31.42750962,120.6551857 31.42748483,120.6551731 31.42746001,120.6551606 31.42743518,120.655148 31.42741036,120.6551354 31.42738558,120.6551228 31.42736074,120.6551102 31.42733594,120.6550978 31.42731109,120.6550851 31.42728629,120.6550725 31.42726149,120.6550599 31.42723671,120.6550474 31.42721187,120.6550346 31.42718711,120.6550221 31.42716229,120.6550094 31.42713751,120.6549967 31.42711272,120.6549842 31.4270879,120.6549715 31.42706311,120.6549589 31.42703831,120.6549463 31.42701351,120.6549337 31.4269887,120.6549211 31.4269639,120.6549086 31.42693905,120.654896 31.42691424,120.6548834 31.42688945,120.6548708 31.42686464,120.6548583 31.42683982,120.6548457 31.42681498,120.6548331 31.42679018,120.6548205 31.42676537,120.654808 31.42674054,120.6547955 31.4267157,120.6547829 31.42669087,120.6547705 31.42666601,120.654758 31.42664118,120.6547454 31.42661634,120.6547329 31.4265915,120.6547204 31.42656667,120.6547079 31.42654182,120.6546955 31.42651696,120.6546829 31.42649213,120.6546704 31.42646731,120.654658 31.42644244,120.6546452 31.42641767,120.6546327 31.42639286,120.6546201 31.42636804,120.6546075 31.42634324,120.654595 31.4263184,120.6545823 31.42629362,120.6545697 31.42626882,120.6545571 31.42624402,120.6545444 31.42621923,120.654532 31.42619435,120.6545194 31.42616956,120.654507 31.42614469,120.6544944 31.42611986,120.6544818 31.42609507,120.6544692 31.42607024,120.6544567 31.42604543,120.654444 31.42602064,120.6544314 31.42599586,120.6544188 31.42597102,120.6544062 31.42594622,120.6543937 31.42592138,120.654381 31.42589662,120.6543683 31.42587184,120.6543556 31.42584707,120.6543431 31.42582226,120.6543305 31.42579745,120.6543178 31.42577265,120.6543051 31.42574788,120.6542925 31.4257231,120.6542799 31.4256983,120.6542672 31.42567353,120.6542545 31.42564876,120.6542417 31.42562403,120.654229 31.42559925,120.6542164 31.42557446,120.6542037 31.42554967,120.654191 31.42552489,120.6541783 31.42550012,120.6541656 31.42547538,120.654153 31.42545057,120.6541403 31.4254258,120.6541275 31.42540106,120.6541148 31.42537631,120.654102 31.42535157,120.6540893 31.42532679,120.6540766 31.42530203,120.6540638 31.4252773,120.654051 31.42525257,120.6540382 31.42522785,120.6540254 31.42520311,120.6540125 31.4251784,120.6539997 31.4251537,120.6539868 31.42512899,120.6539739 31.4251043,120.6539611 31.42507957,120.6539482 31.42505488,120.6539353 31.42503019,120.6539223 31.42500554,120.6539094 31.42498084,120.6538965 31.42495616,120.6538835 31.42493149,120.6538705 31.42490684,120.6538575 31.4248822,120.6538444 31.42485756,120.6538314 31.4248329,120.6538183 31.42480831,120.6538053 31.42478365,120.6537921 31.42475906,120.653779 31.42473444,120.653766 31.4247098,120.6537529 31.42468519,120.6537399 31.42466055,120.6537268 31.42463591,120.6537138 31.42461126,120.6537007 31.42458664,120.6536878 31.42456196,120.6536747 31.42453734,120.6536617 31.4245127,120.6536487 31.42448806,120.6536356 31.42446343,120.6536226 31.42443877,120.6536095 31.42441417,120.6535963 31.42438957,120.6535833 31.42436494,120.6535702 31.42434033,120.6535572 31.42431568,120.653544 31.42429108,120.6535309 31.42426648,120.6535177 31.4242419,120.6535046 31.42421728,120.6534916 31.42419263,120.6534785 31.42416803,120.6534653 31.42414345,120.6534521 31.42411886,120.653439 31.42409425,120.653426 31.4240696,120.6534128 31.42404502,120.6533997 31.4240204,120.6533866 31.42399579,120.6533735 31.42397118,120.6533605 31.42394654,120.6533473 31.42392193,120.6533342 31.42389734,120.653321 31.42387274,120.6533079 31.42384814,120.6532948 31.42382352,120.6532817 31.42379891,120.6532686 31.42377428,120.6532555 31.42374968,120.6532425 31.42372504,120.6532295 31.42370039,120.6532164 31.42367575,120.6532034 31.42365111,120.6531903 31.4236265,120.6531773 31.42360184,120.653164 31.4235773,120.6531509 31.42355267,120.653138 31.42352801,120.6531249 31.42350336,120.653112 31.42347868,120.6530992 31.42345395,)
160:LineString(120.6560702 31.42915477,120.6560576 31.42912995,120.6560451 31.42910513,120.6560325 31.42908031,120.65602 31.42905548,120.6560074 31.42903065,120.6559949 31.42900583,120.6559823 31.428981,120.6559698 31.42895619,120.6559571 31.4289314,120.6559445 31.4289066,120.6559319 31.42888178,120.6559193 31.42885698,120.6559069 31.42883212,120.6558942 31.42880734,120.6558817 31.42878248,120.6558691 31.42875769,120.6558565 31.42873289,120.6558439 31.42870808,120.6558313 31.42868325,120.6558188 31.42865841,120.6558063 31.42863359,120.6557938 31.42860874,120.6557811 31.42858395,120.6557685 31.42855916,120.655756 31.42853432,120.6557434 31.42850951,120.6557307 31.42848474,120.6557181 31.42845995,120.6557053 31.42843522,120.6556929 31.42841032,120.6556804 31.42838548,120.6556678 31.42836067,120.6556552 31.42833587,120.6556427 31.42831104,120.6556301 31.42828623,120.6556177 31.42826136,120.6556052 31.42823649,120.6555927 31.42821165,120.6555803 31.4281868,120.6555676 31.42816201,120.655555 31.42813721,120.6555423 31.42811245,120.6555297 31.42808763,120.6555172 31.42806278,120.6555045 31.42803801,120.6554918 31.42801325,120.6554791 31.42798848,120.6554665 31.42796368,120.6554539 31.42793885,120.6554414 31.42791405,120.6554286 31.4278893,120.6554159 31.42786453,120.6554035 31.42783966,120.6553909 31.42781486,120.6553784 31.42779001,120.6553657 31.42776524,120.6553531 31.42774042,120.6553406 31.4277156,120.6553281 31.42769072,120.6553156 31.4276659,120.655303 31.42764108,120.6552906 31.42761622,120.6552781 31.42759137,120.6552657 31.42756649,120.6552532 31.42754163,120.6552408 31.42751677,120.6552281 31.42749198,120.6552155 31.42746718,120.655203 31.42744236,120.6551905 31.42741752,120.6551778 31.42739274,120.6551651 31.42736797,120.6551524 31.42734321,120.6551399 31.42731836,120.6551274 31.42729352,120.6551148 31.42726872,120.6551022 31.42724391,120.6550895 31.42721912,120.6550771 31.42719424,120.6550644 31.42716949,120.6550519 31.42714465,120.6550394 31.42711981,120.6550267 31.42709501,120.6550142 31.42707018,120.6550017 31.42704535,120.6549891 31.42702055,120.6549765 31.42699572,120.654964 31.42697089,120.6549515 31.42694606,120.654939 31.42692121,120.6549264 31.42689639,120.6549139 31.42687154,120.6549014 31.42684669,120.6548889 31.42682186,120.6548765 31.42679699,120.6548639 31.42677217,120.6548514 31.42674734,120.6548388 31.42672252,120.6548262 31.42669771,120.6548137 31.42667288,120.6548011 31.42664808,120.6547884 31.42662329,120.6547759 31.42659848,120.6547632 31.42657367,120.6547507 31.42654884,120.6547381 31.42652404,120.6547255 31.42649924,120.6547129 31.42647442,120.6547004 31.42644958,120.6546878 31.42642477,120.6546752 31.42639999,120.6546625 31.4263752,120.6546498 31.42635044,120.6546372 31.42632564,120.6546247 31.42630079,120.654612 31.42627602,120.6545994 31.42625123,120.6545868 31.42622641,120.6545743 31.42620158,120.6545617 31.42617679,120.654549 31.42615201,120.6545364 31.42612721,120.6545236 31.42610247,120.654511 31.42607767,120.6544984 31.42605286,120.6544857 31.42602808,120.654473 31.42600331,120.6544603 31.42597854,120.6544477 31.42595373,120.6544352 31.42592891,120.6544226 31.4259041,120.65441 31.4258793,120.6543973 31.42585452,120.6543848 31.42582969,120.6543722 31.42580487,120.6543596 31.42578005,120.654347 31.42575524,120.6543345 31.42573043,120.6543218 31.42570563,120.6543093 31.42568079,120.6542967 31.42565602,120.6542839 31.42563126,120.6542713 31.42560647,120.6542585 31.42558172,120.654246 31.42555691,120.6542332 31.42553216,120.6542205 31.42550739,120.6542077 31.42548265,120.6541951 31.42545787,120.6541824 31.42543307,120.6541697 31.42540832,120.654157 31.42538353,120.6541443 31.4253588,120.6541315 31.42533403,120.6541188 31.42530928,120.6541061 31.42528451,120.6540933 31.42525978,120.6540805 31.42523505,120.6540678 31.42521029,120.654055 31.42518556,120.6540421 31.42516087,120.6540293 31.42513613,120.6540164 31.42511146,120.6540035 31.42508675,120.6539906 31.42506205,120.6539778 31.42503734,120.6539649 31.42501266,120.6539519 31.42498798,120.6539391 31.42496327,120.6539261 31.4249386,120.6539132 31.42491393,120.6539002 31.42488925,120.6538872 31.4248646,120.6538742 31.42483995,120.6538612 31.42481529,120.6538481 31.42479068,120.6538351 31.42476605,120.653822 31.42474143,120.6538089 31.42471679,120.6537959 31.42469215,120.6537828 31.42466752,120.6537698 31.42464286,120.6537568 31.42461824,120.6537437 31.4245936,120.6537306 31.42456898,120.6537177 31.42454432,120.6537045 31.42451973,120.6536914 31.42449512,120.6536783 31.42447049,120.6536652 31.42444586,120.6536522 31.42442121,120.6536391 31.42439662,120.653626 31.42437201,120.653613 31.42434736,120.6535999 31.42432272,120.6535868 31.42429811,120.6535738 31.42427346,120.6535607 31.42424885,120.6535476 31.42422425,120.6535345 31.42419962,120.6535214 31.42417499,120.6535083 31.42415038,120.6534951 31.4241258,120.653482 31.42410121,120.6534689 31.42407659,120.6534558 31.42405195,120.6534427 31.42402736,120.6534295 31.42400278,120.6534164 31.42397817,120.6534033 31.42395356,120.6533902 31.42392892,120.6533771 31.42390433,120.6533639 31.42387973,120.6533507 31.42385516,120.6533376 31.42383055,120.6533245 31.42380595,120.6533114 31.42378134,120.6532982 31.42375674,120.6532851 31.42373212,120.6532721 31.42370749,120.653259 31.42368286,120.6532459 31.42365824,120.6532328 31.42363364,120.6532196 31.42360905,120.6532066 31.42358441,120.6531934 31.42355985,120.6531803 31.42353521,120.6531673 31.42351056,120.6531543 31.42348591,120.6531413 31.42346125,120.6531285 31.42343653,)
161:LineString(120.6529697 31.42307246,120.652957 31.4230477,120.6529441 31.42302299,120.652931 31.42299837,120.6529179 31.42297375,120.652905 31.42294908,120.652892 31.42292443,120.652879 31.42289976,120.6528661 31.42287506,120.6528532 31.42285039,120.6528402 31.42282575,120.6528272 31.42280109,120.6528144 31.42277641,120.6528014 31.42275177,120.6527886 31.42272707,120.6527758 31.42270236,120.6527627 31.42267775,120.6527494 31.4226532,120.6527366 31.4226285,120.6527218 31.42260458,120.6527087 31.42257991,120.652696 31.42255517,120.6526836 31.42253024,120.6526701 31.42250625,120.6526587 31.42248163,120.6526454 31.42245706,120.6526325 31.42243233,120.6526196 31.42240768,120.6526068 31.42238294,120.6525939 31.42235823,120.6525811 31.4223335,120.6525681 31.42230885,120.6525552 31.42228417,120.6525423 31.42225947,120.6525297 31.42223466,120.652517 31.42220989,120.6525042 31.42218516,120.6524916 31.42216037,120.6524785 31.42213581,120.6524656 31.42211112,120.6524524 31.42208652,120.6524393 31.42206192,120.6524262 31.4220373,120.652413 31.42201276,120.6523997 31.42198823,120.652387 31.42196345,120.6523741 31.42193878,120.6523613 31.42191404,120.652348 31.42188953,)
162:LineString(120.6528815 31.42311593,120.6528686 31.42309122,120.6528565 31.42306623,120.6528437 31.42304151,120.652831 31.42301675,120.6528178 31.42299219,120.6528044 31.42296768,120.6527912 31.42294312,120.6527778 31.42291867,120.6527643 31.42289419,120.6527509 31.42286973,120.6527369 31.42284542,120.6527239 31.42282077,120.6527103 31.42279645,120.6526973 31.4227718,120.6526838 31.42274737,120.6526703 31.42272289,120.652657 31.42269835,120.6526438 31.42267377,120.6526308 31.42264911,120.6526179 31.42262443,120.6526049 31.4225998,120.6525916 31.42257524,120.6525782 31.42255076,120.6525651 31.42252615,120.6525517 31.42250169,120.6525383 31.4224772,120.6525249 31.42245267,120.6525119 31.42242804,120.6524986 31.4224035,120.6524852 31.42237904,120.6524722 31.42235436,120.6524594 31.42232969,120.6524464 31.42230499,120.6524329 31.42228072,120.6524196 31.42225618,120.6524066 31.42223173,120.6523929 31.42220743,120.6523799 31.42218278,120.6523667 31.42215818,120.6523535 31.4221336,120.6523403 31.42210904,120.652327 31.4220845,120.6523137 31.42205997,120.6523009 31.42203521,120.6522869 31.42201097,120.6522742 31.42198634,120.6522607 31.42196191,120.6522467 31.42193766,)
163:LineString(120.6529384 31.42308177,120.6529255 31.42305707,120.6529127 31.42303233,120.6528997 31.42300766,120.6528867 31.42298303,120.6528736 31.4229584,120.6528605 31.4229338,120.6528474 31.42290917,120.6528344 31.42288453,120.6528213 31.42285991,120.6528082 31.4228353,120.652795 31.42281072,120.6527821 31.42278599,120.6527688 31.42276157,120.652756 31.4227369,120.6527427 31.42271234,120.6527296 31.42268775,120.6527166 31.4226631,120.6527035 31.42263848,120.6526905 31.42261385,120.6526774 31.42258921,120.6526644 31.42256457,120.6526515 31.42253985,120.6526384 31.42251526,120.6526257 31.42249052,120.6526126 31.4224659,120.6525997 31.42244122,120.6525867 31.42241656,120.6525737 31.4223919,120.6525607 31.42236724,120.6525476 31.42234261,120.6525345 31.42231802,120.6525214 31.42229339,120.6525083 31.42226878,120.6524954 31.42224409,120.6524823 31.42221951,120.6524694 31.42219483,120.6524564 31.4221702,120.6524432 31.42214563,120.6524301 31.422121,120.6524169 31.4220964,120.6524038 31.42207181,120.6523906 31.42204724,120.6523774 31.42202266,120.6523642 31.4219981,120.6523511 31.42197348,120.6523379 31.42194889,120.6523248 31.42192428,120.6523121 31.42189953,)
164:LineString(120.6529073 31.42309325,120.6528942 31.42306864,120.6528815 31.42304389,120.6528685 31.42301923,120.6528554 31.42299461,120.6528422 31.42297004,120.652829 31.42294546,120.6528157 31.42292092,120.6528025 31.42289635,120.6527894 31.42287174,120.6527761 31.42284722,120.6527627 31.4228227,120.6527497 31.42279804,120.6527363 31.4227736,120.6527233 31.42274896,120.65271 31.42272443,120.6526968 31.42269985,120.6526838 31.4226752,120.6526707 31.4226506,120.6526578 31.4226259,120.6526447 31.42260127,120.6526314 31.42257674,120.6526183 31.42255212,120.6526051 31.42252756,120.6525922 31.42250287,120.6525789 31.42247833,120.6525658 31.42245372,120.6525527 31.42242911,120.6525396 31.42240451,120.6525265 31.42237986,120.6525133 31.42235531,120.6525002 31.42233067,120.652487 31.42230611,120.6524737 31.42228156,120.6524606 31.42225699,120.6524472 31.42223249,120.6524341 31.42220787,120.6524211 31.42218324,120.6524079 31.42215865,120.6523947 31.42213407,120.6523817 31.42210945,120.6523685 31.42208486,120.6523554 31.42206025,120.6523422 31.42203565,120.6523293 31.42201099,120.6523162 31.42198636,120.6523032 31.42196172,120.6522902 31.42193705,120.6522769 31.42191253,)
165:LineString(120.6520888 31.42140233,120.6520759 31.42137764,120.6520625 31.42135316,120.6520495 31.42132848,120.6520367 31.42130375,120.6520239 31.42127905,120.6520109 31.42125438,120.6519982 31.42122965,120.6519856 31.42120486,120.6519731 31.42118003,120.6519607 31.42115515,120.6519482 31.42113034,120.6519357 31.4211055,120.6519233 31.42108061,120.6519109 31.42105581,120.6518988 31.42103083,120.6518865 31.4210059,120.6518744 31.42098093,120.6518619 31.42095608,120.6518494 31.42093123,120.6518369 31.42090641,120.6518243 31.42088161,120.6518116 31.42085684,120.651799 31.420832,120.6517864 31.42080723,120.6517739 31.42078238,120.6517613 31.42075757,120.651749 31.42073267,120.6517362 31.42070793,120.6517238 31.42068305,120.6517114 31.42065815,120.6516989 31.42063338,120.6516865 31.42060847,120.6516745 31.42058357,120.6516618 31.42055881,120.6516492 31.42053398,120.6516367 31.42050914,120.651624 31.42048435,120.6516115 31.4204595,120.6515986 31.42043475,120.6515865 31.42040986,120.6515736 31.42038527,120.6515608 31.42036053,120.6515488 31.4203356,120.6515361 31.42031088,120.6515238 31.42028594,120.6515114 31.42026108,120.6514993 31.42023609,)
166:LineString(120.6519979 31.42144573,120.6519849 31.42142104,120.651973 31.421396,120.6519608 31.42137103,120.6519487 31.42134605,120.6519364 31.42132115,120.651924 31.42129626,120.6519117 31.42127136,120.6518992 31.4212465,120.6518866 31.42122169,120.6518741 31.42119686,120.6518617 31.42117196,120.6518488 31.42114729,120.6518366 31.42112242,120.6518236 31.42109778,120.6518109 31.42107301,120.6517981 31.42104829,120.6517854 31.42102352,120.6517727 31.42099876,120.65176 31.42097398,120.6517476 31.42094914,120.6517347 31.42092446,120.6517221 31.42089966,120.6517097 31.42087476,120.651697 31.42085002,120.651684 31.42082537,120.6516713 31.42080064,120.6516582 31.42077602,120.6516458 31.42075115,120.6516333 31.42072628,120.6516205 31.42070157,120.6516079 31.42067677,120.6515952 31.42065204,120.6515824 31.42062734,120.65157 31.42060245,120.6515571 31.42057774,120.6515445 31.42055294,120.6515317 31.42052823,120.651519 31.42050347,120.6515063 31.42047868,120.651494 31.42045379,120.6514815 31.42042894,120.6514688 31.42040417,120.6514561 31.42037938,120.6514432 31.42035471,120.6514308 31.42032984,120.6514179 31.42030515,120.6514044 31.4202807,)
167:LineString(120.6520616 31.42142219,120.652049 31.4213974,120.6520364 31.42137258,120.6520239 31.42134774,120.6520114 31.42132292,120.6519988 31.42129811,120.6519861 31.42127334,120.6519733 31.4212486,120.6519607 31.42122381,120.651948 31.42119901,120.6519353 31.42117424,120.6519226 31.42114948,120.6519101 31.42112464,120.6518974 31.4210999,120.6518851 31.42107499,120.6518725 31.42105018,120.6518601 31.42102531,120.6518476 31.42100046,120.6518351 31.42097563,120.6518227 31.42095076,120.6518101 31.42092593,120.6517976 31.42090111,120.651785 31.42087629,120.6517724 31.42085147,120.65176 31.42082661,120.6517475 31.42080177,120.6517349 31.42077694,120.6517224 31.42075212,120.6517099 31.42072728,120.6516974 31.42070243,120.6516848 31.42067761,120.6516723 31.42065277,120.6516597 31.42062796,120.6516472 31.42060313,120.6516347 31.4205783,120.651622 31.42055351,120.6516095 31.42052868,120.6515968 31.42050391,120.6515843 31.42047907,120.6515717 31.42045426,120.6515591 31.42042945,120.6515465 31.42040466,120.6515339 31.42037985,120.6515213 31.42035506,120.6515087 31.42033022,120.6514963 31.42030537,120.6514837 31.42028054,120.6514714 31.42025565,)
168:LineString(120.6520255 31.42142576,120.6520129 31.42140095,120.6520004 31.42137613,120.6519878 31.4213513,120.6519753 31.42132647,120.6519629 31.42130158,120.6519505 31.42127669,120.6519379 31.42125189,120.6519253 31.42122709,120.6519127 31.42120228,120.6519001 31.42117749,120.6518875 31.42115267,120.6518749 31.42112785,120.6518624 31.42110304,120.6518499 31.42107818,120.6518373 31.42105339,120.6518246 31.42102861,120.651812 31.4210038,120.6517994 31.42097899,120.651787 31.42095414,120.6517743 31.42092934,120.6517618 31.42090451,120.6517492 31.42087971,120.6517367 31.42085487,120.6517242 31.42083002,120.6517115 31.42080524,120.6516988 31.42078046,120.6516861 31.42075571,120.6516736 31.42073087,120.651661 31.42070606,120.6516482 31.42068133,120.6516355 31.42065656,120.6516227 31.42063181,120.6516101 31.42060701,120.6515975 31.42058224,120.6515849 31.42055742,120.6515722 31.42053266,120.6515595 31.42050787,120.6515469 31.42048306,120.6515343 31.42045826,120.6515217 31.42043345,120.6515091 31.42040867,120.6514966 31.42038383,120.6514841 31.42035898,120.6514715 31.42033416,120.6514591 31.4203093,120.6514466 31.42028446,120.651434 31.42025963,)
169:LineString(120.6513831 31.42001463,120.6513715 31.41998946,120.6513593 31.41996449,120.651347 31.41993959,120.6513345 31.41991475,120.651322 31.41988991,120.651309 31.41986525,120.6512959 31.41984063,120.6512833 31.4198159,120.6512704 31.41979118,120.6512575 31.41976645,120.6512448 31.41974173,120.651231 31.4197174,120.6512189 31.41969238,120.6512059 31.41966776,120.651193 31.41964308,120.651182 31.41961772,)
170:LineString(120.6512375 31.41995014,120.6512259 31.419925,120.6512131 31.41990027,120.6512003 31.41987552,120.6511877 31.41985072,120.6511751 31.41982592,120.6511622 31.41980121,120.6511492 31.41977657,120.6511366 31.41975179,120.6511238 31.41972707,120.6511116 31.41970212,120.6510988 31.41967738,120.6510866 31.41965244,120.6510741 31.4196276,120.6510616 31.41960275,120.6510487 31.41957808,120.6510359 31.41955334,120.6510233 31.41952852,120.6510109 31.41950366,120.6509986 31.41947876,120.6509858 31.41945403,120.6509739 31.41942896,120.6509594 31.41940484,120.6509419 31.41938212,120.6509252 31.4193584,120.6509127 31.4193332,120.6509042 31.41930719,120.6508942 31.41928136,120.6508841 31.41925577,120.6508732 31.41923035,120.6508617 31.41920514,120.6508496 31.41918019,120.6508368 31.41915525,120.6508236 31.41913136,120.6508106 31.41910648,120.6507981 31.41908169,120.6507856 31.41905687,120.6507733 31.41903197,120.6507609 31.41900711,120.6507482 31.41898235,120.6507357 31.4189575,120.650723 31.41893276,120.6507103 31.41890797,120.6506976 31.41888321,120.650685 31.41885842,120.6506724 31.41883362,120.65066 31.41880875,120.6506474 31.41878397,120.6506349 31.41875911,120.6506224 31.41873428,120.65061 31.41870942,120.6505974 31.41868458,120.650585 31.41865973,120.6505724 31.41863492,120.6505599 31.41861008,120.6505472 31.41858529,120.6505347 31.41856048,120.6505221 31.41853565,120.6505094 31.41851088,120.6504967 31.4184861,120.650484 31.41846133,120.6504713 31.41843658,120.6504587 31.41841178,120.650446 31.41838701,120.6504333 31.41836225,120.6504206 31.41833747,120.6504079 31.41831273,120.6503952 31.41828794,120.6503825 31.41826317,120.6503698 31.4182384,120.650357 31.41821366,120.6503442 31.41818893,120.6503314 31.41816419,120.6503187 31.41813943,120.6503059 31.41811472,120.6502931 31.41808997,120.6502801 31.41806533,120.6502671 31.41804067,120.6502542 31.41801599,120.6502414 31.41799125,120.6502286 31.41796653,120.6502157 31.41794182,120.6502028 31.41791713,120.6501899 31.41789243,120.6501772 31.41786764,120.6501647 31.4178428,120.6501519 31.41781814,120.65014 31.41779314,120.6501282 31.4177681,120.6501159 31.41774317,120.6501038 31.41771819,120.6500916 31.41769323,120.6500793 31.41766832,120.6500669 31.41764344,120.6500546 31.41761853,120.650042 31.41759373,120.6500295 31.4175689,120.6500166 31.41754418,120.6500043 31.41751933,120.6499913 31.41749469,120.6499788 31.41746985,120.6499664 31.41744498,120.6499537 31.41742024,120.6499414 31.41739535,120.6499289 31.4173705,120.6499163 31.41734567,120.6499036 31.41732093,120.6498911 31.41729607,120.6498785 31.41727126,120.6498661 31.4172464,120.649853 31.41722179,120.6498404 31.41719696,120.6498281 31.41717207,120.6498157 31.41714719,120.6498033 31.41712231,120.6497909 31.41709743,120.6497785 31.41707255,120.649766 31.41704768,120.6497536 31.41702281,120.6497412 31.41699794,120.6497287 31.41697309,120.6497153 31.41694859,120.649703 31.41692367,120.64969 31.41689904,120.6496776 31.41687414,120.649665 31.41684938,120.6496523 31.41682461,120.6496397 31.41679978,120.6496271 31.41677496,)
171:LineString(120.6512992 31.41992063,120.6512868 31.41989574,120.6512744 31.41987085,120.6512619 31.41984602,120.6512493 31.4198212,120.6512368 31.41979636,120.6512244 31.41977148,120.6512121 31.41974658,120.6511996 31.41972173,120.6511873 31.41969682,120.6511749 31.41967194,120.6511624 31.4196471,120.6511497 31.4196223,120.6511369 31.41959759,120.6511246 31.41957267,120.6511123 31.41954777,120.6510998 31.4195229,120.6510873 31.41949805,120.6510752 31.41947307,120.6510623 31.41944838,120.651049 31.4194239,120.6510356 31.41939934,120.6510234 31.41937441,120.6510104 31.41934982,120.6509981 31.41932499,120.6509841 31.41930079,120.6509721 31.41927586,120.6509594 31.41925168,120.6509473 31.41922676,120.6509345 31.41920196,120.6509219 31.41917699,120.6509089 31.41915244,120.6508965 31.41912757,120.650884 31.41910271,120.6508718 31.41907777,120.6508593 31.41905289,120.6508469 31.41902804,120.6508339 31.4190034,120.6508214 31.41897854,120.6508087 31.41895379,120.6507959 31.41892903,120.6507833 31.41890427,120.6507703 31.41887961,120.6507577 31.41885487,120.6507446 31.41883027,120.6507321 31.41880542,120.6507192 31.41878077,120.6507068 31.41875592,120.6506938 31.4187313,120.6506812 31.41870648,120.6506685 31.41868174,120.6506559 31.41865691,120.6506433 31.41863211,120.6506309 31.41860724,120.6506183 31.41858243,120.6506058 31.41855756,120.6505934 31.4185327,120.6505808 31.41850792,120.6505683 31.41848307,120.6505558 31.41845822,120.6505433 31.41843339,120.6505305 31.41840864,120.6505179 31.41838386,120.6505051 31.41835913,120.6504927 31.41833423,120.6504806 31.41830927,120.6504681 31.41828442,120.6504555 31.41825962,120.650443 31.41823476,120.6504304 31.41820996,120.6504181 31.41818505,120.6504057 31.41816016,120.6503931 31.41813535,120.6503806 31.41811051,120.650368 31.41808567,120.650355 31.41806102,120.6503429 31.41803613,120.6503302 31.41801139,120.6503178 31.41798653,120.6503055 31.41796163,120.650293 31.4179368,120.6502806 31.41791188,120.6502679 31.41788712,120.6502559 31.4178621,120.6502434 31.4178373,120.6502313 31.41781236,120.6502187 31.41778755,120.650206 31.41776278,120.6501934 31.41773799,120.6501807 31.41771323,120.650168 31.41768845,120.6501553 31.41766369,120.6501425 31.41763896,120.6501298 31.41761421,120.6501171 31.41758944,120.6501044 31.41756471,120.6500921 31.41753977,120.6500795 31.41751495,120.6500669 31.41749014,120.6500543 31.41746533,120.6500414 31.41744065,120.6500287 31.41741589,120.650016 31.41739113,120.6500033 31.41736636,120.6499908 31.41734154,120.6499782 31.41731676,120.6499656 31.41729195,120.6499527 31.41726725,120.6499403 31.4172424,120.6499282 31.41721737,120.6499136 31.41719334,120.6499011 31.41716848,120.649889 31.41714346,120.6498768 31.41711851,120.6498647 31.41709356,120.6498525 31.41706859,120.6498403 31.41704367,120.6498283 31.41701868,120.6498164 31.41699378,120.6498043 31.41696884,120.6497917 31.41694401,120.6497786 31.41691934,120.6497654 31.41689475,120.6497531 31.41686985,120.6497406 31.41684502,120.6497269 31.41682078,120.6497152 31.41679567,120.6497018 31.41677121,120.6496895 31.4167463,)
172:LineString(120.6512512 31.41990072,120.6512387 31.41987586,120.6512262 31.41985102,120.6512137 31.41982617,120.6512012 31.41980134,120.6511886 31.41977653,120.6511761 31.41975169,120.6511637 31.41972683,120.6511512 31.41970197,120.6511388 31.41967708,120.6511264 31.41965223,120.6511138 31.4196274,120.6511014 31.41960254,120.6510889 31.41957767,120.6510765 31.41955281,120.6510639 31.41952802,120.6510514 31.41950316,120.6510389 31.41947831,120.651026 31.41945365,120.6510132 31.41942892,120.6510003 31.4194042,120.6509878 31.41937934,120.650975 31.41935466,120.650962 31.41933002,120.6509495 31.41930523,120.650937 31.41928038,120.6509246 31.41925552,120.6509121 31.41923066,120.6508996 31.4192059,120.6508871 31.41918117,120.6508746 31.41915633,120.6508621 31.41913142,120.6508495 31.41910668,120.6508372 31.41908166,120.6508234 31.41905746,120.650812 31.41903157,120.6507991 31.41900863,120.6507871 31.41898349,120.6507743 31.41895886,120.6507616 31.41893407,120.6507488 31.41890934,120.6507363 31.4188845,120.6507234 31.41885988,120.650711 31.41883502,120.6506983 31.41881027,120.6506856 31.41878547,120.6506732 31.41876062,120.6506605 31.41873582,120.650648 31.41871101,120.6506353 31.41868622,120.6506228 31.41866138,120.6506103 31.41863654,120.6505979 31.41861167,120.6505853 31.41858688,120.6505727 31.41856206,120.6505602 31.41853723,120.6505476 31.41851241,120.6505351 31.41848757,120.6505223 31.41846282,120.6505099 31.41843798,120.6504971 31.41841323,120.6504845 31.41838841,120.6504719 31.41836363,120.6504592 31.41833886,120.6504465 31.41831408,120.6504339 31.4182893,120.6504213 31.41826448,120.6504087 31.41823968,120.6503962 31.41821482,120.6503837 31.41819,120.6503712 31.41816516,120.6503586 31.41814033,120.6503461 31.41811552,120.6503334 31.41809075,120.6503209 31.41806589,120.6503083 31.41804108,120.6502958 31.41801623,120.6502832 31.41799143,120.6502708 31.41796657,120.6502583 31.41794172,120.6502458 31.41791687,120.6502334 31.41789199,120.6502208 31.4178672,120.6502084 31.41784233,120.6501958 31.41781751,120.6501834 31.41779263,120.6501707 31.41776786,120.6501583 31.417743,120.6501456 31.41771823,120.650133 31.41769342,120.6501204 31.41766862,120.6501077 31.41764385,120.6500951 31.41761903,120.6500823 31.41759433,120.6500698 31.41756947,120.6500571 31.41754473,120.6500445 31.41751992,120.6500318 31.41749512,120.6500194 31.41747025,120.6500064 31.41744563,120.6499936 31.41742088,120.6499809 31.41739613,120.6499685 31.41737125,120.6499559 31.41734645,120.6499434 31.41732163,120.6499308 31.41729683,120.6499182 31.417272,120.6499058 31.41724713,120.649893 31.41722242,120.6498798 31.41719781,120.6498674 31.41717293,120.649855 31.41714805,120.6498426 31.41712316,120.6498302 31.41709829,120.6498178 31.41707341,120.6498054 31.41704854,120.649793 31.41702367,120.6497806 31.41699881,120.6497681 31.41697393,120.6497555 31.41694913,120.6497426 31.41692445,120.6497298 31.41689971,120.6497172 31.4168749,120.6497045 31.41685017,120.6496918 31.41682538,120.6496793 31.41680055,120.6496665 31.41677583,120.6496538 31.41675103,)
173:LineString(120.6511676 31.41988254,120.6511543 31.41985803,120.6511406 31.41983366,120.6511272 31.41980915,120.6511145 31.41978442,120.6511018 31.41975965,120.6510894 31.41973478,120.6510769 31.41970991,120.6510644 31.41968506,120.6510517 31.41966022,120.6510395 31.41963522,120.6510263 31.41961079,120.6510142 31.41958601,120.6510012 31.41956139,120.6509894 31.41953599,120.6509768 31.41951129,120.6509649 31.41948634,120.6509535 31.41946172,120.6509416 31.41943671,120.6509301 31.41941134,120.6509182 31.41938646,120.6509068 31.41936103,120.6508936 31.41933635,120.6508837 31.41931227,120.650883 31.41928552,120.6508796 31.41925835,120.6508706 31.41923193,120.6508818 31.41921242,120.6508736 31.41918651,)
174:LineString(120.6509625 31.41919692,120.6509501 31.41917204,120.6509379 31.41914709,120.6509257 31.41912214,120.6509134 31.41909722,120.650901 31.41907232,120.6508886 31.41904743,)
175:LineString(120.6501086 31.41775425,120.6500933 31.41773056,120.6500779 31.41770693,120.6500622 31.41768346,120.6500471 31.41765966,120.6500326 31.4176356,120.6500186 31.41761133,120.650005 31.41758691,120.6499915 31.41756245,120.6499782 31.4175379,120.6499651 31.41751331,120.6499522 31.4174886,120.6499394 31.41746391,120.6499263 31.41743925,120.6499138 31.41741458,120.6499007 31.41739006,120.6498879 31.4173653,120.6498753 31.41734051,120.6498626 31.41731575,120.6498501 31.4172909,120.6498375 31.41726608,120.649825 31.41724125,120.6498137 31.41721598,120.6498007 31.4171913,120.649788 31.41716656,120.6497752 31.41714182,120.6497625 31.41711707,120.6497501 31.41709219,120.6497376 31.41706736,120.6497252 31.41704248,120.6497126 31.41701765,120.6497019 31.41699244,120.6496958 31.41696601,120.6496944 31.41694537,120.6496701 31.41693888,120.6496595 31.41691094,120.6496457 31.41688547,120.6496328 31.41686035,120.6496198 31.41683526,120.6496068 31.41681059,120.6495927 31.41678636,)
176:LineString(120.6494117 31.41619999,120.6493996 31.41617503,120.6493871 31.41615018,120.6493742 31.41612547,120.6493614 31.41610075,120.6493488 31.41607593,120.6493363 31.41605108,120.6493238 31.41602626,120.6493113 31.41600141,120.6492984 31.41597675,120.6492855 31.41595202,120.6492728 31.41592725,120.6492602 31.41590249,120.649247 31.4158779,120.6492342 31.41585315,120.6492212 31.41582858,120.649206 31.41580482,120.6491932 31.41577998,120.6491817 31.41575475,120.64917 31.41572965,120.6491578 31.41570483,120.6491481 31.41567921,120.6491363 31.41565414,120.6491245 31.41562901,120.6491122 31.41560412,120.6490995 31.41557941,120.6490852 31.41555505,120.649074 31.41553025,120.6490601 31.41550667,120.649046 31.41548269,120.6490335 31.41545777,120.6490205 31.41543309,120.6490075 31.41540842,120.6489949 31.41538354,120.6489814 31.41535911,120.6489683 31.41533451,120.6489558 31.41530966,120.6489428 31.41528501,120.6489299 31.41526028,120.6489173 31.4152355,120.6489039 31.41521101,120.648891 31.4151863,120.6488763 31.41516236,120.6488628 31.41513793,120.6488489 31.41511365,120.6488367 31.41508875,)
177:LineString(120.6493192 31.41624386,120.6493062 31.41621921,120.6492929 31.41619466,120.64928 31.41616997,120.6492674 31.41614516,120.6492548 31.41612036,120.6492422 31.41609557,120.6492297 31.41607072,120.6492173 31.41604585,120.6492054 31.4160208,120.649193 31.41599592,120.6491804 31.4159711,120.6491678 31.41594628,120.6491552 31.41592149,120.6491426 31.41589668,120.6491293 31.41587214,120.6491164 31.41584748,120.6491036 31.41582273,120.6490916 31.41579773,120.6490799 31.41577255,120.6490679 31.41574773,120.6490562 31.41572272,120.6490459 31.41569734,120.6490335 31.41567246,120.649021 31.41564757,120.6490077 31.41562305,120.6489935 31.41559858,120.6489811 31.41557259,120.6489679 31.41554992,120.6489541 31.41552584,120.648942 31.41550084,120.6489291 31.41547612,120.6489161 31.41545143,120.6489031 31.41542678,120.64889 31.41540218,120.6488768 31.41537763,120.6488642 31.41535279,120.6488518 31.41532794,120.6488392 31.41530312,120.6488268 31.41527823,120.6488143 31.41525341,120.6488023 31.41522839,120.6487897 31.41520357,120.6487775 31.41517862,120.6487652 31.41515372,120.6487529 31.41512879,120.6487405 31.41510392,120.6487281 31.41507904,120.6487156 31.4150542,120.648703 31.41502939,120.6486905 31.41500457,120.6486778 31.41497979,120.6486651 31.41495501,120.6486528 31.41493013,120.6486398 31.41490548,120.6486276 31.41488054,120.6486148 31.41485584,120.6486024 31.41483096,120.6485897 31.41480621,120.648577 31.41478142,120.6485644 31.4147566,120.6485518 31.4147318,120.6485394 31.41470692,120.6485269 31.41468207,120.6485144 31.41465726,120.6485018 31.41463243,120.6484893 31.4146076,120.6484768 31.41458275,120.6484643 31.4145579,120.6484518 31.41453308,)
178:LineString(120.6493491 31.41622741,120.6493366 31.41620258,120.649324 31.41617774,120.6493113 31.41615301,120.6492986 31.41612822,120.6492861 31.41610337,120.6492736 31.41607853,120.6492611 31.41605368,120.6492489 31.41602878,120.6492358 31.41600419,120.6492235 31.41597927,120.6492109 31.41595447,120.6491983 31.41592968,120.6491855 31.41590492,120.6491727 31.41588019,120.6491596 31.41585558,120.6491465 31.41583095,120.6491344 31.41580599,120.6491225 31.41578094,120.6491113 31.41575558,120.6490986 31.41573116,120.6490895 31.41570572,120.6490771 31.41568078,120.6490651 31.41565574,120.649052 31.41563109,120.6490386 31.41560673,120.649024 31.41558237,120.6490125 31.41555769,120.6489982 31.41553427,120.6489844 31.41551005,120.648972 31.41548504,120.6489592 31.4154603,120.6489464 31.41543554,120.6489334 31.41541087,120.6489208 31.415386,120.6489078 31.41536136,120.6488954 31.41533651,120.6488831 31.4153116,120.6488705 31.41528679,120.6488579 31.415262,120.6488454 31.41523715,120.6488331 31.41521227,120.6488211 31.41518729,120.6488086 31.41516245,120.6487963 31.41513754,120.6487838 31.4151127,120.6487715 31.41508777,120.648759 31.41506294,120.6487465 31.41503807,120.6487338 31.4150133,120.6487212 31.41498851,120.6487085 31.41496373,120.648696 31.41493893,120.6486832 31.41491419,120.6486709 31.41488926,120.6486582 31.4148645,120.6486458 31.41483964,120.6486333 31.41481481,120.6486207 31.41479,120.648608 31.4147652,120.6485955 31.41474039,120.6485827 31.41471563,120.6485702 31.41469081,120.6485576 31.41466601,120.6485451 31.41464117,120.6485325 31.41461635,120.64852 31.41459151,120.6485074 31.41456669,120.648495 31.41454182,120.6484824 31.41451703,)
179:LineString(120.6493523 31.41615723,120.6493398 31.41613239,120.6493273 31.41610755,120.6493148 31.4160827,120.6493023 31.41605785,120.6492898 31.41603302,120.6492771 31.41600826,120.6492644 31.41598346,120.6492518 31.41595868,120.6492391 31.4159339,120.6492264 31.41590914,120.6492135 31.41588444,120.6492008 31.41585968,120.6491874 31.41583518,120.6491748 31.41581037,120.6491627 31.41578539,120.6491513 31.41576011,120.6491392 31.41573528,120.6491277 31.41571035,120.6491186 31.4156847,120.6491061 31.41565979,120.6490931 31.41563508,120.6490797 31.41561063,120.6490651 31.4155865,120.6490517 31.41556187,120.6490413 31.41553703,120.6490251 31.4155158,120.6490138 31.41549032,120.6490006 31.41546562,120.6489877 31.41544087,120.6489748 31.41541619,120.6489622 31.41539126,120.6489489 31.41536674,120.6489364 31.41534191,120.6489239 31.41531706,120.6489114 31.41529222,120.6488989 31.41526739,120.6488863 31.41524255,120.648874 31.41521765,120.6488613 31.4151929,120.6488491 31.41516801,120.6488367 31.41514313,120.6488239 31.41511839,120.6488116 31.41509345,120.6487993 31.41506854,120.6487868 31.41504371,120.6487744 31.41501883,120.648762 31.41499394,120.6487496 31.41496908,120.6487369 31.41494429,120.6487244 31.41491948,120.6487114 31.41489482,120.6486991 31.41486992,120.6486866 31.41484508,120.648673 31.41482068,120.6486609 31.41479565,120.6486486 31.41477077,120.6486356 31.41474609,120.6486232 31.41472122,120.6486108 31.41469636,120.6485982 31.41467153,120.6485857 31.41464669,120.6485727 31.41462205,120.6485605 31.41459707,120.6485482 31.41457216,120.6485363 31.41454711,120.6485234 31.41452239,)
180:LineString(120.6482844 31.41446447,120.6482576 31.41447889,120.6482315 31.41449411,120.6482057 31.41450963,120.6481797 31.41452495,120.6481534 31.41453996,120.6481269 31.41455477,120.6481005 31.4145691,120.648072 31.4145838,120.6480471 31.41459754,120.6480196 31.41461115,120.6479934 31.41462542,120.6479653 31.41463839,120.6479375 31.41465366,120.6479121 31.41466446,120.6478859 31.41467925,120.6478589 31.41469275,120.6478317 31.41470618,120.6478051 31.4147205,120.6477778 31.41473395,120.6477508 31.41474802,120.6477237 31.41476189,120.6476967 31.41477586,120.6476697 31.41478982,120.6476427 31.41480389,120.6476157 31.41481789,120.6475888 31.41483196,120.6475618 31.41484603,120.6475349 31.41486008,120.6475079 31.41487415,120.6474811 31.41488841,120.6474542 31.41490252,120.6474273 31.41491663,120.6474003 31.4149306,120.6473733 31.41494457,120.6473463 31.41495865,120.6473195 31.41497288,120.6472926 31.41498702,120.6472657 31.41500112,120.6472388 31.41501523,120.6472118 31.41502934,120.6471849 31.41504339,120.6471581 31.4150576,120.6471311 31.41507174,120.6471042 31.41508582,120.6470773 31.41509995,120.6470504 31.41511403,120.6470235 31.41512816,120.6469966 31.41514226,120.6469697 31.41515641,120.6469427 31.41517043,120.6469158 31.41518451,120.646889 31.41519886,120.6468621 31.415213,120.6468352 31.41522712,120.6468083 31.41524119,120.6467813 31.41525522,120.6467543 31.41526925,120.6467273 31.41528322,120.6467003 31.41529719,120.6466732 31.41531113,120.6466462 31.41532515,120.6466193 31.41533928,)
181:LineString(120.6482778 31.41442792,120.6482522 31.41444378,120.6482266 31.41445954,120.648201 31.41447543,120.6481753 31.4144911,120.6481492 31.41450634,120.6481229 31.41452128,120.6480964 31.41453593,120.6480699 31.41455034,120.6480429 31.41456426,120.6480155 31.41457826,120.6479896 31.41459203,120.6479623 31.41460462,120.6479347 31.41461853,120.6479077 31.41463181,120.64788 31.41464518,120.6478536 31.41465966,120.6478263 31.41467251,120.6477996 31.41468685,120.6477725 31.41470064,120.6477454 31.41471451,120.6477185 31.41472863,120.6476915 31.41474257,120.6476646 31.41475663,120.6476376 31.4147707,120.6476107 31.41478477,120.6475837 31.41479884,120.6475568 31.41481299,120.6475298 31.414827,120.6475029 31.41484113,120.6474761 31.41485533,120.6474491 31.41486938,120.6474223 31.41488358,120.6473953 31.41489755,120.6473683 31.4149116,120.6473413 31.41492554,120.6473145 31.4149398,120.6472875 31.41495389,120.6472607 31.4149681,120.6472337 31.41498211,120.6472068 31.41499627,120.6471799 31.41501034,120.647153 31.41502447,120.647126 31.41503852,120.6470991 31.41505261,120.6470721 31.41506664,120.6470451 31.41508066,120.6470182 31.41509469,120.6469912 31.41510876,120.6469643 31.41512287,120.6469373 31.41513692,120.6469104 31.41515106,120.6468833 31.4151649,120.6468564 31.41517901,120.6468295 31.41519317,120.6468026 31.41520727,120.6467756 31.41522135,120.6467487 31.41523538,120.6467217 31.41524938,120.6466947 31.41526334,120.6466676 31.41527719,120.6466407 31.4152913,120.6466138 31.41530544,120.6465866 31.41531921,)
182:LineString(120.6482731 31.41439075,120.6482478 31.41440694,120.6482224 31.41442305,120.6481968 31.41443887,120.6481712 31.4144546,120.6481453 31.41447011,120.6481192 31.41448528,120.6480928 31.4145002,120.6480664 31.41451483,120.6480391 31.41452951,120.6480132 31.4145432,120.647986 31.41455684,120.6479588 31.41457043,120.6479307 31.41458367,120.6479025 31.41459913,120.6478766 31.41461036,120.6478508 31.41462517,120.647824 31.41463859,120.6477969 31.41465219,120.6477703 31.41466671,120.6477432 31.41468045,120.6477161 31.4146943,120.6476889 31.41470805,120.6476618 31.41472183,120.6476347 31.41473565,120.6476073 31.41474911,120.6475801 31.41476261,120.6475521 31.41477508,120.6475245 31.41478805,120.6474956 31.4147986,120.6474696 31.41481407,)
183:LineString(120.6475984 31.41475949,120.6475714 31.4147735,120.6475445 31.41478768,120.6475177 31.41480197,120.6474909 31.41481617,120.6474639 31.4148302,120.6474369 31.4148442,120.6474099 31.41485818,120.647383 31.41487231,120.6473559 31.41488626,120.6473289 31.41490015,120.6473022 31.41491446,120.6472752 31.41492849,120.6472484 31.41494264,120.6472215 31.41495683,120.6471945 31.41497083,120.6471676 31.41498493,120.6471406 31.41499899,120.6471137 31.41501301,120.6470867 31.41502712,120.6470597 31.41504111,120.6470328 31.41505514,120.6470056 31.41506893,120.6469787 31.41508297,120.6469518 31.41509714,120.6469248 31.41511116,120.6468983 31.41512589,120.6468703 31.41513833,120.6468429 31.41515181,120.6468161 31.41516621,120.6467891 31.41518018,120.6467622 31.41519419,120.6467351 31.41520807,120.646708 31.4152218,120.6466807 31.41523519,120.6466533 31.41524828,120.6466259 31.41526094,120.6465981 31.41527369,120.6465698 31.41528563,)
184:LineString(120.6463963 31.41542004,120.6463692 31.41543392,120.6463423 31.41544799,120.6463153 31.41546203,120.6462884 31.41547613,120.6462615 31.41549022,120.6462345 31.41550432,120.6462076 31.41551833,120.6461795 31.41553316,120.6461538 31.41554646,120.6461268 31.41556061,120.6460999 31.41557471,120.6460729 31.41558871,120.646046 31.41560282,120.646019 31.41561683,120.6459921 31.41563089,120.6459651 31.41564493,120.6459381 31.41565896,120.6459112 31.41567311,120.6458843 31.41568716,120.6458574 31.41570137,120.6458305 31.41571548,120.6458037 31.41572971,120.6457767 31.41574377,120.6457498 31.41575793,120.6457229 31.41577207,120.645696 31.41578611,120.645669 31.4158002,120.6456421 31.41581429,120.6456151 31.41582835,120.6455882 31.41584242,120.6455612 31.41585643,120.6455342 31.41587047,120.6455072 31.41588448,120.6454802 31.41589848,120.6454532 31.41591248,120.6454263 31.41592656,120.6453994 31.41594064,120.6453724 31.41595476,120.6453456 31.41596893,120.6453187 31.41598315,120.6452918 31.41599731,120.6452649 31.41601144,120.645238 31.41602558,120.6452111 31.41603966,120.6451842 31.41605373,120.6451572 31.41606777,120.6451302 31.41608172,120.6451032 31.41609572,120.6450762 31.41610977,120.6450492 31.41612382,120.6450223 31.41613794,120.6449954 31.4161521,120.6449686 31.41616629,120.6449417 31.41618043,120.6449148 31.41619457,120.6448878 31.41620862,120.6448609 31.41622274,120.644834 31.41623682,120.6448072 31.41625119,)
185:LineString(120.6464331 31.41543701,120.6464062 31.41545111,120.6463792 31.41546524,120.6463524 31.41547941,120.6463254 31.41549351,120.6462985 31.41550763,120.6462717 31.4155218,120.6462448 31.41553596,120.6462179 31.41555015,120.646191 31.41556432,120.6461643 31.41557861,120.6461373 31.41559261,120.6461104 31.41560679,120.6460834 31.41562072,120.6460563 31.41563461,120.6460293 31.41564855,120.6460022 31.41566242,120.6459752 31.41567641,120.6459482 31.41569044,120.6459212 31.41570443,120.6458942 31.41571849,120.6458673 31.41573264,120.6458404 31.4157467,120.6458135 31.4157609,120.6457867 31.41577506,120.6457598 31.41578919,120.6457329 31.41580335,120.6457059 31.41581739,120.645679 31.41583148,120.6456521 31.41584561,120.6456251 31.41585967,120.6455981 31.41587371,120.6455712 31.41588776,120.6455442 31.41590178,120.6455172 31.41591577,120.6454902 31.41592976,120.6454632 31.41594374,120.6454362 31.4159578,120.6454093 31.41597194,120.6453824 31.41598599,120.6453555 31.41600018,120.6453286 31.41601435,120.6453017 31.41602852,120.6452748 31.41604265,120.6452479 31.41605674,120.645221 31.41607089,120.645194 31.41608492,120.6451671 31.41609897,120.6451401 31.41611294,120.6451131 31.41612701,120.6450861 31.41614098,120.6450591 31.41615505,120.6450322 31.41616907,120.6450052 31.41618311,120.6449783 31.41619719,120.6449513 31.41621121,120.6449244 31.41622537,120.6448974 31.41623942,120.6448705 31.41625349,120.6448435 31.4162675,120.6448166 31.4162816,)
186:LineString(120.6463951 31.41538385,120.6463682 31.41539794,120.6463413 31.41541211,120.6463142 31.4154259,120.6462871 31.41543981,120.64626 31.41545371,120.6462331 31.41546779,120.6462062 31.41548179,120.6461792 31.41549586,120.6461523 31.41550997,120.6461255 31.41552416,120.6460985 31.41553821,120.6460715 31.41555217,120.6460448 31.41556652,120.6460178 31.41558056,120.645991 31.41559477,120.6459642 31.41560909,120.6459372 31.41562306,120.6459104 31.4156373,120.6458835 31.41565149,120.6458565 31.41566543,120.6458297 31.41567967,120.6458026 31.41569362,120.6457758 31.4157078,120.6457488 31.4157218,120.6457217 31.41573573,120.645695 31.41575006,120.645668 31.41576407,120.6456412 31.41577832,120.6456142 31.41579231,120.645588 31.4158073,120.6455614 31.41582184,120.6455348 31.41583642,120.6455083 31.41585108,120.6454815 31.41586541,120.6454541 31.41587929,120.6454283 31.41589414,120.6453983 31.41590825,120.645375 31.41592109,120.6453481 31.41593551,120.6453211 31.41594934,120.6452943 31.41596361,120.6452675 31.41597783,120.6452405 31.4159919,120.6452136 31.41600598,120.6451866 31.41602006,120.6451598 31.41603422,120.6451327 31.41604813,120.6451057 31.41606212,120.6450787 31.41607604,120.6450518 31.41609025,120.6450249 31.41610433,120.6449981 31.41611859,120.6449712 31.4161328,120.6449443 31.41614687,120.6449175 31.41616127,120.6448908 31.41617557,120.6448637 31.41618944,120.6448367 31.41620347,120.6448098 31.41621759,120.6447841 31.41623331,)
187:LineString(120.6463703 31.41552773,120.6463426 31.41554071,120.6463152 31.41555413,120.6462881 31.41556798,120.6462613 31.41558223,120.6462347 31.41559688,120.6462085 31.41561194,120.6461828 31.41562759,)
188:LineString(120.6454908 31.41595604,120.6454642 31.41597061,120.6454377 31.4159852,120.6454111 31.41599983,120.6453848 31.4160148,120.6453585 31.41602967,120.645332 31.41604433,120.6453053 31.41605872,120.6452785 31.41607301,120.6452518 31.41608741,)
189:LineString(120.6444105 31.41642399,120.6443834 31.41643795,120.6443559 31.41645118,120.644329 31.41646526,120.6443021 31.41647935,120.6442752 31.41649353,120.6442483 31.41650768,120.6442215 31.41652181,120.6441943 31.41653561,120.6441672 31.41654936,120.6441401 31.41656265,120.6441133 31.41657693,120.6440866 31.4165912,120.6440597 31.41660532,120.6440327 31.41661936,120.6440049 31.41663215,120.643977 31.41664481,120.6439491 31.41665747,120.6439202 31.41666921,120.6438929 31.41668277,120.643864 31.41669266,120.6438368 31.41670587,120.6438075 31.41671605,120.6437798 31.41672894,120.6437491 31.41673396,)
190:LineString(120.644479 31.41652096,120.6444512 31.41653379,120.6444227 31.4165452,120.6443948 31.41655779,120.6443666 31.41657002,120.6443387 31.41658241,120.6443115 31.41659592,120.6442844 31.41660974,120.6442574 31.41662371,120.6442307 31.41663812,)
191:LineString(120.6444377 31.41647906,120.6444108 31.41649314,120.644384 31.41650741,120.644357 31.41652144,120.64433 31.41653546,120.6443031 31.4165495,120.6442762 31.41656367,120.6442493 31.41657775,120.6442224 31.41659197,120.6441955 31.41660602,120.6441688 31.41662038,120.6441417 31.41663418,120.6441149 31.41664835,120.644088 31.41666254,120.644061 31.41667658,120.6440342 31.41669076,120.6440073 31.41670491,120.6439803 31.41671894,120.6439535 31.41673315,120.6439266 31.41674729,120.6438997 31.41676151,120.6438728 31.41677565,120.643846 31.41678983,120.643819 31.41680385,120.643792 31.4168179,120.643765 31.41683183,120.6437379 31.41684578,120.643711 31.41685979,120.643684 31.41687384,120.6436571 31.41688803,120.6436302 31.41690208,120.6436034 31.41691634,120.6435765 31.41693055,120.6435496 31.41694465,120.6435226 31.41695862,120.6434956 31.41697272,120.6434686 31.41698675,120.6434425 31.41700182,)
192:LineString(120.6444176 31.416455,120.6443907 31.41646908,120.6443637 31.41648313,120.6443367 31.4164971,120.6443097 31.41651111,120.6442828 31.41652521,120.6442559 31.41653932,120.6442289 31.41655343,120.644202 31.41656751,120.6441751 31.41658158,120.6441481 31.41659564,120.6441212 31.41660979,120.6440943 31.41662393,120.6440674 31.41663811,120.6440405 31.41665216,120.6440136 31.41666634,120.6439867 31.41668043,120.6439598 31.41669453,120.6439328 31.41670865,120.6439059 31.4167228,120.643879 31.41673689,120.6438522 31.41675112,120.6438252 31.41676519,120.6437983 31.41677935,120.6437713 31.41679332,120.6437444 31.41680741,120.6437173 31.41682132,120.6436904 31.41683538,120.6436634 31.41684942,120.6436365 31.41686351,120.6436095 31.41687757,120.6435825 31.41689154,120.6435556 31.41690572,120.6435287 31.41691982,120.6435017 31.4169338,120.6434747 31.4169478,120.6434476 31.41696172,120.6434212 31.41697645,)
193:LineString(120.6439277 31.4166816,120.6439005 31.4166954,120.6438736 31.41670945,120.6438467 31.4167236,120.6438198 31.41673776,120.6437928 31.41675184,120.6437659 31.41676585,120.6437389 31.41677985,120.6437118 31.41679375,120.6436848 31.41680769,120.6436579 31.41682185,120.6436309 31.41683592,120.6436038 31.41684984,120.6435766 31.41686339,120.6435497 31.41687765,120.6435226 31.41689143,120.6434951 31.41690476,120.6434679 31.41691838,120.6434402 31.41693138,120.6434143 31.41694686,)
194:LineString(120.6432167 31.41709624,120.6431907 31.41711151,120.6431646 31.41712671,120.6431385 31.41714188,120.6431124 31.41715711,)
195:LineString(120.6433038 31.41710317,120.6433219 31.41712532,120.6433397 31.41714769,120.6433578 31.41716984,120.6433756 31.41719217,120.6433932 31.41721461,120.6434104 31.41723728,120.6434273 31.41726014,120.6434438 31.41728316,120.6434604 31.41730625,120.6434772 31.41732904,120.6434924 31.41735223,120.6435078 31.41737615,120.6435248 31.4173991,120.64354 31.41742263,120.6435576 31.41744566,120.6435727 31.41746864,120.6435893 31.41749177,120.6436057 31.41751482,120.6436217 31.41753816,120.6436383 31.41756116,120.6436546 31.41758431,)
196:LineString(120.6433406 31.417102,120.6433581 31.4171245,120.6433754 31.41714712,120.6433927 31.41716975,120.6434099 31.41719242,120.643427 31.4172152,120.6434438 31.41723806,120.6434607 31.41726096,120.6434774 31.4172839,120.6434941 31.41730689,120.6435108 31.41732949,120.6435261 31.41735337,120.6435424 31.41737663,120.6435576 31.41739991,120.6435748 31.41742252,120.643591 31.4174457,120.6436073 31.41746888,120.6436245 31.41749159,120.6436404 31.41751494,120.6436574 31.41753773,120.6436738 31.41756086,120.6436904 31.41758387,)
197:LineString(120.6434032 31.41712982,120.6434205 31.41715244,120.6434376 31.41717516,120.6434547 31.41719794,120.6434716 31.41722078,120.6434885 31.41724363,120.6435052 31.41726658,120.6435218 31.41728956,120.6435384 31.41731257,120.6435551 31.41733551,120.6435716 31.41735859,120.6435881 31.41738163,120.6436044 31.41740478,120.6436212 31.41742766,120.6436374 31.41745087,120.6436539 31.41747392,120.6436702 31.4174971,120.6436863 31.41752035,120.6437033 31.41754313,120.6437196 31.4175663,)
198:LineString(120.6435293 31.41726149,120.6435466 31.41728417,120.6435632 31.41730714,120.64358 31.41733008,120.6435967 31.41735303,120.6436133 31.417376,120.64363 31.417399,120.6436465 31.41742202,120.6436631 31.41744504,120.6436797 31.41746806,120.6436963 31.41749105,120.6437129 31.41751406,)
